{"t":39581,"th":[{"kind":0,"id":1,"name":"purple","instid":0,"sk":[{"id":9}],"status":[],"stats":[null,[1,null,0],[0,null,5,0],[20,null,20,0],[10,null,10,0],[10,null,10,0],[1,null,0],[1,null,0],[1,null,0],[1,null,0],[0,null,0],[0,null,0],[1,null,0],[0,null,0],[0,null,0],[0,null,0],[0,null,0],[0,null,0],[0,null,0],[0,null,0],[0,null,0],[0,null,0],[0,null,0],[0,null,0],[0,null,0],[0,null,0],[0,null,0],[0,null,0],[0,null,0]],"equip":[null,null,null,null,null,null,null,null],"exp":{},"battler":null,"face":null,"faceX":null,"faceY":null}],"sh":[],"hh":[],"itm":[],"cur":[null,0,0],"cure":[null,0,0],"curu":[null,0,0],"inst":1,"vars":[0,0,0,0,0,0,0,0,0,0,0,0,0,0,0,0,0,0,0,0,0,0,4,0,0,0,0,0,0,0,0,0,0,0,0,0,0,0,0,0,0,0,0,0,0,0,0,0,0,0,0,0,0,0,0,0,0,0,0,0,0,0,0,0,0,0,0,0,0,0,0,0,0,0,0,0,0,0,0,0,0,0,0,0,0,0,0,0,0,0,0,0,0,0,0,0,0,0,0,0,0,0,0,0,0,0,0,0,0,0,0,0,0,0,0,0,0,0,0,0,0,0,0,0,0,0],"currentMapId":11,"heroPosition":[116.63553395967973,0,111.9692451730456],"heroStates":[1],"heroProp":[false],"heroStatesOpts":[],"startS":{"1":[1],"10":[1],"11":[1]},"startP":{},"mapsP":{},"shops":{},"steps":626,"saves":2,"battles":0,"chronos":[],"textures":{"tilesets":{},"autotiles":{},"walls":{},"objects3D":{},"mountains":{}},"mapsDatas":{"1":[[[],[[{},{},{},{}]]],[[],[[{},{},{},{}]]],[[],[[{},{},{},{}]]],[[],[[{},{},{},{}]]]],"10":[[[],[[{}]]]],"11":[[[],[[{"si":[1,2],"s":[[4],[3]]}]]]]}}