{"t":83694,"th":[{"kind":0,"id":1,"name":"boopD","instid":0,"sk":[{"id":6}],"status":[],"stats":[null,[1,null,0],[0,null,5,0],[20,null,20,0],[10,null,10,0],[10,null,10,0],[1,null,0],[1,null,0],[1,null,0],[1,null,0],[0,null,0],[0,null,0],[1,null,0],[0,null,0],[0,null,0],[0,null,0],[0,null,0],[0,null,0],[0,null,0],[0,null,0],[0,null,0],[0,null,0],[0,null,0],[0,null,0],[0,null,0],[0,null,0],[0,null,0],[0,null,0],[0,null,0]],"equip":[null,null,null,null,null,null,null,null],"exp":{},"battler":null,"face":null,"faceX":null,"faceY":null}],"sh":[],"hh":[],"itm":[],"cur":[null,0,0],"cure":[null,0,0],"curu":[null,0,0],"inst":1,"vars":[0,0,0,0,true,0,0,0,0,0,0,0,0,0,0,0,0,0,0,0,0,0,0,0,0,0,0,0,0,0,0,0,0,0,0,0,0,0,0,0,0,0,0,0,0,0,0,0,0,0,0,0,0,0,0,0,0,0,0,0,0,0,0,0,0,0,0,0,0,0,0,0,0,0,0,0,0,0,0,0,0,0,0,0,0,0,0,0,0,0,0,0,0,0,0,0,0,0,0,0,0,0,0,0,0,0,0,0,0,0,0,0,0,0,0,0,0,0,0,0,0,0,0,0,0,0],"currentMapId":3,"heroPosition":[5.59598356673002,0,174.47006473913854],"heroStates":[1],"heroProp":[false],"heroStatesOpts":[],"startS":{"1":[1],"3":[1],"4":[1]},"startP":{},"mapsP":{},"shops":{},"steps":3918,"saves":1,"battles":0,"chronos":[],"textures":{"tilesets":{},"autotiles":{},"walls":{},"objects3D":{},"mountains":{}},"mapsDatas":{"1":[[[],[[{},{},{},{}]]],[[],[[{},{},{},{}]]],[[],[[{},{},{},{}]]],[[],[[{},{},{},{}]]]],"3":[[[],[[{},{},{}]]],[[],[[{},{},{}]]],[[],[[{},{},{}]]]],"4":[[[],[[{}]]]]}}