{"t":46769,"th":[{"kind":0,"id":1,"name":"purple","instid":0,"sk":[{"id":6}],"status":[],"stats":[null,[1,null,0],[0,null,5,0],[20,null,20,0],[10,null,10,0],[10,null,10,0],[1,null,0],[1,null,0],[1,null,0],[1,null,0],[0,null,0],[0,null,0],[1,null,0],[0,null,0],[0,null,0],[0,null,0],[0,null,0],[0,null,0],[0,null,0],[0,null,0],[0,null,0],[0,null,0],[0,null,0],[0,null,0],[0,null,0],[0,null,0],[0,null,0],[0,null,0],[0,null,0]],"equip":[null,null,null,null,null,null,null,null],"exp":{},"battler":null,"face":null,"faceX":null,"faceY":null}],"sh":[],"hh":[],"itm":[],"cur":[null,0,0],"cure":[null,0,0],"curu":[null,0,0],"inst":1,"vars":[0,0,0,0,0,0,0,1,0,0,0,0,0,0,0,0,0,0,0,0,0,0,0,0,0,0,0,0,0,0,0,0,0,0,0,0,0,0,0,0,0,0,0,0,0,0,0,0,0,0,0,0,0,0,0,0,0,0,0,0,0,0,0,0,0,0,0,0,0,0,0,0,0,0,0,0,0,0,0,0,0,0,0,0,0,0,0,0,0,0,0,0,0,0,0,0,0,0,0,0,0,0,0,0,0,0,0,0,0,0,0,0,0,0,0,0,0,0,0,0,0,0,0,0,0,0],"currentMapId":5,"heroPosition":[196.4274060825126,0,141.3202664686675],"heroStates":[1],"heroProp":[false],"heroStatesOpts":[],"startS":{"1":[1],"3":[1],"5":[1]},"startP":{},"mapsP":{},"shops":{},"steps":1418,"saves":1,"battles":0,"chronos":[],"textures":{"tilesets":{},"autotiles":{},"walls":{},"objects3D":{},"mountains":{}},"mapsDatas":{"1":[[[],[[{},{},{},{}]]],[[],[[{},{"si":[5],"s":[[2]]},{},{}]]],[[],[[{},{},{},{}]]],[[],[[{},{},{},{}]]]],"3":[[[],[[{},{"si":[2],"s":[[2]]},{}]]],[[],[[{},{"si":[5],"s":[[2]]},{}]]],[[],[[{},{},{}]]]],"5":[[[],[[{}]]]]}}