{"lands":{"autotiles":[],"floors":[{"k":[14,0,0,15,0],"v":{"t":[5,0]}},{"k":[15,0,0,14,0],"v":{"t":[5,0]}},{"k":[15,0,0,15,0],"v":{"t":[5,0]}},{"k":[12,0,0,15,0],"v":{"t":[5,0]}},{"k":[13,0,0,14,0],"v":{"t":[5,0]}},{"k":[14,0,0,13,0],"v":{"t":[5,0]}},{"k":[15,0,0,12,0],"v":{"t":[5,0]}},{"k":[13,0,0,15,0],"v":{"t":[5,0]}},{"k":[14,0,0,14,0],"v":{"t":[5,0]}},{"k":[15,0,0,13,0],"v":{"t":[5,0]}},{"k":[10,0,0,15,0],"v":{"t":[5,0]}},{"k":[11,0,0,14,0],"v":{"t":[5,0]}},{"k":[12,0,0,13,0],"v":{"t":[5,0]}},{"k":[13,0,0,12,0],"v":{"t":[5,0]}},{"k":[14,0,0,11,0],"v":{"t":[5,0]}},{"k":[15,0,0,10,0],"v":{"t":[5,0]}},{"k":[11,0,0,15,0],"v":{"t":[5,0]}},{"k":[12,0,0,14,0],"v":{"t":[5,0]}},{"k":[13,0,0,13,0],"v":{"t":[5,0]}},{"k":[14,0,0,12,0],"v":{"t":[5,0]}},{"k":[15,0,0,11,0],"v":{"t":[5,0]}},{"k":[0,0,0,15,0],"v":{"t":[5,0]}},{"k":[1,0,0,14,0],"v":{"t":[5,0]}},{"k":[2,0,0,13,0],"v":{"t":[5,0]}},{"k":[3,0,0,12,0],"v":{"t":[5,0]}},{"k":[4,0,0,11,0],"v":{"t":[5,0]}},{"k":[5,0,0,10,0],"v":{"t":[5,0]}},{"k":[7,0,0,8,0],"v":{"t":[5,0]}},{"k":[8,0,0,7,0],"v":{"t":[5,0]}},{"k":[9,0,0,6,0],"v":{"t":[5,0]}},{"k":[10,0,0,5,0],"v":{"t":[5,0]}},{"k":[11,0,0,4,0],"v":{"t":[5,0]}},{"k":[12,0,0,3,0],"v":{"t":[5,0]}},{"k":[13,0,0,2,0],"v":{"t":[5,0]}},{"k":[14,0,0,1,0],"v":{"t":[5,0]}},{"k":[15,0,0,0,0],"v":{"t":[5,0]}},{"k":[6,0,0,9,0],"v":{"t":[7,0]}},{"k":[1,0,0,15,0],"v":{"t":[5,0]}},{"k":[2,0,0,14,0],"v":{"t":[5,0]}},{"k":[3,0,0,13,0],"v":{"t":[5,0]}},{"k":[4,0,0,12,0],"v":{"t":[5,0]}},{"k":[5,0,0,11,0],"v":{"t":[5,0]}},{"k":[7,0,0,9,0],"v":{"t":[5,0]}},{"k":[8,0,0,8,0],"v":{"t":[5,0]}},{"k":[9,0,0,7,0],"v":{"t":[5,0]}},{"k":[10,0,0,6,0],"v":{"t":[5,0]}},{"k":[11,0,0,5,0],"v":{"t":[5,0]}},{"k":[12,0,0,4,0],"v":{"t":[5,0]}},{"k":[13,0,0,3,0],"v":{"t":[5,0]}},{"k":[14,0,0,2,0],"v":{"t":[5,0]}},{"k":[15,0,0,1,0],"v":{"t":[5,0]}},{"k":[6,0,0,10,0],"v":{"t":[7,0]}},{"k":[0,0,0,13,0],"v":{"t":[5,0]}},{"k":[1,0,0,12,0],"v":{"t":[5,0]}},{"k":[2,0,0,11,0],"v":{"t":[5,0]}},{"k":[3,0,0,10,0],"v":{"t":[5,0]}},{"k":[4,0,0,9,0],"v":{"t":[5,0]}},{"k":[5,0,0,8,0],"v":{"t":[5,0]}},{"k":[6,0,0,7,0],"v":{"t":[5,0]}},{"k":[7,0,0,6,0],"v":{"t":[5,0]}},{"k":[8,0,0,5,0],"v":{"t":[5,0]}},{"k":[9,0,0,4,0],"v":{"t":[5,0]}},{"k":[10,0,0,3,0],"v":{"t":[5,0]}},{"k":[11,0,0,2,0],"v":{"t":[5,0]}},{"k":[12,0,0,1,0],"v":{"t":[5,0]}},{"k":[13,0,0,0,0],"v":{"t":[5,0]}},{"k":[0,0,0,14,0],"v":{"t":[5,0]}},{"k":[1,0,0,13,0],"v":{"t":[5,0]}},{"k":[2,0,0,12,0],"v":{"t":[5,0]}},{"k":[3,0,0,11,0],"v":{"t":[5,0]}},{"k":[4,0,0,10,0],"v":{"t":[5,0]}},{"k":[5,0,0,9,0],"v":{"t":[5,0]}},{"k":[6,0,0,8,0],"v":{"t":[5,0]}},{"k":[7,0,0,7,0],"v":{"t":[5,0]}},{"k":[8,0,0,6,0],"v":{"t":[5,0]}},{"k":[9,0,0,5,0],"v":{"t":[5,0]}},{"k":[10,0,0,4,0],"v":{"t":[5,0]}},{"k":[11,0,0,3,0],"v":{"t":[5,0]}},{"k":[12,0,0,2,0],"v":{"t":[5,0]}},{"k":[13,0,0,1,0],"v":{"t":[5,0]}},{"k":[14,0,0,0,0],"v":{"t":[5,0]}},{"k":[0,0,0,11,0],"v":{"t":[5,0]}},{"k":[1,0,0,10,0],"v":{"t":[5,0]}},{"k":[2,0,0,9,0],"v":{"t":[5,0]}},{"k":[3,0,0,8,0],"v":{"t":[5,0]}},{"k":[4,0,0,7,0],"v":{"t":[5,0]}},{"k":[5,0,0,6,0],"v":{"t":[5,0]}},{"k":[6,0,0,5,0],"v":{"t":[5,0]}},{"k":[7,0,0,4,0],"v":{"t":[5,0]}},{"k":[8,0,0,3,0],"v":{"t":[5,0]}},{"k":[9,0,0,2,0],"v":{"t":[5,0]}},{"k":[10,0,0,1,0],"v":{"t":[5,0]}},{"k":[11,0,0,0,0],"v":{"t":[5,0]}},{"k":[0,0,0,12,0],"v":{"t":[5,0]}},{"k":[1,0,0,11,0],"v":{"t":[5,0]}},{"k":[2,0,0,10,0],"v":{"t":[5,0]}},{"k":[3,0,0,9,0],"v":{"t":[5,0]}},{"k":[4,0,0,8,0],"v":{"t":[5,0]}},{"k":[5,0,0,7,0],"v":{"t":[5,0]}},{"k":[6,0,0,6,0],"v":{"t":[5,0]}},{"k":[7,0,0,5,0],"v":{"t":[5,0]}},{"k":[8,0,0,4,0],"v":{"t":[5,0]}},{"k":[9,0,0,3,0],"v":{"t":[5,0]}},{"k":[10,0,0,2,0],"v":{"t":[5,0]}},{"k":[11,0,0,1,0],"v":{"t":[5,0]}},{"k":[12,0,0,0,0],"v":{"t":[5,0]}},{"k":[0,0,0,9,0],"v":{"t":[5,0]}},{"k":[1,0,0,8,0],"v":{"t":[5,0]}},{"k":[2,0,0,7,0],"v":{"t":[5,0]}},{"k":[3,0,0,6,0],"v":{"t":[5,0]}},{"k":[4,0,0,5,0],"v":{"t":[5,0]}},{"k":[5,0,0,4,0],"v":{"t":[5,0]}},{"k":[6,0,0,3,0],"v":{"t":[5,0]}},{"k":[7,0,0,2,0],"v":{"t":[5,0]}},{"k":[8,0,0,1,0],"v":{"t":[5,0]}},{"k":[9,0,0,0,0],"v":{"t":[5,0]}},{"k":[0,0,0,10,0],"v":{"t":[5,0]}},{"k":[1,0,0,9,0],"v":{"t":[5,0]}},{"k":[2,0,0,8,0],"v":{"t":[5,0]}},{"k":[3,0,0,7,0],"v":{"t":[5,0]}},{"k":[4,0,0,6,0],"v":{"t":[5,0]}},{"k":[5,0,0,5,0],"v":{"t":[5,0]}},{"k":[6,0,0,4,0],"v":{"t":[5,0]}},{"k":[7,0,0,3,0],"v":{"t":[5,0]}},{"k":[8,0,0,2,0],"v":{"t":[5,0]}},{"k":[9,0,0,1,0],"v":{"t":[5,0]}},{"k":[10,0,0,0,0],"v":{"t":[5,0]}},{"k":[9,0,0,14,0],"v":{"t":[5,0]}},{"k":[10,0,0,13,0],"v":{"t":[5,0]}},{"k":[11,0,0,12,0],"v":{"t":[5,0]}},{"k":[12,0,0,11,0],"v":{"t":[5,0]}},{"k":[13,0,0,10,0],"v":{"t":[5,0]}},{"k":[14,0,0,9,0],"v":{"t":[5,0]}},{"k":[15,0,0,8,0],"v":{"t":[5,0]}},{"k":[8,0,0,15,0],"v":{"t":[7,0]}},{"k":[9,0,0,15,0],"v":{"t":[5,0]}},{"k":[10,0,0,14,0],"v":{"t":[5,0]}},{"k":[11,0,0,13,0],"v":{"t":[5,0]}},{"k":[12,0,0,12,0],"v":{"t":[5,0]}},{"k":[13,0,0,11,0],"v":{"t":[5,0]}},{"k":[14,0,0,10,0],"v":{"t":[5,0]}},{"k":[15,0,0,9,0],"v":{"t":[5,0]}},{"k":[6,0,0,15,0],"v":{"t":[5,0]}},{"k":[7,0,0,14,0],"v":{"t":[5,0]}},{"k":[9,0,0,12,0],"v":{"t":[5,0]}},{"k":[10,0,0,11,0],"v":{"t":[5,0]}},{"k":[11,0,0,10,0],"v":{"t":[5,0]}},{"k":[12,0,0,9,0],"v":{"t":[5,0]}},{"k":[13,0,0,8,0],"v":{"t":[5,0]}},{"k":[14,0,0,7,0],"v":{"t":[5,0]}},{"k":[15,0,0,6,0],"v":{"t":[5,0]}},{"k":[8,0,0,13,0],"v":{"t":[7,0]}},{"k":[7,0,0,15,0],"v":{"t":[5,0]}},{"k":[9,0,0,13,0],"v":{"t":[5,0]}},{"k":[10,0,0,12,0],"v":{"t":[5,0]}},{"k":[11,0,0,11,0],"v":{"t":[5,0]}},{"k":[12,0,0,10,0],"v":{"t":[5,0]}},{"k":[13,0,0,9,0],"v":{"t":[5,0]}},{"k":[14,0,0,8,0],"v":{"t":[5,0]}},{"k":[15,0,0,7,0],"v":{"t":[5,0]}},{"k":[8,0,0,14,0],"v":{"t":[7,0]}},{"k":[4,0,0,15,0],"v":{"t":[5,0]}},{"k":[5,0,0,14,0],"v":{"t":[5,0]}},{"k":[6,0,0,13,0],"v":{"t":[5,0]}},{"k":[8,0,0,11,0],"v":{"t":[5,0]}},{"k":[9,0,0,10,0],"v":{"t":[5,0]}},{"k":[10,0,0,9,0],"v":{"t":[5,0]}},{"k":[11,0,0,8,0],"v":{"t":[5,0]}},{"k":[12,0,0,7,0],"v":{"t":[5,0]}},{"k":[13,0,0,6,0],"v":{"t":[5,0]}},{"k":[14,0,0,5,0],"v":{"t":[5,0]}},{"k":[15,0,0,4,0],"v":{"t":[5,0]}},{"k":[7,0,0,12,0],"v":{"t":[7,0]}},{"k":[5,0,0,15,0],"v":{"t":[5,0]}},{"k":[6,0,0,14,0],"v":{"t":[5,0]}},{"k":[7,0,0,13,0],"v":{"t":[5,0]}},{"k":[9,0,0,11,0],"v":{"t":[5,0]}},{"k":[10,0,0,10,0],"v":{"t":[5,0]}},{"k":[11,0,0,9,0],"v":{"t":[5,0]}},{"k":[12,0,0,8,0],"v":{"t":[5,0]}},{"k":[13,0,0,7,0],"v":{"t":[5,0]}},{"k":[14,0,0,6,0],"v":{"t":[5,0]}},{"k":[15,0,0,5,0],"v":{"t":[5,0]}},{"k":[8,0,0,12,0],"v":{"t":[7,0]}},{"k":[2,0,0,15,0],"v":{"t":[5,0]}},{"k":[3,0,0,14,0],"v":{"t":[5,0]}},{"k":[4,0,0,13,0],"v":{"t":[5,0]}},{"k":[5,0,0,12,0],"v":{"t":[5,0]}},{"k":[7,0,0,10,0],"v":{"t":[5,0]}},{"k":[8,0,0,9,0],"v":{"t":[5,0]}},{"k":[9,0,0,8,0],"v":{"t":[5,0]}},{"k":[10,0,0,7,0],"v":{"t":[5,0]}},{"k":[11,0,0,6,0],"v":{"t":[5,0]}},{"k":[12,0,0,5,0],"v":{"t":[5,0]}},{"k":[13,0,0,4,0],"v":{"t":[5,0]}},{"k":[14,0,0,3,0],"v":{"t":[5,0]}},{"k":[15,0,0,2,0],"v":{"t":[5,0]}},{"k":[6,0,0,11,0],"v":{"t":[7,0]}},{"k":[3,0,0,15,0],"v":{"t":[5,0]}},{"k":[4,0,0,14,0],"v":{"t":[5,0]}},{"k":[5,0,0,13,0],"v":{"t":[5,0]}},{"k":[6,0,0,12,0],"v":{"t":[5,0]}},{"k":[8,0,0,10,0],"v":{"t":[5,0]}},{"k":[9,0,0,9,0],"v":{"t":[5,0]}},{"k":[10,0,0,8,0],"v":{"t":[5,0]}},{"k":[11,0,0,7,0],"v":{"t":[5,0]}},{"k":[12,0,0,6,0],"v":{"t":[5,0]}},{"k":[13,0,0,5,0],"v":{"t":[5,0]}},{"k":[14,0,0,4,0],"v":{"t":[5,0]}},{"k":[15,0,0,3,0],"v":{"t":[5,0]}},{"k":[7,0,0,11,0],"v":{"t":[7,0]}},{"k":[0,0,0,0,0],"v":{"t":[5,0]}},{"k":[0,0,0,7,0],"v":{"t":[5,0]}},{"k":[1,0,0,6,0],"v":{"t":[5,0]}},{"k":[2,0,0,5,0],"v":{"t":[5,0]}},{"k":[3,0,0,4,0],"v":{"t":[5,0]}},{"k":[4,0,0,3,0],"v":{"t":[5,0]}},{"k":[5,0,0,2,0],"v":{"t":[5,0]}},{"k":[6,0,0,1,0],"v":{"t":[5,0]}},{"k":[7,0,0,0,0],"v":{"t":[5,0]}},{"k":[0,0,0,8,0],"v":{"t":[5,0]}},{"k":[1,0,0,7,0],"v":{"t":[5,0]}},{"k":[2,0,0,6,0],"v":{"t":[5,0]}},{"k":[3,0,0,5,0],"v":{"t":[5,0]}},{"k":[4,0,0,4,0],"v":{"t":[5,0]}},{"k":[5,0,0,3,0],"v":{"t":[5,0]}},{"k":[6,0,0,2,0],"v":{"t":[5,0]}},{"k":[7,0,0,1,0],"v":{"t":[5,0]}},{"k":[8,0,0,0,0],"v":{"t":[5,0]}},{"k":[0,0,0,5,0],"v":{"t":[5,0]}},{"k":[1,0,0,4,0],"v":{"t":[5,0]}},{"k":[2,0,0,3,0],"v":{"t":[5,0]}},{"k":[3,0,0,2,0],"v":{"t":[5,0]}},{"k":[4,0,0,1,0],"v":{"t":[5,0]}},{"k":[5,0,0,0,0],"v":{"t":[5,0]}},{"k":[0,0,0,6,0],"v":{"t":[5,0]}},{"k":[1,0,0,5,0],"v":{"t":[5,0]}},{"k":[2,0,0,4,0],"v":{"t":[5,0]}},{"k":[3,0,0,3,0],"v":{"t":[5,0]}},{"k":[4,0,0,2,0],"v":{"t":[5,0]}},{"k":[5,0,0,1,0],"v":{"t":[5,0]}},{"k":[6,0,0,0,0],"v":{"t":[5,0]}},{"k":[0,0,0,3,0],"v":{"t":[5,0]}},{"k":[1,0,0,2,0],"v":{"t":[5,0]}},{"k":[2,0,0,1,0],"v":{"t":[5,0]}},{"k":[3,0,0,0,0],"v":{"t":[5,0]}},{"k":[0,0,0,4,0],"v":{"t":[5,0]}},{"k":[1,0,0,3,0],"v":{"t":[5,0]}},{"k":[2,0,0,2,0],"v":{"t":[5,0]}},{"k":[3,0,0,1,0],"v":{"t":[5,0]}},{"k":[4,0,0,0,0],"v":{"t":[5,0]}},{"k":[0,0,0,1,0],"v":{"t":[5,0]}},{"k":[1,0,0,0,0],"v":{"t":[5,0]}},{"k":[0,0,0,2,0],"v":{"t":[5,0]}},{"k":[1,0,0,1,0],"v":{"t":[5,0]}},{"k":[2,0,0,0,0],"v":{"t":[5,0]}}]},"moun":{"a":[],"o":[]},"objs":{"list":[{"k":[6,0,0,8,0],"v":{"events":[{"id":1,"name":"Hero action","p":[],"r":{"1":{"bh":true,"c":[{"command":[7,0,0,13,7,0,0,12,0,0,0],"kind":20}]}},"sys":false}],"hId":-1,"id":6,"name":"OBJ0006","ooepf":false,"states":[{"cam":true,"climb":false,"dir":false,"gid":-1,"gk":0,"id":1,"move":true,"name":"Normal","pix":true,"pos":false,"stop":false,"sx":{"k":12,"v":1},"sy":{"k":12,"v":1},"sz":{"k":12,"v":1},"through":false,"x":0,"y":0}]}},{"k":[6,0,0,9,0],"v":{"events":[{"id":2,"name":"Hero touch","p":[],"r":{"1":{"bh":true,"c":[{"command":[7,0,0,13,8,0,0,12,0,0,0],"kind":20}]}},"sys":false}],"hId":-1,"id":7,"name":"OBJ0007","ooepf":false,"states":[{"cam":true,"climb":false,"dir":false,"gid":-1,"gk":0,"id":1,"move":true,"name":"Normal","pix":true,"pos":false,"stop":false,"sx":{"k":12,"v":1},"sy":{"k":12,"v":1},"sz":{"k":12,"v":1},"through":false,"x":0,"y":0}]}}]},"objs3d":{"a":[{"k":[6,0,0,8,0],"v":{"did":47}}],"o":[]},"sprites":{"list":[{"k":[10,0,0,8,0],"v":{"k":6,"t":[0,15,1,1]}}],"overflow":[],"walls":[{"k":[9,0,0,0,0,50,0,0],"v":{"k":1,"w":5}},{"k":[10,0,0,0,0,50,0,0],"v":{"k":1,"w":5}},{"k":[7,0,0,0,0,50,0,0],"v":{"k":1,"w":5}},{"k":[8,0,0,0,0,50,0,0],"v":{"k":1,"w":5}},{"k":[0,0,0,7,0,0,50,90],"v":{"k":1,"w":5}},{"k":[5,0,0,0,0,50,0,0],"v":{"k":1,"w":5}},{"k":[6,0,0,0,0,50,0,0],"v":{"k":1,"w":5}},{"k":[0,0,0,8,0,0,50,90],"v":{"k":1,"w":5}},{"k":[0,0,0,5,0,0,50,90],"v":{"k":1,"w":5}},{"k":[3,0,0,0,0,50,0,0],"v":{"k":1,"w":5}},{"k":[0,0,0,6,0,0,50,90],"v":{"k":1,"w":5}},{"k":[4,0,0,0,0,50,0,0],"v":{"k":1,"w":5}},{"k":[0,0,0,3,0,0,50,90],"v":{"k":1,"w":5}},{"k":[0,0,0,4,0,0,50,90],"v":{"k":1,"w":5}},{"k":[0,0,0,1,0,0,50,90],"v":{"k":1,"w":5}},{"k":[0,0,0,2,0,0,50,90],"v":{"k":1,"w":5}},{"k":[0,0,0,15,0,0,50,90],"v":{"k":1,"w":5}},{"k":[0,0,0,13,0,0,50,90],"v":{"k":1,"w":5}},{"k":[15,0,0,0,0,50,0,0],"v":{"k":1,"w":5}},{"k":[0,0,0,14,0,0,50,90],"v":{"k":1,"w":5}},{"k":[0,0,0,11,0,0,50,90],"v":{"k":1,"w":5}},{"k":[13,0,0,0,0,50,0,0],"v":{"k":1,"w":5}},{"k":[0,0,0,12,0,0,50,90],"v":{"k":1,"w":5}},{"k":[14,0,0,0,0,50,0,0],"v":{"k":1,"w":5}},{"k":[0,0,0,9,0,0,50,90],"v":{"k":1,"w":5}},{"k":[11,0,0,0,0,50,0,0],"v":{"k":1,"w":5}},{"k":[0,0,0,10,0,0,50,90],"v":{"k":1,"w":5}},{"k":[12,0,0,0,0,50,0,0],"v":{"k":1,"w":5}},{"k":[1,0,0,0,0,50,0,0],"v":{"k":1,"w":5}},{"k":[0,0,0,0,0,0,50,90],"v":{"k":2,"w":5}},{"k":[2,0,0,0,0,50,0,0],"v":{"k":1,"w":5}},{"k":[0,0,0,0,0,50,0,0],"v":{"k":0,"w":5}}]}}