{"lands":{"autotiles":[{"k":[2,0,0,34,0],"v":{"id":1,"t":[3,0],"tid":223}},{"k":[3,0,0,34,0],"v":{"id":1,"t":[3,0],"tid":477}},{"k":[2,0,0,35,0],"v":{"id":1,"t":[3,0],"tid":636}},{"k":[4,0,0,34,0],"v":{"id":1,"t":[3,0],"tid":413}},{"k":[2,0,0,36,0],"v":{"id":1,"t":[3,0],"tid":520}},{"k":[3,0,0,35,0],"v":{"id":1,"t":[1,1],"tid":159}},{"k":[4,0,0,35,0],"v":{"id":1,"t":[3,0],"tid":636}},{"k":[3,0,0,36,0],"v":{"id":1,"t":[3,0],"tid":477}},{"k":[4,0,0,36,0],"v":{"id":1,"t":[3,0],"tid":116}}],"floors":[{"k":[12,0,0,37,0],"v":{"t":[5,0]}},{"k":[13,0,0,36,0],"v":{"t":[5,0]}},{"k":[14,0,0,35,0],"v":{"t":[5,0]}},{"k":[15,0,0,34,0],"v":{"t":[5,0]}},{"k":[11,0,0,38,0],"v":{"t":[5,0]}},{"k":[10,0,0,39,0],"v":{"t":[5,0]}},{"k":[13,0,0,37,0],"v":{"t":[5,0]}},{"k":[14,0,0,36,0],"v":{"t":[5,0]}},{"k":[15,0,0,35,0],"v":{"t":[5,0]}},{"k":[12,0,0,38,0],"v":{"t":[5,0]}},{"k":[11,0,0,39,0],"v":{"t":[5,0]}},{"k":[14,0,0,37,0],"v":{"t":[5,0]}},{"k":[15,0,0,36,0],"v":{"t":[5,0]}},{"k":[13,0,0,38,0],"v":{"t":[5,0]}},{"k":[12,0,0,39,0],"v":{"t":[5,0]}},{"k":[15,0,0,37,0],"v":{"t":[5,0]}},{"k":[14,0,0,38,0],"v":{"t":[5,0]}},{"k":[13,0,0,39,0],"v":{"t":[5,0]}},{"k":[15,0,0,38,0],"v":{"t":[5,0]}},{"k":[14,0,0,39,0],"v":{"t":[5,0]}},{"k":[15,0,0,39,0],"v":{"t":[5,0]}},{"k":[5,0,0,36,0],"v":{"t":[5,0]}},{"k":[9,0,0,32,0],"v":{"t":[5,0]}},{"k":[3,0,0,38,0],"v":{"t":[5,0]}},{"k":[2,0,0,39,0],"v":{"t":[5,0]}},{"k":[4,0,0,37,0],"v":{"t":[5,0]}},{"k":[6,0,0,35,0],"v":{"t":[7,0]}},{"k":[7,0,0,34,0],"v":{"t":[7,0]}},{"k":[8,0,0,33,0],"v":{"t":[7,0]}},{"k":[5,0,0,37,0],"v":{"t":[5,0]}},{"k":[6,0,0,36,0],"v":{"t":[5,0]}},{"k":[9,0,0,33,0],"v":{"t":[5,0]}},{"k":[10,0,0,32,0],"v":{"t":[5,0]}},{"k":[4,0,0,38,0],"v":{"t":[5,0]}},{"k":[3,0,0,39,0],"v":{"t":[5,0]}},{"k":[7,0,0,35,0],"v":{"t":[7,0]}},{"k":[8,0,0,34,0],"v":{"t":[7,0]}},{"k":[6,0,0,37,0],"v":{"t":[5,0]}},{"k":[7,0,0,36,0],"v":{"t":[5,0]}},{"k":[8,0,0,35,0],"v":{"t":[5,0]}},{"k":[9,0,0,34,0],"v":{"t":[5,0]}},{"k":[10,0,0,33,0],"v":{"t":[5,0]}},{"k":[11,0,0,32,0],"v":{"t":[5,0]}},{"k":[5,0,0,38,0],"v":{"t":[5,0]}},{"k":[4,0,0,39,0],"v":{"t":[5,0]}},{"k":[7,0,0,37,0],"v":{"t":[5,0]}},{"k":[8,0,0,36,0],"v":{"t":[5,0]}},{"k":[9,0,0,35,0],"v":{"t":[5,0]}},{"k":[10,0,0,34,0],"v":{"t":[5,0]}},{"k":[11,0,0,33,0],"v":{"t":[5,0]}},{"k":[12,0,0,32,0],"v":{"t":[5,0]}},{"k":[6,0,0,38,0],"v":{"t":[5,0]}},{"k":[5,0,0,39,0],"v":{"t":[5,0]}},{"k":[8,0,0,37,0],"v":{"t":[5,0]}},{"k":[9,0,0,36,0],"v":{"t":[5,0]}},{"k":[10,0,0,35,0],"v":{"t":[5,0]}},{"k":[11,0,0,34,0],"v":{"t":[5,0]}},{"k":[12,0,0,33,0],"v":{"t":[5,0]}},{"k":[13,0,0,32,0],"v":{"t":[5,0]}},{"k":[7,0,0,38,0],"v":{"t":[5,0]}},{"k":[6,0,0,39,0],"v":{"t":[5,0]}},{"k":[9,0,0,37,0],"v":{"t":[5,0]}},{"k":[10,0,0,36,0],"v":{"t":[5,0]}},{"k":[11,0,0,35,0],"v":{"t":[5,0]}},{"k":[12,0,0,34,0],"v":{"t":[5,0]}},{"k":[13,0,0,33,0],"v":{"t":[5,0]}},{"k":[14,0,0,32,0],"v":{"t":[5,0]}},{"k":[8,0,0,38,0],"v":{"t":[5,0]}},{"k":[7,0,0,39,0],"v":{"t":[5,0]}},{"k":[10,0,0,37,0],"v":{"t":[5,0]}},{"k":[11,0,0,36,0],"v":{"t":[5,0]}},{"k":[12,0,0,35,0],"v":{"t":[5,0]}},{"k":[13,0,0,34,0],"v":{"t":[5,0]}},{"k":[14,0,0,33,0],"v":{"t":[5,0]}},{"k":[15,0,0,32,0],"v":{"t":[5,0]}},{"k":[9,0,0,38,0],"v":{"t":[5,0]}},{"k":[8,0,0,39,0],"v":{"t":[5,0]}},{"k":[11,0,0,37,0],"v":{"t":[5,0]}},{"k":[12,0,0,36,0],"v":{"t":[5,0]}},{"k":[13,0,0,35,0],"v":{"t":[5,0]}},{"k":[14,0,0,34,0],"v":{"t":[5,0]}},{"k":[15,0,0,33,0],"v":{"t":[5,0]}},{"k":[10,0,0,38,0],"v":{"t":[5,0]}},{"k":[9,0,0,39,0],"v":{"t":[5,0]}},{"k":[0,0,0,33,0],"v":{"t":[5,0]}},{"k":[1,0,0,32,0],"v":{"t":[5,0]}},{"k":[0,0,0,34,0],"v":{"t":[5,0]}},{"k":[1,0,0,33,0],"v":{"t":[5,0]}},{"k":[2,0,0,32,0],"v":{"t":[5,0]}},{"k":[0,0,0,35,0],"v":{"t":[5,0]}},{"k":[1,0,0,34,0],"v":{"t":[5,0]}},{"k":[2,0,0,33,0],"v":{"t":[5,0]}},{"k":[3,0,0,32,0],"v":{"t":[5,0]}},{"k":[0,0,0,36,0],"v":{"t":[5,0]}},{"k":[1,0,0,35,0],"v":{"t":[5,0]}},{"k":[3,0,0,33,0],"v":{"t":[5,0]}},{"k":[4,0,0,32,0],"v":{"t":[5,0]}},{"k":[0,0,0,37,0],"v":{"t":[5,0]}},{"k":[1,0,0,36,0],"v":{"t":[5,0]}},{"k":[4,0,0,33,0],"v":{"t":[5,0]}},{"k":[5,0,0,32,0],"v":{"t":[5,0]}},{"k":[1,0,0,37,0],"v":{"t":[5,0]}},{"k":[5,0,0,33,0],"v":{"t":[5,0]}},{"k":[6,0,0,32,0],"v":{"t":[5,0]}},{"k":[0,0,0,38,0],"v":{"t":[5,0]}},{"k":[5,0,0,34,0],"v":{"t":[5,0]}},{"k":[6,0,0,33,0],"v":{"t":[5,0]}},{"k":[7,0,0,32,0],"v":{"t":[5,0]}},{"k":[1,0,0,38,0],"v":{"t":[5,0]}},{"k":[0,0,0,39,0],"v":{"t":[5,0]}},{"k":[2,0,0,37,0],"v":{"t":[5,0]}},{"k":[6,0,0,34,0],"v":{"t":[5,0]}},{"k":[7,0,0,33,0],"v":{"t":[5,0]}},{"k":[2,0,0,38,0],"v":{"t":[5,0]}},{"k":[1,0,0,39,0],"v":{"t":[5,0]}},{"k":[3,0,0,37,0],"v":{"t":[5,0]}},{"k":[5,0,0,35,0],"v":{"t":[7,0]}},{"k":[8,0,0,32,0],"v":{"t":[7,0]}},{"k":[0,0,0,32,0],"v":{"t":[5,0]}}]},"moun":{"a":[],"o":[]},"objs":{"list":[{"k":[1,0,0,37,0],"v":{"events":[{"id":1,"name":"Hero action","p":[],"r":{"1":{"bh":true,"c":[{"command":[8,"",-1,0,0,1,"This hole goes underground :)"],"kind":1}]}},"sys":false}],"hId":-1,"id":4,"name":"OBJ0004","ooepf":false,"states":[{"cam":true,"climb":false,"dir":false,"gid":68,"gk":4,"id":1,"move":true,"name":"Normal","pix":true,"pos":false,"stop":false,"sx":{"k":12,"v":1},"sy":{"k":12,"v":1},"sz":{"k":12,"v":1},"through":false,"x":0,"y":0}]}},{"k":[3,0,0,35,0],"v":{"events":[{"id":1,"name":"Hero action","p":[],"r":{"1":{"bh":true,"c":[{"command":[7,0,0,6,33,0,0,1,0,0,0],"kind":20}]}},"sys":false}],"hId":-1,"id":3,"name":"OBJ0003","ooepf":false,"states":[{"cam":true,"climb":false,"dir":false,"gid":-1,"gk":0,"id":1,"move":true,"name":"Normal","pix":true,"pos":false,"stop":false,"sx":{"k":12,"v":1},"sy":{"k":12,"v":1},"sz":{"k":12,"v":1},"through":false,"x":0,"y":0}]}}]},"objs3d":{"a":[],"o":[]},"sprites":{"list":[],"overflow":[],"walls":[{"k":[0,0,0,32,0,0,50,90],"v":{"k":1,"w":5}},{"k":[8,0,0,39,0,50,100,0],"v":{"k":1,"w":5}},{"k":[9,0,0,39,0,50,100,0],"v":{"k":1,"w":5}},{"k":[10,0,0,39,0,50,100,0],"v":{"k":1,"w":5}},{"k":[11,0,0,39,0,50,100,0],"v":{"k":1,"w":5}},{"k":[12,0,0,39,0,50,100,0],"v":{"k":1,"w":5}},{"k":[13,0,0,39,0,50,100,0],"v":{"k":1,"w":5}},{"k":[14,0,0,39,0,50,100,0],"v":{"k":1,"w":5}},{"k":[15,0,0,39,0,50,100,0],"v":{"k":1,"w":5}},{"k":[0,0,0,39,0,50,100,0],"v":{"k":0,"w":5}},{"k":[1,0,0,39,0,50,100,0],"v":{"k":1,"w":5}},{"k":[2,0,0,39,0,50,100,0],"v":{"k":1,"w":5}},{"k":[3,0,0,39,0,50,100,0],"v":{"k":1,"w":5}},{"k":[4,0,0,39,0,50,100,0],"v":{"k":1,"w":5}},{"k":[5,0,0,39,0,50,100,0],"v":{"k":1,"w":5}},{"k":[6,0,0,39,0,50,100,0],"v":{"k":1,"w":5}},{"k":[0,0,0,33,0,0,50,90],"v":{"k":1,"w":5}},{"k":[7,0,0,39,0,50,100,0],"v":{"k":1,"w":5}},{"k":[0,0,0,34,0,0,50,90],"v":{"k":1,"w":5}},{"k":[0,0,0,35,0,0,50,90],"v":{"k":1,"w":5}},{"k":[0,0,0,36,0,0,50,90],"v":{"k":1,"w":5}},{"k":[0,0,0,37,0,0,50,90],"v":{"k":1,"w":5}},{"k":[0,0,0,38,0,0,50,90],"v":{"k":1,"w":5}},{"k":[0,0,0,39,0,0,50,90],"v":{"k":0,"w":5}}]}}