{"lands":{"autotiles":[{"k":[26,0,0,4,0],"v":{"id":2,"t":[0,0],"tid":62}},{"k":[27,0,0,3,0],"v":{"id":2,"t":[0,0],"tid":471}},{"k":[21,0,0,9,0],"v":{"id":2,"t":[0,0],"tid":211}},{"k":[23,0,0,7,0],"v":{"id":2,"t":[0,0],"tid":324}},{"k":[24,0,0,6,0],"v":{"id":2,"t":[0,0],"tid":318}},{"k":[25,0,0,5,0],"v":{"id":2,"t":[0,0],"tid":318}},{"k":[22,0,0,5,0],"v":{"id":2,"t":[0,0],"tid":584}},{"k":[23,0,0,4,0],"v":{"id":2,"t":[0,0],"tid":471}},{"k":[24,0,0,4,0],"v":{"id":2,"t":[0,0],"tid":471}},{"k":[21,0,0,7,0],"v":{"id":2,"t":[0,0],"tid":211}},{"k":[22,0,0,6,0],"v":{"id":2,"t":[0,0],"tid":584}},{"k":[23,0,0,5,0],"v":{"id":2,"t":[0,0],"tid":318}},{"k":[22,0,0,4,0],"v":{"id":2,"t":[0,0],"tid":225}},{"k":[29,0,0,10,0],"v":{"id":2,"t":[0,0],"tid":372}},{"k":[28,0,0,11,0],"v":{"id":2,"t":[0,0],"tid":372}},{"k":[27,0,0,12,0],"v":{"id":2,"t":[0,0],"tid":372}},{"k":[26,0,0,13,0],"v":{"id":2,"t":[0,0],"tid":372}},{"k":[29,0,0,8,0],"v":{"id":2,"t":[0,0],"tid":370}},{"k":[25,0,0,12,0],"v":{"id":2,"t":[0,0],"tid":308}},{"k":[27,0,0,10,0],"v":{"id":2,"t":[0,0],"tid":318}},{"k":[26,0,0,11,0],"v":{"id":2,"t":[0,0],"tid":318}},{"k":[28,0,0,9,0],"v":{"id":2,"t":[0,0],"tid":318}},{"k":[29,0,0,9,0],"v":{"id":2,"t":[0,0],"tid":370}},{"k":[28,0,0,10,0],"v":{"id":2,"t":[0,0],"tid":316}},{"k":[27,0,0,11,0],"v":{"id":2,"t":[0,0],"tid":316}},{"k":[26,0,0,12,0],"v":{"id":2,"t":[0,0],"tid":316}},{"k":[25,0,0,13,0],"v":{"id":2,"t":[0,0],"tid":570}},{"k":[29,0,0,6,0],"v":{"id":2,"t":[0,0],"tid":370}},{"k":[23,0,0,12,0],"v":{"id":2,"t":[0,0],"tid":324}},{"k":[25,0,0,10,0],"v":{"id":2,"t":[0,0],"tid":318}},{"k":[26,0,0,9,0],"v":{"id":2,"t":[0,0],"tid":318}},{"k":[27,0,0,8,0],"v":{"id":2,"t":[0,0],"tid":318}},{"k":[28,0,0,7,0],"v":{"id":2,"t":[0,0],"tid":318}},{"k":[24,0,0,11,0],"v":{"id":2,"t":[0,0],"tid":318}},{"k":[29,0,0,7,0],"v":{"id":2,"t":[0,0],"tid":370}},{"k":[26,0,0,10,0],"v":{"id":2,"t":[0,0],"tid":318}},{"k":[25,0,0,11,0],"v":{"id":2,"t":[0,0],"tid":318}},{"k":[27,0,0,9,0],"v":{"id":2,"t":[0,0],"tid":318}},{"k":[28,0,0,8,0],"v":{"id":2,"t":[0,0],"tid":318}},{"k":[24,0,0,12,0],"v":{"id":2,"t":[0,0],"tid":324}},{"k":[22,0,0,11,0],"v":{"id":2,"t":[0,0],"tid":584}},{"k":[29,0,0,4,0],"v":{"id":2,"t":[0,0],"tid":423}},{"k":[23,0,0,10,0],"v":{"id":2,"t":[0,0],"tid":318}},{"k":[24,0,0,9,0],"v":{"id":2,"t":[0,0],"tid":62}},{"k":[25,0,0,8,0],"v":{"id":2,"t":[0,0],"tid":318}},{"k":[26,0,0,7,0],"v":{"id":2,"t":[0,0],"tid":318}},{"k":[27,0,0,6,0],"v":{"id":2,"t":[0,0],"tid":318}},{"k":[28,0,0,5,0],"v":{"id":2,"t":[0,0],"tid":318}},{"k":[29,0,0,5,0],"v":{"id":2,"t":[0,0],"tid":370}},{"k":[22,0,0,12,0],"v":{"id":2,"t":[0,0],"tid":570}},{"k":[25,0,0,9,0],"v":{"id":2,"t":[0,0],"tid":318}},{"k":[23,0,0,11,0],"v":{"id":2,"t":[0,0],"tid":318}},{"k":[26,0,0,8,0],"v":{"id":2,"t":[0,0],"tid":318}},{"k":[27,0,0,7,0],"v":{"id":2,"t":[0,0],"tid":318}},{"k":[28,0,0,6,0],"v":{"id":2,"t":[0,0],"tid":318}},{"k":[24,0,0,10,0],"v":{"id":2,"t":[0,0],"tid":318}},{"k":[28,0,0,3,0],"v":{"id":2,"t":[0,0],"tid":423}},{"k":[22,0,0,9,0],"v":{"id":2,"t":[0,0],"tid":461}},{"k":[24,0,0,7,0],"v":{"id":2,"t":[0,0],"tid":308}},{"k":[25,0,0,6,0],"v":{"id":2,"t":[0,0],"tid":318}},{"k":[26,0,0,5,0],"v":{"id":2,"t":[0,0],"tid":318}},{"k":[27,0,0,4,0],"v":{"id":2,"t":[0,0],"tid":318}},{"k":[28,0,0,4,0],"v":{"id":2,"t":[0,0],"tid":268}},{"k":[22,0,0,10,0],"v":{"id":2,"t":[0,0],"tid":584}},{"k":[23,0,0,9,0],"v":{"id":2,"t":[0,0],"tid":471}},{"k":[24,0,0,8,0],"v":{"id":2,"t":[0,0],"tid":584}},{"k":[25,0,0,7,0],"v":{"id":2,"t":[0,0],"tid":318}},{"k":[26,0,0,6,0],"v":{"id":2,"t":[0,0],"tid":318}},{"k":[27,0,0,5,0],"v":{"id":2,"t":[0,0],"tid":318}},{"k":[25,0,0,4,0],"v":{"id":2,"t":[0,0],"tid":471}},{"k":[26,0,0,3,0],"v":{"id":2,"t":[0,0],"tid":225}},{"k":[22,0,0,7,0],"v":{"id":2,"t":[0,0],"tid":68}},{"k":[23,0,0,6,0],"v":{"id":2,"t":[0,0],"tid":318}},{"k":[24,0,0,5,0],"v":{"id":2,"t":[0,0],"tid":318}}],"floors":[{"k":[30,0,0,15,0],"v":{"t":[5,0]}},{"k":[31,0,0,14,0],"v":{"t":[5,0]}},{"k":[31,0,0,15,0],"v":{"t":[5,0]}},{"k":[28,0,0,15,0],"v":{"t":[5,0]}},{"k":[29,0,0,14,0],"v":{"t":[5,0]}},{"k":[30,0,0,13,0],"v":{"t":[5,0]}},{"k":[31,0,0,12,0],"v":{"t":[5,0]}},{"k":[29,0,0,15,0],"v":{"t":[5,0]}},{"k":[30,0,0,14,0],"v":{"t":[5,0]}},{"k":[31,0,0,13,0],"v":{"t":[5,0]}},{"k":[26,0,0,15,0],"v":{"t":[5,0]}},{"k":[27,0,0,14,0],"v":{"t":[5,0]}},{"k":[28,0,0,13,0],"v":{"t":[5,0]}},{"k":[29,0,0,12,0],"v":{"t":[5,0]}},{"k":[30,0,0,11,0],"v":{"t":[5,0]}},{"k":[31,0,0,10,0],"v":{"t":[5,0]}},{"k":[27,0,0,15,0],"v":{"t":[5,0]}},{"k":[28,0,0,14,0],"v":{"t":[5,0]}},{"k":[29,0,0,13,0],"v":{"t":[5,0]}},{"k":[30,0,0,12,0],"v":{"t":[5,0]}},{"k":[31,0,0,11,0],"v":{"t":[5,0]}},{"k":[16,0,0,15,0],"v":{"t":[5,0]}},{"k":[17,0,0,14,0],"v":{"t":[5,0]}},{"k":[18,0,0,13,0],"v":{"t":[5,0]}},{"k":[19,0,0,12,0],"v":{"t":[5,0]}},{"k":[20,0,0,11,0],"v":{"t":[5,0]}},{"k":[21,0,0,10,0],"v":{"t":[5,0]}},{"k":[29,0,0,2,0],"v":{"t":[5,0]}},{"k":[30,0,0,1,0],"v":{"t":[5,0]}},{"k":[31,0,0,0,0],"v":{"t":[5,0]}},{"k":[23,0,0,8,0],"v":{"t":[1,6]}},{"k":[17,0,0,15,0],"v":{"t":[5,0]}},{"k":[18,0,0,14,0],"v":{"t":[5,0]}},{"k":[19,0,0,13,0],"v":{"t":[5,0]}},{"k":[20,0,0,12,0],"v":{"t":[5,0]}},{"k":[21,0,0,11,0],"v":{"t":[5,0]}},{"k":[29,0,0,3,0],"v":{"t":[5,0]}},{"k":[30,0,0,2,0],"v":{"t":[5,0]}},{"k":[31,0,0,1,0],"v":{"t":[5,0]}},{"k":[16,0,0,13,0],"v":{"t":[5,0]}},{"k":[17,0,0,12,0],"v":{"t":[5,0]}},{"k":[18,0,0,11,0],"v":{"t":[5,0]}},{"k":[19,0,0,10,0],"v":{"t":[5,0]}},{"k":[27,0,0,2,0],"v":{"t":[5,0]}},{"k":[28,0,0,1,0],"v":{"t":[5,0]}},{"k":[29,0,0,0,0],"v":{"t":[5,0]}},{"k":[21,0,0,8,0],"v":{"t":[1,6]}},{"k":[20,0,0,9,0],"v":{"t":[1,6]}},{"k":[16,0,0,14,0],"v":{"t":[5,0]}},{"k":[17,0,0,13,0],"v":{"t":[5,0]}},{"k":[18,0,0,12,0],"v":{"t":[5,0]}},{"k":[19,0,0,11,0],"v":{"t":[5,0]}},{"k":[28,0,0,2,0],"v":{"t":[5,0]}},{"k":[29,0,0,1,0],"v":{"t":[5,0]}},{"k":[30,0,0,0,0],"v":{"t":[5,0]}},{"k":[22,0,0,8,0],"v":{"t":[1,6]}},{"k":[20,0,0,10,0],"v":{"t":[1,6]}},{"k":[16,0,0,11,0],"v":{"t":[5,0]}},{"k":[17,0,0,10,0],"v":{"t":[5,0]}},{"k":[18,0,0,9,0],"v":{"t":[5,0]}},{"k":[19,0,0,8,0],"v":{"t":[5,0]}},{"k":[21,0,0,6,0],"v":{"t":[5,0]}},{"k":[24,0,0,3,0],"v":{"t":[5,0]}},{"k":[25,0,0,2,0],"v":{"t":[5,0]}},{"k":[26,0,0,1,0],"v":{"t":[5,0]}},{"k":[27,0,0,0,0],"v":{"t":[5,0]}},{"k":[20,0,0,7,0],"v":{"t":[1,6]}},{"k":[16,0,0,12,0],"v":{"t":[5,0]}},{"k":[17,0,0,11,0],"v":{"t":[5,0]}},{"k":[18,0,0,10,0],"v":{"t":[5,0]}},{"k":[19,0,0,9,0],"v":{"t":[5,0]}},{"k":[25,0,0,3,0],"v":{"t":[5,0]}},{"k":[26,0,0,2,0],"v":{"t":[5,0]}},{"k":[27,0,0,1,0],"v":{"t":[5,0]}},{"k":[28,0,0,0,0],"v":{"t":[5,0]}},{"k":[20,0,0,8,0],"v":{"t":[1,6]}},{"k":[16,0,0,9,0],"v":{"t":[5,0]}},{"k":[17,0,0,8,0],"v":{"t":[5,0]}},{"k":[18,0,0,7,0],"v":{"t":[5,0]}},{"k":[19,0,0,6,0],"v":{"t":[5,0]}},{"k":[20,0,0,5,0],"v":{"t":[5,0]}},{"k":[21,0,0,4,0],"v":{"t":[5,0]}},{"k":[22,0,0,3,0],"v":{"t":[5,0]}},{"k":[23,0,0,2,0],"v":{"t":[5,0]}},{"k":[24,0,0,1,0],"v":{"t":[5,0]}},{"k":[25,0,0,0,0],"v":{"t":[5,0]}},{"k":[16,0,0,10,0],"v":{"t":[5,0]}},{"k":[17,0,0,9,0],"v":{"t":[5,0]}},{"k":[18,0,0,8,0],"v":{"t":[5,0]}},{"k":[19,0,0,7,0],"v":{"t":[5,0]}},{"k":[21,0,0,5,0],"v":{"t":[5,0]}},{"k":[23,0,0,3,0],"v":{"t":[5,0]}},{"k":[24,0,0,2,0],"v":{"t":[5,0]}},{"k":[25,0,0,1,0],"v":{"t":[5,0]}},{"k":[26,0,0,0,0],"v":{"t":[5,0]}},{"k":[20,0,0,6,0],"v":{"t":[1,6]}},{"k":[24,0,0,15,0],"v":{"t":[5,0]}},{"k":[25,0,0,14,0],"v":{"t":[5,0]}},{"k":[30,0,0,9,0],"v":{"t":[5,0]}},{"k":[31,0,0,8,0],"v":{"t":[5,0]}},{"k":[25,0,0,15,0],"v":{"t":[5,0]}},{"k":[26,0,0,14,0],"v":{"t":[5,0]}},{"k":[27,0,0,13,0],"v":{"t":[5,0]}},{"k":[28,0,0,12,0],"v":{"t":[5,0]}},{"k":[29,0,0,11,0],"v":{"t":[5,0]}},{"k":[30,0,0,10,0],"v":{"t":[5,0]}},{"k":[31,0,0,9,0],"v":{"t":[5,0]}},{"k":[22,0,0,15,0],"v":{"t":[5,0]}},{"k":[23,0,0,14,0],"v":{"t":[5,0]}},{"k":[30,0,0,7,0],"v":{"t":[5,0]}},{"k":[31,0,0,6,0],"v":{"t":[5,0]}},{"k":[24,0,0,13,0],"v":{"t":[5,0]}},{"k":[23,0,0,15,0],"v":{"t":[5,0]}},{"k":[24,0,0,14,0],"v":{"t":[5,0]}},{"k":[30,0,0,8,0],"v":{"t":[5,0]}},{"k":[31,0,0,7,0],"v":{"t":[5,0]}},{"k":[20,0,0,15,0],"v":{"t":[5,0]}},{"k":[21,0,0,14,0],"v":{"t":[5,0]}},{"k":[30,0,0,5,0],"v":{"t":[5,0]}},{"k":[31,0,0,4,0],"v":{"t":[5,0]}},{"k":[22,0,0,13,0],"v":{"t":[5,0]}},{"k":[21,0,0,15,0],"v":{"t":[5,0]}},{"k":[22,0,0,14,0],"v":{"t":[5,0]}},{"k":[30,0,0,6,0],"v":{"t":[5,0]}},{"k":[31,0,0,5,0],"v":{"t":[5,0]}},{"k":[23,0,0,13,0],"v":{"t":[5,0]}},{"k":[18,0,0,15,0],"v":{"t":[5,0]}},{"k":[19,0,0,14,0],"v":{"t":[5,0]}},{"k":[20,0,0,13,0],"v":{"t":[5,0]}},{"k":[21,0,0,12,0],"v":{"t":[5,0]}},{"k":[30,0,0,3,0],"v":{"t":[5,0]}},{"k":[31,0,0,2,0],"v":{"t":[5,0]}},{"k":[19,0,0,15,0],"v":{"t":[5,0]}},{"k":[20,0,0,14,0],"v":{"t":[5,0]}},{"k":[21,0,0,13,0],"v":{"t":[5,0]}},{"k":[30,0,0,4,0],"v":{"t":[5,0]}},{"k":[31,0,0,3,0],"v":{"t":[5,0]}},{"k":[16,0,0,0,0],"v":{"t":[5,0]}},{"k":[16,0,0,7,0],"v":{"t":[5,0]}},{"k":[17,0,0,6,0],"v":{"t":[5,0]}},{"k":[18,0,0,5,0],"v":{"t":[5,0]}},{"k":[19,0,0,4,0],"v":{"t":[5,0]}},{"k":[20,0,0,3,0],"v":{"t":[5,0]}},{"k":[21,0,0,2,0],"v":{"t":[5,0]}},{"k":[22,0,0,1,0],"v":{"t":[5,0]}},{"k":[23,0,0,0,0],"v":{"t":[5,0]}},{"k":[16,0,0,8,0],"v":{"t":[5,0]}},{"k":[17,0,0,7,0],"v":{"t":[5,0]}},{"k":[18,0,0,6,0],"v":{"t":[5,0]}},{"k":[19,0,0,5,0],"v":{"t":[5,0]}},{"k":[20,0,0,4,0],"v":{"t":[5,0]}},{"k":[21,0,0,3,0],"v":{"t":[5,0]}},{"k":[22,0,0,2,0],"v":{"t":[5,0]}},{"k":[23,0,0,1,0],"v":{"t":[5,0]}},{"k":[24,0,0,0,0],"v":{"t":[5,0]}},{"k":[16,0,0,5,0],"v":{"t":[5,0]}},{"k":[17,0,0,4,0],"v":{"t":[5,0]}},{"k":[18,0,0,3,0],"v":{"t":[5,0]}},{"k":[19,0,0,2,0],"v":{"t":[5,0]}},{"k":[20,0,0,1,0],"v":{"t":[5,0]}},{"k":[21,0,0,0,0],"v":{"t":[5,0]}},{"k":[16,0,0,6,0],"v":{"t":[5,0]}},{"k":[17,0,0,5,0],"v":{"t":[5,0]}},{"k":[18,0,0,4,0],"v":{"t":[5,0]}},{"k":[19,0,0,3,0],"v":{"t":[5,0]}},{"k":[20,0,0,2,0],"v":{"t":[5,0]}},{"k":[21,0,0,1,0],"v":{"t":[5,0]}},{"k":[22,0,0,0,0],"v":{"t":[5,0]}},{"k":[16,0,0,3,0],"v":{"t":[5,0]}},{"k":[17,0,0,2,0],"v":{"t":[5,0]}},{"k":[18,0,0,1,0],"v":{"t":[5,0]}},{"k":[19,0,0,0,0],"v":{"t":[5,0]}},{"k":[16,0,0,4,0],"v":{"t":[5,0]}},{"k":[17,0,0,3,0],"v":{"t":[5,0]}},{"k":[18,0,0,2,0],"v":{"t":[5,0]}},{"k":[19,0,0,1,0],"v":{"t":[5,0]}},{"k":[20,0,0,0,0],"v":{"t":[5,0]}},{"k":[16,0,0,1,0],"v":{"t":[5,0]}},{"k":[17,0,0,0,0],"v":{"t":[5,0]}},{"k":[16,0,0,2,0],"v":{"t":[5,0]}},{"k":[17,0,0,1,0],"v":{"t":[5,0]}},{"k":[18,0,0,0,0],"v":{"t":[5,0]}}]},"moun":{"a":[],"o":[]},"objs":{"list":[{"k":[23,0,0,8,0],"v":{"events":[{"id":1,"name":"Hero action","p":[],"r":{"1":{"bh":true,"c":[{"children":[{"command":[8,"",-1,0,0,1,"Throw valentine into pond?"],"kind":1},{"command":[3,2,3,5,"-",1,"Yes","-",1,"No"],"kind":31},{"children":[{"command":[0,14,2,5,0,7,43],"kind":2},{"command":[0,15,0,3,10,1],"kind":2}],"command":[1],"kind":32},{"children":[],"command":[2],"kind":32},{"command":[],"kind":33}],"command":[0,3,7,43,0,12,1],"kind":8},{"command":[],"kind":10}]}},"sys":false}],"hId":-1,"id":8,"name":"OBJ0008","ooepf":false,"states":[{"cam":true,"climb":false,"dir":false,"gid":-1,"gk":0,"id":1,"move":true,"name":"Normal","pix":true,"pos":false,"stop":false,"sx":{"k":12,"v":1},"sy":{"k":12,"v":1},"sz":{"k":12,"v":1},"through":false,"x":0,"y":0}]}}]},"objs3d":{"a":[],"o":[]},"sprites":{"list":[],"overflow":[],"walls":[{"k":[29,0,0,0,0,50,0,0],"v":{"k":1,"w":5}},{"k":[30,0,0,0,0,50,0,0],"v":{"k":1,"w":5}},{"k":[27,0,0,0,0,50,0,0],"v":{"k":1,"w":5}},{"k":[25,0,0,0,0,50,0,0],"v":{"k":1,"w":5}},{"k":[28,0,0,0,0,50,0,0],"v":{"k":1,"w":5}},{"k":[26,0,0,0,0,50,0,0],"v":{"k":1,"w":5}},{"k":[23,0,0,0,0,50,0,0],"v":{"k":1,"w":5}},{"k":[24,0,0,0,0,50,0,0],"v":{"k":1,"w":5}},{"k":[21,0,0,0,0,50,0,0],"v":{"k":1,"w":5}},{"k":[22,0,0,0,0,50,0,0],"v":{"k":1,"w":5}},{"k":[19,0,0,0,0,50,0,0],"v":{"k":1,"w":5}},{"k":[20,0,0,0,0,50,0,0],"v":{"k":1,"w":5}},{"k":[17,0,0,0,0,50,0,0],"v":{"k":1,"w":5}},{"k":[18,0,0,0,0,50,0,0],"v":{"k":1,"w":5}},{"k":[16,0,0,0,0,50,0,0],"v":{"k":1,"w":5}},{"k":[31,0,0,0,0,50,0,0],"v":{"k":1,"w":5}}]}}