{"lands":{"autotiles":[],"floors":[{"k":[16,0,0,33,0],"v":{"t":[5,0]}},{"k":[17,0,0,32,0],"v":{"t":[5,0]}},{"k":[16,0,0,34,0],"v":{"t":[5,0]}},{"k":[17,0,0,33,0],"v":{"t":[5,0]}},{"k":[18,0,0,32,0],"v":{"t":[5,0]}},{"k":[16,0,0,35,0],"v":{"t":[5,0]}},{"k":[17,0,0,34,0],"v":{"t":[5,0]}},{"k":[18,0,0,33,0],"v":{"t":[5,0]}},{"k":[19,0,0,32,0],"v":{"t":[5,0]}},{"k":[16,0,0,36,0],"v":{"t":[5,0]}},{"k":[17,0,0,35,0],"v":{"t":[5,0]}},{"k":[18,0,0,34,0],"v":{"t":[5,0]}},{"k":[19,0,0,33,0],"v":{"t":[5,0]}},{"k":[20,0,0,32,0],"v":{"t":[5,0]}},{"k":[16,0,0,37,0],"v":{"t":[5,0]}},{"k":[17,0,0,36,0],"v":{"t":[5,0]}},{"k":[18,0,0,35,0],"v":{"t":[5,0]}},{"k":[19,0,0,34,0],"v":{"t":[5,0]}},{"k":[20,0,0,33,0],"v":{"t":[5,0]}},{"k":[21,0,0,32,0],"v":{"t":[5,0]}},{"k":[17,0,0,37,0],"v":{"t":[5,0]}},{"k":[18,0,0,36,0],"v":{"t":[5,0]}},{"k":[19,0,0,35,0],"v":{"t":[5,0]}},{"k":[20,0,0,34,0],"v":{"t":[5,0]}},{"k":[21,0,0,33,0],"v":{"t":[5,0]}},{"k":[16,0,0,38,0],"v":{"t":[5,0]}},{"k":[22,0,0,32,0],"v":{"t":[7,0]}},{"k":[18,0,0,37,0],"v":{"t":[5,0]}},{"k":[19,0,0,36,0],"v":{"t":[5,0]}},{"k":[20,0,0,35,0],"v":{"t":[5,0]}},{"k":[21,0,0,34,0],"v":{"t":[5,0]}},{"k":[22,0,0,33,0],"v":{"t":[5,0]}},{"k":[17,0,0,38,0],"v":{"t":[5,0]}},{"k":[16,0,0,39,0],"v":{"t":[5,0]}},{"k":[23,0,0,32,0],"v":{"t":[7,0]}},{"k":[19,0,0,37,0],"v":{"t":[5,0]}},{"k":[20,0,0,36,0],"v":{"t":[5,0]}},{"k":[21,0,0,35,0],"v":{"t":[5,0]}},{"k":[22,0,0,34,0],"v":{"t":[5,0]}},{"k":[23,0,0,33,0],"v":{"t":[5,0]}},{"k":[18,0,0,38,0],"v":{"t":[5,0]}},{"k":[17,0,0,39,0],"v":{"t":[5,0]}},{"k":[24,0,0,32,0],"v":{"t":[7,0]}},{"k":[16,0,0,32,0],"v":{"t":[5,0]}},{"k":[28,0,0,37,0],"v":{"t":[5,0]}},{"k":[29,0,0,36,0],"v":{"t":[5,0]}},{"k":[30,0,0,35,0],"v":{"t":[5,0]}},{"k":[31,0,0,34,0],"v":{"t":[5,0]}},{"k":[27,0,0,38,0],"v":{"t":[5,0]}},{"k":[26,0,0,39,0],"v":{"t":[5,0]}},{"k":[29,0,0,37,0],"v":{"t":[5,0]}},{"k":[30,0,0,36,0],"v":{"t":[5,0]}},{"k":[31,0,0,35,0],"v":{"t":[5,0]}},{"k":[28,0,0,38,0],"v":{"t":[5,0]}},{"k":[27,0,0,39,0],"v":{"t":[5,0]}},{"k":[30,0,0,37,0],"v":{"t":[5,0]}},{"k":[31,0,0,36,0],"v":{"t":[5,0]}},{"k":[29,0,0,38,0],"v":{"t":[5,0]}},{"k":[28,0,0,39,0],"v":{"t":[5,0]}},{"k":[31,0,0,37,0],"v":{"t":[5,0]}},{"k":[30,0,0,38,0],"v":{"t":[5,0]}},{"k":[29,0,0,39,0],"v":{"t":[5,0]}},{"k":[31,0,0,38,0],"v":{"t":[5,0]}},{"k":[30,0,0,39,0],"v":{"t":[5,0]}},{"k":[31,0,0,39,0],"v":{"t":[5,0]}},{"k":[20,0,0,37,0],"v":{"t":[5,0]}},{"k":[21,0,0,36,0],"v":{"t":[5,0]}},{"k":[22,0,0,35,0],"v":{"t":[5,0]}},{"k":[23,0,0,34,0],"v":{"t":[5,0]}},{"k":[24,0,0,33,0],"v":{"t":[5,0]}},{"k":[19,0,0,38,0],"v":{"t":[5,0]}},{"k":[18,0,0,39,0],"v":{"t":[5,0]}},{"k":[25,0,0,32,0],"v":{"t":[7,0]}},{"k":[21,0,0,37,0],"v":{"t":[5,0]}},{"k":[22,0,0,36,0],"v":{"t":[5,0]}},{"k":[23,0,0,35,0],"v":{"t":[5,0]}},{"k":[24,0,0,34,0],"v":{"t":[5,0]}},{"k":[25,0,0,33,0],"v":{"t":[5,0]}},{"k":[20,0,0,38,0],"v":{"t":[5,0]}},{"k":[19,0,0,39,0],"v":{"t":[5,0]}},{"k":[26,0,0,32,0],"v":{"t":[7,0]}},{"k":[22,0,0,37,0],"v":{"t":[5,0]}},{"k":[23,0,0,36,0],"v":{"t":[5,0]}},{"k":[24,0,0,35,0],"v":{"t":[5,0]}},{"k":[25,0,0,34,0],"v":{"t":[5,0]}},{"k":[21,0,0,38,0],"v":{"t":[5,0]}},{"k":[20,0,0,39,0],"v":{"t":[5,0]}},{"k":[26,0,0,33,0],"v":{"t":[7,0]}},{"k":[27,0,0,32,0],"v":{"t":[7,0]}},{"k":[23,0,0,37,0],"v":{"t":[5,0]}},{"k":[24,0,0,36,0],"v":{"t":[5,0]}},{"k":[25,0,0,35,0],"v":{"t":[5,0]}},{"k":[26,0,0,34,0],"v":{"t":[5,0]}},{"k":[22,0,0,38,0],"v":{"t":[5,0]}},{"k":[21,0,0,39,0],"v":{"t":[5,0]}},{"k":[27,0,0,33,0],"v":{"t":[7,0]}},{"k":[28,0,0,32,0],"v":{"t":[7,0]}},{"k":[24,0,0,37,0],"v":{"t":[5,0]}},{"k":[25,0,0,36,0],"v":{"t":[5,0]}},{"k":[26,0,0,35,0],"v":{"t":[5,0]}},{"k":[27,0,0,34,0],"v":{"t":[5,0]}},{"k":[29,0,0,32,0],"v":{"t":[5,0]}},{"k":[23,0,0,38,0],"v":{"t":[5,0]}},{"k":[22,0,0,39,0],"v":{"t":[5,0]}},{"k":[28,0,0,33,0],"v":{"t":[7,0]}},{"k":[25,0,0,37,0],"v":{"t":[5,0]}},{"k":[26,0,0,36,0],"v":{"t":[5,0]}},{"k":[27,0,0,35,0],"v":{"t":[5,0]}},{"k":[28,0,0,34,0],"v":{"t":[5,0]}},{"k":[30,0,0,32,0],"v":{"t":[5,0]}},{"k":[24,0,0,38,0],"v":{"t":[5,0]}},{"k":[23,0,0,39,0],"v":{"t":[5,0]}},{"k":[29,0,0,33,0],"v":{"t":[7,0]}},{"k":[26,0,0,37,0],"v":{"t":[5,0]}},{"k":[27,0,0,36,0],"v":{"t":[5,0]}},{"k":[28,0,0,35,0],"v":{"t":[5,0]}},{"k":[29,0,0,34,0],"v":{"t":[5,0]}},{"k":[31,0,0,32,0],"v":{"t":[5,0]}},{"k":[25,0,0,38,0],"v":{"t":[5,0]}},{"k":[24,0,0,39,0],"v":{"t":[5,0]}},{"k":[30,0,0,33,0],"v":{"t":[7,0]}},{"k":[27,0,0,37,0],"v":{"t":[5,0]}},{"k":[28,0,0,36,0],"v":{"t":[5,0]}},{"k":[29,0,0,35,0],"v":{"t":[5,0]}},{"k":[30,0,0,34,0],"v":{"t":[5,0]}},{"k":[26,0,0,38,0],"v":{"t":[5,0]}},{"k":[25,0,0,39,0],"v":{"t":[5,0]}},{"k":[31,0,0,33,0],"v":{"t":[7,0]}}]},"moun":{"a":[],"o":[]},"objs":{"list":[]},"objs3d":{"a":[],"o":[]},"sprites":{"list":[{"k":[30,0,0,37,0],"v":{"k":6,"t":[2,1,2,2]}},{"k":[28,0,0,34,0],"v":{"k":6,"t":[0,8,2,3]}}],"overflow":[],"walls":[{"k":[31,0,0,39,0,50,100,0],"v":{"k":1,"w":5}},{"k":[16,0,0,39,0,50,100,0],"v":{"k":1,"w":5}},{"k":[17,0,0,39,0,50,100,0],"v":{"k":1,"w":5}},{"k":[18,0,0,39,0,50,100,0],"v":{"k":1,"w":5}},{"k":[19,0,0,39,0,50,100,0],"v":{"k":1,"w":5}},{"k":[20,0,0,39,0,50,100,0],"v":{"k":1,"w":5}},{"k":[21,0,0,39,0,50,100,0],"v":{"k":1,"w":5}},{"k":[22,0,0,39,0,50,100,0],"v":{"k":1,"w":5}},{"k":[23,0,0,39,0,50,100,0],"v":{"k":1,"w":5}},{"k":[24,0,0,39,0,50,100,0],"v":{"k":1,"w":5}},{"k":[25,0,0,39,0,50,100,0],"v":{"k":1,"w":5}},{"k":[26,0,0,39,0,50,100,0],"v":{"k":1,"w":5}},{"k":[27,0,0,39,0,50,100,0],"v":{"k":1,"w":5}},{"k":[28,0,0,39,0,50,100,0],"v":{"k":1,"w":5}},{"k":[29,0,0,39,0,50,100,0],"v":{"k":1,"w":5}},{"k":[30,0,0,39,0,50,100,0],"v":{"k":1,"w":5}}]}}