{"lands":{"autotiles":[{"k":[32,0,0,32,1],"v":{"id":7,"t":[1,0],"tid":159}},{"k":[35,0,0,32,1],"v":{"id":7,"t":[0,0],"tid":159}},{"k":[34,0,0,33,1],"v":{"id":7,"t":[2,1],"tid":116}},{"k":[34,0,0,32,1],"v":{"id":7,"t":[2,1],"tid":177}},{"k":[33,0,0,33,1],"v":{"id":7,"t":[2,1],"tid":211}}],"floors":[{"k":[33,0,0,37,0],"v":{"t":[5,0]}},{"k":[32,0,0,38,0],"v":{"t":[5,0]}},{"k":[34,0,0,36,0],"v":{"t":[5,0]}},{"k":[37,0,0,33,0],"v":{"t":[5,0]}},{"k":[38,0,0,32,0],"v":{"t":[5,0]}},{"k":[36,0,0,34,0],"v":{"t":[7,0]}},{"k":[35,0,0,35,0],"v":{"t":[7,0]}},{"k":[32,0,0,37,0],"v":{"t":[5,0]}},{"k":[33,0,0,36,0],"v":{"t":[5,0]}},{"k":[36,0,0,33,0],"v":{"t":[5,0]}},{"k":[37,0,0,32,0],"v":{"t":[5,0]}},{"k":[35,0,0,34,0],"v":{"t":[7,0]}},{"k":[34,0,0,35,0],"v":{"t":[7,0]}},{"k":[35,0,0,37,0],"v":{"t":[5,0]}},{"k":[34,0,0,38,0],"v":{"t":[5,0]}},{"k":[33,0,0,39,0],"v":{"t":[5,0]}},{"k":[36,0,0,36,0],"v":{"t":[5,0]}},{"k":[38,0,0,34,0],"v":{"t":[5,0]}},{"k":[39,0,0,33,0],"v":{"t":[5,0]}},{"k":[37,0,0,35,0],"v":{"t":[7,0]}},{"k":[34,0,0,37,0],"v":{"t":[5,0]}},{"k":[33,0,0,38,0],"v":{"t":[5,0]}},{"k":[32,0,0,39,0],"v":{"t":[5,0]}},{"k":[35,0,0,36,0],"v":{"t":[5,0]}},{"k":[36,0,0,35,0],"v":{"t":[5,0]}},{"k":[37,0,0,34,0],"v":{"t":[5,0]}},{"k":[38,0,0,33,0],"v":{"t":[5,0]}},{"k":[39,0,0,32,0],"v":{"t":[5,0]}},{"k":[33,0,0,33,0],"v":{"t":[5,0]}},{"k":[32,0,0,34,0],"v":{"t":[7,0]}},{"k":[34,0,0,32,0],"v":{"t":[5,0]}},{"k":[32,0,0,33,0],"v":{"t":[5,0]}},{"k":[33,0,0,32,0],"v":{"t":[5,0]}},{"k":[32,0,0,36,0],"v":{"t":[5,0]}},{"k":[34,0,0,34,0],"v":{"t":[5,0]}},{"k":[35,0,0,33,0],"v":{"t":[5,0]}},{"k":[33,0,0,35,0],"v":{"t":[7,0]}},{"k":[36,0,0,32,0],"v":{"t":[5,0]}},{"k":[32,0,0,35,0],"v":{"t":[5,0]}},{"k":[33,0,0,34,0],"v":{"t":[5,0]}},{"k":[34,0,0,33,0],"v":{"t":[5,0]}},{"k":[35,0,0,32,0],"v":{"t":[5,0]}},{"k":[39,0,0,39,0],"v":{"t":[5,0]}},{"k":[39,0,0,38,0],"v":{"t":[5,0]}},{"k":[38,0,0,39,0],"v":{"t":[5,0]}},{"k":[37,0,0,37,0],"v":{"t":[5,0]}},{"k":[36,0,0,38,0],"v":{"t":[5,0]}},{"k":[35,0,0,39,0],"v":{"t":[5,0]}},{"k":[38,0,0,36,0],"v":{"t":[5,0]}},{"k":[39,0,0,35,0],"v":{"t":[7,0]}},{"k":[36,0,0,37,0],"v":{"t":[5,0]}},{"k":[35,0,0,38,0],"v":{"t":[5,0]}},{"k":[34,0,0,39,0],"v":{"t":[5,0]}},{"k":[37,0,0,36,0],"v":{"t":[5,0]}},{"k":[39,0,0,34,0],"v":{"t":[5,0]}},{"k":[38,0,0,35,0],"v":{"t":[7,0]}},{"k":[39,0,0,37,0],"v":{"t":[5,0]}},{"k":[38,0,0,38,0],"v":{"t":[5,0]}},{"k":[37,0,0,39,0],"v":{"t":[5,0]}},{"k":[38,0,0,37,0],"v":{"t":[5,0]}},{"k":[37,0,0,38,0],"v":{"t":[5,0]}},{"k":[36,0,0,39,0],"v":{"t":[5,0]}},{"k":[39,0,0,36,0],"v":{"t":[5,0]}},{"k":[32,0,0,32,0],"v":{"t":[5,0]}}]},"moun":{"a":[],"o":[]},"objs":{"list":[{"k":[39,0,0,35,0],"v":{"events":[{"id":2,"name":"Hero touch","p":[],"r":{"1":{"bh":true,"c":[{"command":[7,1,7,7,7,2,0],"kind":18},{"command":[7,0,0,1,1,0,0,46,0,0,0],"kind":20}]}},"sys":false}],"hId":-1,"id":2,"name":"OBJ0002","ooepf":false,"states":[{"cam":true,"climb":false,"dir":false,"gid":-1,"gk":0,"id":1,"move":true,"name":"Normal","pix":true,"pos":false,"stop":false,"sx":{"k":12,"v":1},"sy":{"k":12,"v":1},"sz":{"k":12,"v":1},"through":false,"x":0,"y":0}]}}]},"objs3d":{"a":[],"o":[]},"sprites":{"list":[],"overflow":[],"walls":[{"k":[33,0,0,39,0,50,100,0],"v":{"k":1,"w":5}},{"k":[39,0,0,36,0,100,50,90],"v":{"k":2,"w":5}},{"k":[32,0,0,39,0,50,100,0],"v":{"k":1,"w":5}},{"k":[35,0,0,39,0,50,100,0],"v":{"k":1,"w":5}},{"k":[34,0,0,39,0,50,100,0],"v":{"k":1,"w":5}},{"k":[39,0,0,33,0,100,50,90],"v":{"k":1,"w":5}},{"k":[39,0,0,32,0,100,50,90],"v":{"k":1,"w":5}},{"k":[39,0,0,39,0,100,50,90],"v":{"k":0,"w":5}},{"k":[39,0,0,38,0,100,50,90],"v":{"k":1,"w":5}},{"k":[37,0,0,39,0,50,100,0],"v":{"k":1,"w":5}},{"k":[36,0,0,39,0,50,100,0],"v":{"k":1,"w":5}},{"k":[39,0,0,39,0,50,100,0],"v":{"k":2,"w":5}},{"k":[39,0,0,34,0,100,50,90],"v":{"k":0,"w":5}},{"k":[38,0,0,39,0,50,100,0],"v":{"k":1,"w":5}},{"k":[39,0,0,37,0,100,50,90],"v":{"k":1,"w":5}}]}}