{"lands":{"autotiles":[{"k":[33,0,0,30,1],"v":{"id":7,"t":[2,1],"tid":177}},{"k":[32,0,0,31,1],"v":{"id":7,"t":[2,1],"tid":211}},{"k":[33,0,0,31,1],"v":{"id":7,"t":[2,1],"tid":116}},{"k":[35,0,0,29,1],"v":{"id":7,"t":[1,0],"tid":159}},{"k":[35,0,0,31,1],"v":{"id":7,"t":[3,0],"tid":159}}],"floors":[{"k":[32,0,0,16,0],"v":{"t":[7,0]}},{"k":[32,0,0,22,0],"v":{"t":[5,0]}},{"k":[33,0,0,21,0],"v":{"t":[5,0]}},{"k":[34,0,0,20,0],"v":{"t":[5,0]}},{"k":[35,0,0,19,0],"v":{"t":[5,0]}},{"k":[36,0,0,18,0],"v":{"t":[5,0]}},{"k":[37,0,0,17,0],"v":{"t":[5,0]}},{"k":[38,0,0,16,0],"v":{"t":[5,0]}},{"k":[32,0,0,21,0],"v":{"t":[5,0]}},{"k":[33,0,0,20,0],"v":{"t":[5,0]}},{"k":[34,0,0,19,0],"v":{"t":[5,0]}},{"k":[35,0,0,18,0],"v":{"t":[5,0]}},{"k":[36,0,0,17,0],"v":{"t":[5,0]}},{"k":[37,0,0,16,0],"v":{"t":[5,0]}},{"k":[32,0,0,24,0],"v":{"t":[5,0]}},{"k":[33,0,0,23,0],"v":{"t":[5,0]}},{"k":[34,0,0,22,0],"v":{"t":[5,0]}},{"k":[35,0,0,21,0],"v":{"t":[5,0]}},{"k":[36,0,0,20,0],"v":{"t":[5,0]}},{"k":[37,0,0,19,0],"v":{"t":[5,0]}},{"k":[38,0,0,18,0],"v":{"t":[5,0]}},{"k":[39,0,0,17,0],"v":{"t":[5,0]}},{"k":[32,0,0,23,0],"v":{"t":[5,0]}},{"k":[33,0,0,22,0],"v":{"t":[5,0]}},{"k":[34,0,0,21,0],"v":{"t":[5,0]}},{"k":[35,0,0,20,0],"v":{"t":[5,0]}},{"k":[36,0,0,19,0],"v":{"t":[5,0]}},{"k":[37,0,0,18,0],"v":{"t":[5,0]}},{"k":[38,0,0,17,0],"v":{"t":[5,0]}},{"k":[39,0,0,16,0],"v":{"t":[5,0]}},{"k":[32,0,0,18,0],"v":{"t":[5,0]}},{"k":[33,0,0,17,0],"v":{"t":[5,0]}},{"k":[34,0,0,16,0],"v":{"t":[5,0]}},{"k":[32,0,0,17,0],"v":{"t":[5,0]}},{"k":[33,0,0,16,0],"v":{"t":[5,0]}},{"k":[32,0,0,20,0],"v":{"t":[5,0]}},{"k":[33,0,0,19,0],"v":{"t":[5,0]}},{"k":[34,0,0,18,0],"v":{"t":[5,0]}},{"k":[35,0,0,17,0],"v":{"t":[5,0]}},{"k":[36,0,0,16,0],"v":{"t":[5,0]}},{"k":[32,0,0,19,0],"v":{"t":[5,0]}},{"k":[33,0,0,18,0],"v":{"t":[5,0]}},{"k":[34,0,0,17,0],"v":{"t":[5,0]}},{"k":[35,0,0,16,0],"v":{"t":[5,0]}},{"k":[34,0,0,28,0],"v":{"t":[5,0]}},{"k":[35,0,0,27,0],"v":{"t":[5,0]}},{"k":[36,0,0,26,0],"v":{"t":[5,0]}},{"k":[37,0,0,25,0],"v":{"t":[5,0]}},{"k":[38,0,0,24,0],"v":{"t":[5,0]}},{"k":[39,0,0,23,0],"v":{"t":[5,0]}},{"k":[32,0,0,30,0],"v":{"t":[5,0]}},{"k":[33,0,0,29,0],"v":{"t":[5,0]}},{"k":[32,0,0,29,0],"v":{"t":[5,0]}},{"k":[33,0,0,28,0],"v":{"t":[5,0]}},{"k":[34,0,0,27,0],"v":{"t":[5,0]}},{"k":[35,0,0,26,0],"v":{"t":[5,0]}},{"k":[36,0,0,25,0],"v":{"t":[5,0]}},{"k":[37,0,0,24,0],"v":{"t":[5,0]}},{"k":[38,0,0,23,0],"v":{"t":[5,0]}},{"k":[39,0,0,22,0],"v":{"t":[5,0]}},{"k":[36,0,0,28,0],"v":{"t":[5,0]}},{"k":[37,0,0,27,0],"v":{"t":[5,0]}},{"k":[38,0,0,26,0],"v":{"t":[5,0]}},{"k":[39,0,0,25,0],"v":{"t":[5,0]}},{"k":[34,0,0,30,0],"v":{"t":[5,0]}},{"k":[35,0,0,29,0],"v":{"t":[5,0]}},{"k":[33,0,0,31,0],"v":{"t":[5,0]}},{"k":[32,0,0,31,0],"v":{"t":[5,0]}},{"k":[35,0,0,28,0],"v":{"t":[5,0]}},{"k":[36,0,0,27,0],"v":{"t":[5,0]}},{"k":[37,0,0,26,0],"v":{"t":[5,0]}},{"k":[38,0,0,25,0],"v":{"t":[5,0]}},{"k":[39,0,0,24,0],"v":{"t":[5,0]}},{"k":[34,0,0,29,0],"v":{"t":[5,0]}},{"k":[33,0,0,30,0],"v":{"t":[5,0]}},{"k":[32,0,0,26,0],"v":{"t":[5,0]}},{"k":[33,0,0,25,0],"v":{"t":[5,0]}},{"k":[34,0,0,24,0],"v":{"t":[5,0]}},{"k":[35,0,0,23,0],"v":{"t":[5,0]}},{"k":[36,0,0,22,0],"v":{"t":[5,0]}},{"k":[37,0,0,21,0],"v":{"t":[5,0]}},{"k":[38,0,0,20,0],"v":{"t":[5,0]}},{"k":[39,0,0,19,0],"v":{"t":[5,0]}},{"k":[32,0,0,25,0],"v":{"t":[5,0]}},{"k":[33,0,0,24,0],"v":{"t":[5,0]}},{"k":[34,0,0,23,0],"v":{"t":[5,0]}},{"k":[35,0,0,22,0],"v":{"t":[5,0]}},{"k":[36,0,0,21,0],"v":{"t":[5,0]}},{"k":[37,0,0,20,0],"v":{"t":[5,0]}},{"k":[38,0,0,19,0],"v":{"t":[5,0]}},{"k":[39,0,0,18,0],"v":{"t":[5,0]}},{"k":[32,0,0,28,0],"v":{"t":[5,0]}},{"k":[33,0,0,27,0],"v":{"t":[5,0]}},{"k":[34,0,0,26,0],"v":{"t":[5,0]}},{"k":[35,0,0,25,0],"v":{"t":[5,0]}},{"k":[36,0,0,24,0],"v":{"t":[5,0]}},{"k":[37,0,0,23,0],"v":{"t":[5,0]}},{"k":[38,0,0,22,0],"v":{"t":[5,0]}},{"k":[39,0,0,21,0],"v":{"t":[5,0]}},{"k":[32,0,0,27,0],"v":{"t":[5,0]}},{"k":[33,0,0,26,0],"v":{"t":[5,0]}},{"k":[34,0,0,25,0],"v":{"t":[5,0]}},{"k":[35,0,0,24,0],"v":{"t":[5,0]}},{"k":[36,0,0,23,0],"v":{"t":[5,0]}},{"k":[37,0,0,22,0],"v":{"t":[5,0]}},{"k":[38,0,0,21,0],"v":{"t":[5,0]}},{"k":[39,0,0,20,0],"v":{"t":[5,0]}},{"k":[39,0,0,31,0],"v":{"t":[5,0]}},{"k":[38,0,0,31,0],"v":{"t":[5,0]}},{"k":[39,0,0,30,0],"v":{"t":[5,0]}},{"k":[37,0,0,29,0],"v":{"t":[5,0]}},{"k":[38,0,0,28,0],"v":{"t":[5,0]}},{"k":[39,0,0,27,0],"v":{"t":[5,0]}},{"k":[36,0,0,30,0],"v":{"t":[5,0]}},{"k":[35,0,0,31,0],"v":{"t":[5,0]}},{"k":[36,0,0,29,0],"v":{"t":[5,0]}},{"k":[37,0,0,28,0],"v":{"t":[5,0]}},{"k":[38,0,0,27,0],"v":{"t":[5,0]}},{"k":[39,0,0,26,0],"v":{"t":[5,0]}},{"k":[35,0,0,30,0],"v":{"t":[5,0]}},{"k":[34,0,0,31,0],"v":{"t":[5,0]}},{"k":[37,0,0,31,0],"v":{"t":[5,0]}},{"k":[38,0,0,30,0],"v":{"t":[5,0]}},{"k":[39,0,0,29,0],"v":{"t":[5,0]}},{"k":[37,0,0,30,0],"v":{"t":[5,0]}},{"k":[38,0,0,29,0],"v":{"t":[5,0]}},{"k":[39,0,0,28,0],"v":{"t":[5,0]}},{"k":[36,0,0,31,0],"v":{"t":[5,0]}}]},"moun":{"a":[],"o":[]},"objs":{"list":[{"k":[32,0,0,24,0],"v":{"events":[{"id":2,"name":"Hero touch","p":[],"r":{"1":{"bh":true,"c":[{"command":[7,0,0,15,10,0,0,13,0,0,0],"kind":20}]}},"sys":false}],"hId":-1,"id":9,"name":"OBJ0009","ooepf":false,"states":[{"cam":true,"climb":false,"dir":false,"gid":69,"gk":4,"id":1,"move":true,"name":"Normal","pix":true,"pos":false,"stop":false,"sx":{"k":12,"v":1},"sy":{"k":12,"v":1},"sz":{"k":12,"v":1},"through":false,"x":1,"y":1}]}},{"k":[34,0,0,31,0],"v":{"events":[{"id":1,"name":"Hero action","p":[],"r":{"1":{"bh":true,"c":[{"command":[8,"",4,2,1,1,"you missed the religious ceremony!"],"kind":1},{"command":[3,2,3,5,"-",1,"what religious ceremony?","-",1,"I wish I hadn't!"],"kind":31},{"children":[{"command":[8,"",4,2,1,1,"The animal sacrifice,  of course!"],"kind":1},{"command":[8,"",-1,0,0,1,"God will be pleased!"],"kind":1}],"command":[1],"kind":32},{"children":[{"command":[8,"",4,2,1,1,"It was a beautiful ceremony! Please come next time!"],"kind":1},{"command":[8,"",-1,0,0,1,"God is pleased by bloodshed! The animal sacrifice went so well!"],"kind":1}],"command":[2],"kind":32},{"command":[],"kind":33}]}},"sys":false}],"hId":3,"id":1,"name":"orenji","ooepf":false,"states":[{"cam":true,"climb":false,"dir":false,"gid":83,"gk":4,"id":1,"move":true,"name":"Normal","pix":true,"pos":false,"stop":false,"sx":{"k":12,"v":0.7},"sy":{"k":12,"v":0.7},"sz":{"k":12,"v":1},"through":false,"x":0,"y":0}]}}]},"objs3d":{"a":[],"o":[]},"sprites":{"list":[{"k":[37,0,0,21,0],"v":{"k":6,"t":[2,1,2,2]}},{"k":[34,0,0,26,0],"v":{"k":6,"t":[2,1,2,2]}}],"overflow":[],"walls":[{"k":[39,0,0,21,0,100,50,90],"v":{"k":1,"w":5}},{"k":[39,0,0,31,0,100,50,90],"v":{"k":1,"w":5}},{"k":[39,0,0,20,0,100,50,90],"v":{"k":1,"w":5}},{"k":[39,0,0,30,0,100,50,90],"v":{"k":1,"w":5}},{"k":[39,0,0,17,0,100,50,90],"v":{"k":1,"w":5}},{"k":[39,0,0,16,0,100,50,90],"v":{"k":1,"w":5}},{"k":[39,0,0,27,0,100,50,90],"v":{"k":1,"w":5}},{"k":[39,0,0,26,0,100,50,90],"v":{"k":1,"w":5}},{"k":[39,0,0,29,0,100,50,90],"v":{"k":1,"w":5}},{"k":[39,0,0,28,0,100,50,90],"v":{"k":1,"w":5}},{"k":[39,0,0,23,0,100,50,90],"v":{"k":1,"w":5}},{"k":[39,0,0,22,0,100,50,90],"v":{"k":1,"w":5}},{"k":[39,0,0,25,0,100,50,90],"v":{"k":1,"w":5}},{"k":[39,0,0,24,0,100,50,90],"v":{"k":1,"w":5}},{"k":[39,0,0,19,0,100,50,90],"v":{"k":1,"w":5}},{"k":[39,0,0,18,0,100,50,90],"v":{"k":1,"w":5}}]}}