{"lands":{"autotiles":[],"floors":[{"k":[0,0,0,9,0],"v":{"t":[2,1]}},{"k":[1,0,0,8,0],"v":{"t":[2,1]}},{"k":[2,0,0,7,0],"v":{"t":[2,1]}},{"k":[3,0,0,6,0],"v":{"t":[2,1]}},{"k":[4,0,0,5,0],"v":{"t":[2,1]}},{"k":[5,0,0,4,0],"v":{"t":[2,1]}},{"k":[6,0,0,3,0],"v":{"t":[2,1]}},{"k":[7,0,0,2,0],"v":{"t":[2,1]}},{"k":[8,0,0,1,0],"v":{"t":[2,1]}},{"k":[9,0,0,0,0],"v":{"t":[2,1]}},{"k":[0,0,0,10,0],"v":{"t":[2,1]}},{"k":[1,0,0,9,0],"v":{"t":[2,1]}},{"k":[2,0,0,8,0],"v":{"t":[2,1]}},{"k":[3,0,0,7,0],"v":{"t":[2,1]}},{"k":[4,0,0,6,0],"v":{"t":[2,1]}},{"k":[5,0,0,5,0],"v":{"t":[2,1]}},{"k":[6,0,0,4,0],"v":{"t":[2,1]}},{"k":[7,0,0,3,0],"v":{"t":[2,1]}},{"k":[8,0,0,2,0],"v":{"t":[2,1]}},{"k":[9,0,0,1,0],"v":{"t":[2,1]}},{"k":[10,0,0,0,0],"v":{"t":[2,1]}},{"k":[0,0,0,11,0],"v":{"t":[2,1]}},{"k":[1,0,0,10,0],"v":{"t":[2,1]}},{"k":[2,0,0,9,0],"v":{"t":[2,1]}},{"k":[3,0,0,8,0],"v":{"t":[2,1]}},{"k":[4,0,0,7,0],"v":{"t":[2,1]}},{"k":[5,0,0,6,0],"v":{"t":[2,1]}},{"k":[6,0,0,5,0],"v":{"t":[2,1]}},{"k":[7,0,0,4,0],"v":{"t":[2,1]}},{"k":[8,0,0,3,0],"v":{"t":[2,1]}},{"k":[9,0,0,2,0],"v":{"t":[2,1]}},{"k":[10,0,0,1,0],"v":{"t":[2,1]}},{"k":[11,0,0,0,0],"v":{"t":[2,1]}},{"k":[0,0,0,12,0],"v":{"t":[2,1]}},{"k":[1,0,0,11,0],"v":{"t":[2,1]}},{"k":[2,0,0,10,0],"v":{"t":[2,1]}},{"k":[3,0,0,9,0],"v":{"t":[2,1]}},{"k":[4,0,0,8,0],"v":{"t":[2,1]}},{"k":[5,0,0,7,0],"v":{"t":[2,1]}},{"k":[6,0,0,6,0],"v":{"t":[2,1]}},{"k":[7,0,0,5,0],"v":{"t":[2,1]}},{"k":[8,0,0,4,0],"v":{"t":[2,1]}},{"k":[9,0,0,3,0],"v":{"t":[2,1]}},{"k":[10,0,0,2,0],"v":{"t":[2,1]}},{"k":[11,0,0,1,0],"v":{"t":[2,1]}},{"k":[12,0,0,0,0],"v":{"t":[2,1]}},{"k":[0,0,0,13,0],"v":{"t":[2,1]}},{"k":[1,0,0,12,0],"v":{"t":[2,1]}},{"k":[2,0,0,11,0],"v":{"t":[2,1]}},{"k":[3,0,0,10,0],"v":{"t":[2,1]}},{"k":[4,0,0,9,0],"v":{"t":[2,1]}},{"k":[5,0,0,8,0],"v":{"t":[2,1]}},{"k":[6,0,0,7,0],"v":{"t":[2,1]}},{"k":[7,0,0,6,0],"v":{"t":[2,1]}},{"k":[8,0,0,5,0],"v":{"t":[2,1]}},{"k":[9,0,0,4,0],"v":{"t":[2,1]}},{"k":[10,0,0,3,0],"v":{"t":[2,1]}},{"k":[11,0,0,2,0],"v":{"t":[2,1]}},{"k":[12,0,0,1,0],"v":{"t":[2,1]}},{"k":[13,0,0,0,0],"v":{"t":[2,1]}},{"k":[1,0,0,13,0],"v":{"t":[2,1]}},{"k":[2,0,0,12,0],"v":{"t":[2,1]}},{"k":[3,0,0,11,0],"v":{"t":[2,1]}},{"k":[4,0,0,10,0],"v":{"t":[2,1]}},{"k":[5,0,0,9,0],"v":{"t":[2,1]}},{"k":[6,0,0,8,0],"v":{"t":[2,1]}},{"k":[7,0,0,7,0],"v":{"t":[2,1]}},{"k":[8,0,0,6,0],"v":{"t":[2,1]}},{"k":[9,0,0,5,0],"v":{"t":[2,1]}},{"k":[0,0,0,14,0],"v":{"t":[2,1]}},{"k":[10,0,0,4,0],"v":{"t":[2,1]}},{"k":[11,0,0,3,0],"v":{"t":[2,1]}},{"k":[12,0,0,2,0],"v":{"t":[2,1]}},{"k":[13,0,0,1,0],"v":{"t":[2,1]}},{"k":[14,0,0,0,0],"v":{"t":[2,1]}},{"k":[2,0,0,13,0],"v":{"t":[2,1]}},{"k":[3,0,0,12,0],"v":{"t":[2,1]}},{"k":[4,0,0,11,0],"v":{"t":[2,1]}},{"k":[5,0,0,10,0],"v":{"t":[2,1]}},{"k":[6,0,0,9,0],"v":{"t":[2,1]}},{"k":[7,0,0,8,0],"v":{"t":[2,1]}},{"k":[8,0,0,7,0],"v":{"t":[2,1]}},{"k":[9,0,0,6,0],"v":{"t":[2,1]}},{"k":[1,0,0,14,0],"v":{"t":[2,1]}},{"k":[10,0,0,5,0],"v":{"t":[2,1]}},{"k":[0,0,0,15,0],"v":{"t":[2,1]}},{"k":[11,0,0,4,0],"v":{"t":[2,1]}},{"k":[12,0,0,3,0],"v":{"t":[2,1]}},{"k":[13,0,0,2,0],"v":{"t":[2,1]}},{"k":[14,0,0,1,0],"v":{"t":[2,1]}},{"k":[15,0,0,0,0],"v":{"t":[2,1]}},{"k":[3,0,0,13,0],"v":{"t":[2,1]}},{"k":[4,0,0,12,0],"v":{"t":[2,1]}},{"k":[5,0,0,11,0],"v":{"t":[2,1]}},{"k":[6,0,0,10,0],"v":{"t":[2,1]}},{"k":[7,0,0,9,0],"v":{"t":[2,1]}},{"k":[8,0,0,8,0],"v":{"t":[2,1]}},{"k":[9,0,0,7,0],"v":{"t":[2,1]}},{"k":[2,0,0,14,0],"v":{"t":[2,1]}},{"k":[10,0,0,6,0],"v":{"t":[2,1]}},{"k":[1,0,0,15,0],"v":{"t":[2,1]}},{"k":[11,0,0,5,0],"v":{"t":[2,1]}},{"k":[12,0,0,4,0],"v":{"t":[2,1]}},{"k":[13,0,0,3,0],"v":{"t":[2,1]}},{"k":[14,0,0,2,0],"v":{"t":[2,1]}},{"k":[15,0,0,1,0],"v":{"t":[2,1]}},{"k":[4,0,0,13,0],"v":{"t":[2,1]}},{"k":[5,0,0,12,0],"v":{"t":[2,1]}},{"k":[6,0,0,11,0],"v":{"t":[2,1]}},{"k":[7,0,0,10,0],"v":{"t":[2,1]}},{"k":[8,0,0,9,0],"v":{"t":[2,1]}},{"k":[9,0,0,8,0],"v":{"t":[2,1]}},{"k":[3,0,0,14,0],"v":{"t":[2,1]}},{"k":[10,0,0,7,0],"v":{"t":[2,1]}},{"k":[2,0,0,15,0],"v":{"t":[2,1]}},{"k":[11,0,0,6,0],"v":{"t":[2,1]}},{"k":[12,0,0,5,0],"v":{"t":[2,1]}},{"k":[13,0,0,4,0],"v":{"t":[2,1]}},{"k":[14,0,0,3,0],"v":{"t":[2,1]}},{"k":[15,0,0,2,0],"v":{"t":[2,1]}},{"k":[5,0,0,13,0],"v":{"t":[2,1]}},{"k":[6,0,0,12,0],"v":{"t":[2,1]}},{"k":[7,0,0,11,0],"v":{"t":[2,1]}},{"k":[8,0,0,10,0],"v":{"t":[2,1]}},{"k":[9,0,0,9,0],"v":{"t":[2,1]}},{"k":[4,0,0,14,0],"v":{"t":[2,1]}},{"k":[10,0,0,8,0],"v":{"t":[2,1]}},{"k":[3,0,0,15,0],"v":{"t":[2,1]}},{"k":[11,0,0,7,0],"v":{"t":[2,1]}},{"k":[12,0,0,6,0],"v":{"t":[2,1]}},{"k":[13,0,0,5,0],"v":{"t":[2,1]}},{"k":[14,0,0,4,0],"v":{"t":[2,1]}},{"k":[15,0,0,3,0],"v":{"t":[2,1]}},{"k":[6,0,0,13,0],"v":{"t":[2,1]}},{"k":[7,0,0,12,0],"v":{"t":[2,1]}},{"k":[8,0,0,11,0],"v":{"t":[2,1]}},{"k":[9,0,0,10,0],"v":{"t":[2,1]}},{"k":[5,0,0,14,0],"v":{"t":[2,1]}},{"k":[10,0,0,9,0],"v":{"t":[2,1]}},{"k":[4,0,0,15,0],"v":{"t":[2,1]}},{"k":[11,0,0,8,0],"v":{"t":[2,1]}},{"k":[12,0,0,7,0],"v":{"t":[2,1]}},{"k":[13,0,0,6,0],"v":{"t":[2,1]}},{"k":[14,0,0,5,0],"v":{"t":[2,1]}},{"k":[15,0,0,4,0],"v":{"t":[2,1]}},{"k":[7,0,0,13,0],"v":{"t":[2,1]}},{"k":[8,0,0,12,0],"v":{"t":[2,1]}},{"k":[9,0,0,11,0],"v":{"t":[2,1]}},{"k":[6,0,0,14,0],"v":{"t":[2,1]}},{"k":[10,0,0,10,0],"v":{"t":[2,1]}},{"k":[5,0,0,15,0],"v":{"t":[2,1]}},{"k":[11,0,0,9,0],"v":{"t":[2,1]}},{"k":[12,0,0,8,0],"v":{"t":[2,1]}},{"k":[13,0,0,7,0],"v":{"t":[2,1]}},{"k":[14,0,0,6,0],"v":{"t":[2,1]}},{"k":[15,0,0,5,0],"v":{"t":[2,1]}},{"k":[8,0,0,13,0],"v":{"t":[2,1]}},{"k":[9,0,0,12,0],"v":{"t":[2,1]}},{"k":[7,0,0,14,0],"v":{"t":[2,1]}},{"k":[10,0,0,11,0],"v":{"t":[2,1]}},{"k":[6,0,0,15,0],"v":{"t":[2,1]}},{"k":[11,0,0,10,0],"v":{"t":[2,1]}},{"k":[12,0,0,9,0],"v":{"t":[2,1]}},{"k":[13,0,0,8,0],"v":{"t":[2,1]}},{"k":[14,0,0,7,0],"v":{"t":[2,1]}},{"k":[15,0,0,6,0],"v":{"t":[2,1]}},{"k":[9,0,0,13,0],"v":{"t":[2,1]}},{"k":[8,0,0,14,0],"v":{"t":[2,1]}},{"k":[10,0,0,12,0],"v":{"t":[2,1]}},{"k":[7,0,0,15,0],"v":{"t":[2,1]}},{"k":[11,0,0,11,0],"v":{"t":[2,1]}},{"k":[12,0,0,10,0],"v":{"t":[2,1]}},{"k":[13,0,0,9,0],"v":{"t":[2,1]}},{"k":[14,0,0,8,0],"v":{"t":[2,1]}},{"k":[15,0,0,7,0],"v":{"t":[2,1]}},{"k":[10,0,0,13,0],"v":{"t":[2,1]}},{"k":[9,0,0,14,0],"v":{"t":[2,1]}},{"k":[8,0,0,15,0],"v":{"t":[2,1]}},{"k":[11,0,0,12,0],"v":{"t":[2,1]}},{"k":[12,0,0,11,0],"v":{"t":[2,1]}},{"k":[13,0,0,10,0],"v":{"t":[2,1]}},{"k":[14,0,0,9,0],"v":{"t":[2,1]}},{"k":[15,0,0,8,0],"v":{"t":[2,1]}},{"k":[12,0,0,12,0],"v":{"t":[2,1]}},{"k":[11,0,0,13,0],"v":{"t":[2,1]}},{"k":[10,0,0,14,0],"v":{"t":[2,1]}},{"k":[9,0,0,15,0],"v":{"t":[2,1]}},{"k":[13,0,0,11,0],"v":{"t":[2,1]}},{"k":[14,0,0,10,0],"v":{"t":[2,1]}},{"k":[15,0,0,9,0],"v":{"t":[2,1]}},{"k":[0,0,0,0,0],"v":{"t":[2,1]}},{"k":[0,0,0,1,0],"v":{"t":[2,1]}},{"k":[1,0,0,0,0],"v":{"t":[2,1]}},{"k":[0,0,0,2,0],"v":{"t":[2,1]}},{"k":[1,0,0,1,0],"v":{"t":[2,1]}},{"k":[2,0,0,0,0],"v":{"t":[2,1]}},{"k":[0,0,0,3,0],"v":{"t":[2,1]}},{"k":[1,0,0,2,0],"v":{"t":[2,1]}},{"k":[2,0,0,1,0],"v":{"t":[2,1]}},{"k":[3,0,0,0,0],"v":{"t":[2,1]}},{"k":[0,0,0,4,0],"v":{"t":[2,1]}},{"k":[1,0,0,3,0],"v":{"t":[2,1]}},{"k":[2,0,0,2,0],"v":{"t":[2,1]}},{"k":[3,0,0,1,0],"v":{"t":[2,1]}},{"k":[4,0,0,0,0],"v":{"t":[2,1]}},{"k":[0,0,0,5,0],"v":{"t":[2,1]}},{"k":[1,0,0,4,0],"v":{"t":[2,1]}},{"k":[2,0,0,3,0],"v":{"t":[2,1]}},{"k":[3,0,0,2,0],"v":{"t":[2,1]}},{"k":[4,0,0,1,0],"v":{"t":[2,1]}},{"k":[5,0,0,0,0],"v":{"t":[2,1]}},{"k":[0,0,0,6,0],"v":{"t":[2,1]}},{"k":[1,0,0,5,0],"v":{"t":[2,1]}},{"k":[2,0,0,4,0],"v":{"t":[2,1]}},{"k":[3,0,0,3,0],"v":{"t":[2,1]}},{"k":[4,0,0,2,0],"v":{"t":[2,1]}},{"k":[5,0,0,1,0],"v":{"t":[2,1]}},{"k":[6,0,0,0,0],"v":{"t":[2,1]}},{"k":[0,0,0,7,0],"v":{"t":[2,1]}},{"k":[1,0,0,6,0],"v":{"t":[2,1]}},{"k":[2,0,0,5,0],"v":{"t":[2,1]}},{"k":[3,0,0,4,0],"v":{"t":[2,1]}},{"k":[4,0,0,3,0],"v":{"t":[2,1]}},{"k":[5,0,0,2,0],"v":{"t":[2,1]}},{"k":[6,0,0,1,0],"v":{"t":[2,1]}},{"k":[7,0,0,0,0],"v":{"t":[2,1]}},{"k":[0,0,0,8,0],"v":{"t":[2,1]}},{"k":[1,0,0,7,0],"v":{"t":[2,1]}},{"k":[2,0,0,6,0],"v":{"t":[2,1]}},{"k":[3,0,0,5,0],"v":{"t":[2,1]}},{"k":[4,0,0,4,0],"v":{"t":[2,1]}},{"k":[5,0,0,3,0],"v":{"t":[2,1]}},{"k":[6,0,0,2,0],"v":{"t":[2,1]}},{"k":[7,0,0,1,0],"v":{"t":[2,1]}},{"k":[8,0,0,0,0],"v":{"t":[2,1]}},{"k":[12,0,0,13,0],"v":{"t":[2,1]}},{"k":[11,0,0,14,0],"v":{"t":[2,1]}},{"k":[10,0,0,15,0],"v":{"t":[2,1]}},{"k":[13,0,0,12,0],"v":{"t":[2,1]}},{"k":[14,0,0,11,0],"v":{"t":[2,1]}},{"k":[15,0,0,10,0],"v":{"t":[2,1]}},{"k":[13,0,0,13,0],"v":{"t":[2,1]}},{"k":[12,0,0,14,0],"v":{"t":[2,1]}},{"k":[11,0,0,15,0],"v":{"t":[2,1]}},{"k":[14,0,0,12,0],"v":{"t":[2,1]}},{"k":[15,0,0,11,0],"v":{"t":[2,1]}},{"k":[14,0,0,13,0],"v":{"t":[2,1]}},{"k":[13,0,0,14,0],"v":{"t":[2,1]}},{"k":[12,0,0,15,0],"v":{"t":[2,1]}},{"k":[15,0,0,12,0],"v":{"t":[2,1]}},{"k":[15,0,0,13,0],"v":{"t":[2,1]}},{"k":[14,0,0,14,0],"v":{"t":[2,1]}},{"k":[13,0,0,15,0],"v":{"t":[2,1]}},{"k":[15,0,0,14,0],"v":{"t":[2,1]}},{"k":[14,0,0,15,0],"v":{"t":[2,1]}},{"k":[15,0,0,15,0],"v":{"t":[2,1]}}]},"moun":{"a":[],"o":[]},"objs":{"list":[{"k":[7,0,0,8,0],"v":{"events":[{"id":1,"name":"Hero action","p":[],"r":{"1":{"bh":true,"c":[{"command":[8,"",-1,0,0,1,"hello im god... i mean dog... i mean...\nidk how to say it\ni forgot if the d or the g goes first in my name"],"kind":1},{"command":[8,"",-1,0,0,1,"did a cat teleport you here too? \n"],"kind":1},{"command":[8,"",-1,0,0,1,"cat said if i can do this problem i can escape..."],"kind":1},{"command":[8,"",-1,0,0,1,"okay here's the problem...\ndo you got a pencil and paper friend?\nyou might wanna write this down."],"kind":1},{"command":[8,"",-1,0,0,1,"Dongo the Raboon Monger offers 45 minute raboon mongering classes\nat a rate of 12 slices of ham per class. ..."],"kind":1},{"command":[8,"",-1,0,0,1,"If the number of minutes Dzongar spent raboon mongering \nwas 132 greater than the number of ham slices he offered,\nhow many raboon mongering classes did Dzongar attend?"],"kind":1},{"command":[7,-1,7,-1,7,3,0],"kind":18}]},"2":{"bh":true,"c":[]},"3":{"bh":true,"c":[{"command":[8,"",-1,0,0,1,"okay do you have the answer?\n"],"kind":1},{"command":[3,2,3,5,"-",1,"Yes","-",1,"No","-",1,"repeat question pls"],"kind":31},{"children":[{"command":[4,22,3,2],"kind":7},{"children":[{"command":[7,-1,7,2,7,3,0],"kind":18},{"command":[8,"",-1,0,0,1,"Hey look a portal! Yay! \nYou figured it out!!\n"],"kind":1},{"command":[7,-1,7,1,7,4,0],"kind":18},{"command":[7,10,7,2,7,3,0],"kind":18}],"command":[0,0,4,22,0,12,4],"kind":8},{"command":[],"kind":10},{"children":[{"command":[8,"",-1,0,0,1,"to me that sounds like a fine enough answer but if you \nwere right I think something would happen...\ntry again."],"kind":1},{"command":[],"kind":42}],"command":[0,0,4,22,1,12,4],"kind":8},{"command":[],"kind":10}],"command":[1],"kind":32},{"children":[],"command":[2],"kind":32},{"children":[{"command":[8,"",-1,0,0,1,"I told you to write it down! but okay here it goes:"],"kind":1},{"command":[8,"",-1,0,0,1,"Dongo the Raboon Monger offers 45 minute raboon mongering classes\nat a rate of 12 slices of ham per class. ..."],"kind":1},{"command":[8,"",-1,0,0,1,"If the number of minutes Dzongar spent raboon mongering \nwas 132 greater than the number of ham slices he offered,\nhow many raboon mongering classes did Dzongar attend?"],"kind":1}],"command":[3],"kind":32},{"command":[],"kind":33}]},"4":{"bh":true,"c":[{"command":[8,"",-1,0,0,1,"you are so cool and smart! <3"],"kind":1}]}},"sys":false},{"id":1,"name":"Time","p":[{"id":1,"name":"Interval","v":{"k":2,"v":null}},{"id":2,"name":"Repeat","v":{"k":2,"v":null}}],"r":{"1":{"bh":false,"c":[]},"2":{"bh":true,"c":[]},"3":{"bh":true,"c":[]},"4":{"bh":false,"c":[{"command":[7,-1,0,1,0,9,0],"kind":21}]}},"sys":true}],"hId":-1,"id":1,"name":"Doggo1","ooepf":false,"states":[{"cam":true,"climb":false,"dir":false,"gid":59,"gk":4,"id":1,"move":true,"name":"Normal","pix":true,"pos":false,"stop":false,"sx":{"k":12,"v":1},"sy":{"k":12,"v":1},"sz":{"k":12,"v":1},"through":false,"x":0,"y":0},{"cam":true,"climb":false,"dir":false,"gid":-1,"gk":0,"id":2,"move":true,"name":"NO EXISTO","pix":true,"pos":false,"stop":false,"sx":{"k":12,"v":1},"sy":{"k":12,"v":1},"sz":{"k":12,"v":1},"through":false,"x":0,"y":0},{"cam":true,"climb":false,"dir":false,"gid":59,"gk":4,"id":3,"move":true,"name":"third","pix":true,"pos":false,"stop":false,"sx":{"k":12,"v":1},"sy":{"k":12,"v":1},"sz":{"k":12,"v":1},"through":false,"x":0,"y":0},{"cam":true,"climb":false,"dir":false,"gid":59,"gk":4,"id":4,"move":true,"name":"fourth","pix":true,"pos":false,"stop":false,"sx":{"k":12,"v":1},"sy":{"k":12,"v":1},"sz":{"k":12,"v":1},"through":false,"x":0,"y":0}]}},{"k":[12,0,0,8,0],"v":{"events":[{"id":2,"name":"Hero touch","p":[],"r":{"1":{"bh":true,"c":[]},"2":{"bh":true,"c":[]},"3":{"bh":true,"c":[{"command":[7,0,0,10,4,0,0,4,0,0,0],"kind":20}]}},"sys":false}],"hId":-1,"id":2,"name":"dog portal","ooepf":false,"states":[{"cam":true,"climb":false,"dir":false,"gid":-1,"gk":4,"id":1,"move":true,"name":"Normal","pix":true,"pos":false,"stop":false,"sx":{"k":12,"v":1},"sy":{"k":12,"v":1},"sz":{"k":12,"v":1},"through":false,"x":0,"y":0},{"cam":true,"climb":false,"dir":false,"gid":-1,"gk":0,"id":2,"move":true,"name":"NO EXISTO","pix":true,"pos":false,"stop":false,"sx":{"k":12,"v":1},"sy":{"k":12,"v":1},"sz":{"k":12,"v":1},"through":false,"x":0,"y":0},{"cam":true,"climb":false,"dir":false,"gid":67,"gk":4,"id":3,"move":true,"name":"third","pix":true,"pos":false,"stop":false,"sx":{"k":12,"v":2},"sy":{"k":12,"v":2},"sz":{"k":12,"v":1},"through":false,"x":0,"y":0}]}}]},"objs3d":{"a":[],"o":[]},"sprites":{"list":[{"k":[2,0,0,12,0],"v":{"k":4,"t":[3,7,1,2]}},{"k":[11,0,0,4,0],"v":{"k":4,"t":[1,7,1,2]}},{"k":[1,0,0,2,0],"v":{"k":4,"t":[1,7,1,2]}}],"overflow":[],"walls":[]}}