{"lands":{"autotiles":[{"k":[1,0,0,3,0],"v":{"id":6,"t":[4,6],"tid":618}},{"k":[3,0,0,1,0],"v":{"id":6,"t":[6,3],"tid":636}},{"k":[4,0,0,0,0],"v":{"id":6,"t":[6,3],"tid":477}},{"k":[2,0,0,2,0],"v":{"id":5,"t":[0,0],"tid":636}},{"k":[0,0,0,4,0],"v":{"id":2,"t":[0,2],"tid":177}},{"k":[1,0,0,2,0],"v":{"id":6,"t":[4,6],"tid":177}},{"k":[3,0,0,0,0],"v":{"id":6,"t":[6,3],"tid":223}},{"k":[2,0,0,1,0],"v":{"id":5,"t":[0,0],"tid":636}},{"k":[0,0,0,3,0],"v":{"id":5,"t":[0,0],"tid":618}},{"k":[2,0,0,0,0],"v":{"id":5,"t":[0,0],"tid":177}},{"k":[0,0,0,2,0],"v":{"id":5,"t":[0,0],"tid":177}},{"k":[1,0,0,1,0],"v":{"id":2,"t":[0,2],"tid":425}},{"k":[1,0,0,0,0],"v":{"id":6,"t":[4,6],"tid":425}},{"k":[0,0,0,1,0],"v":{"id":2,"t":[0,2],"tid":211}},{"k":[1,0,0,7,0],"v":{"id":6,"t":[4,6],"tid":618}},{"k":[5,0,0,3,0],"v":{"id":6,"t":[6,3],"tid":477}},{"k":[6,0,0,2,0],"v":{"id":6,"t":[0,0],"tid":211}},{"k":[8,0,0,0,0],"v":{"id":5,"t":[0,0],"tid":223}},{"k":[7,0,0,1,0],"v":{"id":5,"t":[0,0],"tid":211}},{"k":[0,0,0,8,0],"v":{"id":2,"t":[0,2],"tid":520}},{"k":[1,0,0,6,0],"v":{"id":6,"t":[4,6],"tid":177}},{"k":[6,0,0,1,0],"v":{"id":6,"t":[6,3],"tid":372}},{"k":[7,0,0,0,0],"v":{"id":6,"t":[6,3],"tid":425}},{"k":[4,0,0,3,0],"v":{"id":6,"t":[6,3],"tid":520}},{"k":[0,0,0,7,0],"v":{"id":2,"t":[0,2],"tid":177}},{"k":[5,0,0,2,0],"v":{"id":3,"t":[1,1],"tid":159}},{"k":[4,0,0,2,0],"v":{"id":6,"t":[6,3],"tid":413}},{"k":[5,0,0,1,0],"v":{"id":6,"t":[6,3],"tid":570}},{"k":[6,0,0,0,0],"v":{"id":6,"t":[6,3],"tid":469}},{"k":[0,0,0,6,0],"v":{"id":6,"t":[4,7],"tid":159}},{"k":[3,0,0,3,0],"v":{"id":5,"t":[0,0],"tid":425}},{"k":[1,0,0,5,0],"v":{"id":5,"t":[0,0],"tid":618}},{"k":[3,0,0,2,0],"v":{"id":6,"t":[6,3],"tid":520}},{"k":[5,0,0,0,0],"v":{"id":6,"t":[6,3],"tid":461}},{"k":[2,0,0,3,0],"v":{"id":5,"t":[0,0],"tid":520}},{"k":[1,0,0,4,0],"v":{"id":5,"t":[0,0],"tid":177}},{"k":[4,0,0,1,0],"v":{"id":2,"t":[0,0],"tid":159}},{"k":[0,0,0,5,0],"v":{"id":2,"t":[0,2],"tid":618}},{"k":[0,0,0,0,0],"v":{"id":6,"t":[4,6],"tid":211}},{"k":[15,0,0,3,0],"v":{"id":6,"t":[6,3],"tid":159}},{"k":[15,0,0,2,0],"v":{"id":6,"t":[0,0],"tid":116}},{"k":[14,0,0,3,0],"v":{"id":2,"t":[0,2],"tid":159}},{"k":[9,0,0,3,0],"v":{"id":6,"t":[6,3],"tid":18}},{"k":[11,0,0,1,0],"v":{"id":6,"t":[6,3],"tid":584}},{"k":[12,0,0,0,0],"v":{"id":6,"t":[6,3],"tid":471}},{"k":[0,0,0,12,0],"v":{"id":6,"t":[4,7],"tid":159}},{"k":[1,0,0,11,0],"v":{"id":5,"t":[0,0],"tid":413}},{"k":[10,0,0,2,0],"v":{"id":5,"t":[0,0],"tid":618}},{"k":[1,0,0,10,0],"v":{"id":6,"t":[4,6],"tid":618}},{"k":[9,0,0,2,0],"v":{"id":6,"t":[6,3],"tid":177}},{"k":[8,0,0,3,0],"v":{"id":6,"t":[6,3],"tid":477}},{"k":[11,0,0,0,0],"v":{"id":6,"t":[6,3],"tid":461}},{"k":[0,0,0,11,0],"v":{"id":5,"t":[0,0],"tid":520}},{"k":[10,0,0,1,0],"v":{"id":5,"t":[0,0],"tid":177}},{"k":[2,0,0,8,0],"v":{"id":6,"t":[4,6],"tid":159}},{"k":[1,0,0,9,0],"v":{"id":6,"t":[4,6],"tid":413}},{"k":[10,0,0,0,0],"v":{"id":6,"t":[6,3],"tid":211}},{"k":[7,0,0,3,0],"v":{"id":6,"t":[6,3],"tid":477}},{"k":[8,0,0,2,0],"v":{"id":6,"t":[0,0],"tid":425}},{"k":[0,0,0,10,0],"v":{"id":5,"t":[0,0],"tid":177}},{"k":[9,0,0,1,0],"v":{"id":2,"t":[0,0],"tid":159}},{"k":[0,0,0,9,0],"v":{"id":6,"t":[4,6],"tid":211}},{"k":[6,0,0,3,0],"v":{"id":6,"t":[6,3],"tid":477}},{"k":[7,0,0,2,0],"v":{"id":6,"t":[0,0],"tid":477}},{"k":[9,0,0,0,0],"v":{"id":5,"t":[0,0],"tid":425}},{"k":[8,0,0,1,0],"v":{"id":5,"t":[0,0],"tid":116}},{"k":[1,0,0,8,0],"v":{"id":2,"t":[0,2],"tid":425}},{"k":[1,0,0,15,0],"v":{"id":6,"t":[6,3],"tid":177}},{"k":[13,0,0,3,0],"v":{"id":6,"t":[6,3],"tid":372}},{"k":[14,0,0,2,0],"v":{"id":6,"t":[0,0],"tid":211}},{"k":[15,0,0,1,0],"v":{"id":6,"t":[0,0],"tid":636}},{"k":[13,0,0,2,0],"v":{"id":6,"t":[6,3],"tid":370}},{"k":[12,0,0,3,0],"v":{"id":6,"t":[6,3],"tid":570}},{"k":[15,0,0,0,0],"v":{"id":6,"t":[0,0],"tid":177}},{"k":[1,0,0,14,0],"v":{"id":5,"t":[0,0],"tid":618}},{"k":[0,0,0,15,0],"v":{"id":5,"t":[0,0],"tid":177}},{"k":[14,0,0,1,0],"v":{"id":3,"t":[1,1],"tid":159}},{"k":[12,0,0,2,0],"v":{"id":6,"t":[6,3],"tid":308}},{"k":[13,0,0,1,0],"v":{"id":6,"t":[6,3],"tid":370}},{"k":[14,0,0,0,0],"v":{"id":6,"t":[6,3],"tid":425}},{"k":[0,0,0,14,0],"v":{"id":6,"t":[4,7],"tid":159}},{"k":[1,0,0,13,0],"v":{"id":5,"t":[0,0],"tid":636}},{"k":[11,0,0,3,0],"v":{"id":5,"t":[0,0],"tid":159}},{"k":[0,0,0,13,0],"v":{"id":6,"t":[6,3],"tid":159}},{"k":[11,0,0,2,0],"v":{"id":6,"t":[6,3],"tid":570}},{"k":[10,0,0,3,0],"v":{"id":6,"t":[6,3],"tid":425}},{"k":[12,0,0,1,0],"v":{"id":6,"t":[6,3],"tid":318}},{"k":[13,0,0,0,0],"v":{"id":6,"t":[6,3],"tid":469}},{"k":[1,0,0,12,0],"v":{"id":5,"t":[0,0],"tid":636}}],"floors":[{"k":[13,0,0,15,0],"v":{"t":[11,19]}},{"k":[14,0,0,14,0],"v":{"t":[12,18]}},{"k":[15,0,0,13,0],"v":{"t":[13,17]}},{"k":[12,0,0,15,0],"v":{"t":[10,19]}},{"k":[13,0,0,14,0],"v":{"t":[11,18]}},{"k":[14,0,0,13,0],"v":{"t":[12,17]}},{"k":[15,0,0,12,0],"v":{"t":[13,16]}},{"k":[11,0,0,15,0],"v":{"t":[9,19]}},{"k":[12,0,0,14,0],"v":{"t":[10,18]}},{"k":[13,0,0,13,0],"v":{"t":[11,17]}},{"k":[14,0,0,12,0],"v":{"t":[12,16]}},{"k":[15,0,0,11,0],"v":{"t":[13,15]}},{"k":[10,0,0,15,0],"v":{"t":[8,19]}},{"k":[11,0,0,14,0],"v":{"t":[9,18]}},{"k":[12,0,0,13,0],"v":{"t":[10,17]}},{"k":[13,0,0,12,0],"v":{"t":[11,16]}},{"k":[14,0,0,11,0],"v":{"t":[12,15]}},{"k":[15,0,0,10,0],"v":{"t":[13,14]}},{"k":[15,0,0,15,0],"v":{"t":[13,19]}},{"k":[14,0,0,15,0],"v":{"t":[12,19]}},{"k":[15,0,0,14,0],"v":{"t":[13,18]}},{"k":[2,0,0,6,0],"v":{"t":[0,10]}},{"k":[3,0,0,5,0],"v":{"t":[1,9]}},{"k":[4,0,0,4,0],"v":{"t":[2,8]}},{"k":[2,0,0,5,0],"v":{"t":[0,9]}},{"k":[3,0,0,4,0],"v":{"t":[1,8]}},{"k":[2,0,0,4,0],"v":{"t":[0,8]}},{"k":[5,0,0,15,0],"v":{"t":[3,19]}},{"k":[6,0,0,14,0],"v":{"t":[4,18]}},{"k":[7,0,0,13,0],"v":{"t":[5,17]}},{"k":[8,0,0,12,0],"v":{"t":[6,16]}},{"k":[9,0,0,11,0],"v":{"t":[7,15]}},{"k":[10,0,0,10,0],"v":{"t":[8,14]}},{"k":[11,0,0,9,0],"v":{"t":[9,13]}},{"k":[12,0,0,8,0],"v":{"t":[10,12]}},{"k":[13,0,0,7,0],"v":{"t":[11,11]}},{"k":[14,0,0,6,0],"v":{"t":[12,10]}},{"k":[15,0,0,5,0],"v":{"t":[13,9]}},{"k":[4,0,0,15,0],"v":{"t":[2,19]}},{"k":[5,0,0,14,0],"v":{"t":[3,18]}},{"k":[6,0,0,13,0],"v":{"t":[4,17]}},{"k":[7,0,0,12,0],"v":{"t":[5,16]}},{"k":[8,0,0,11,0],"v":{"t":[6,15]}},{"k":[9,0,0,10,0],"v":{"t":[7,14]}},{"k":[10,0,0,9,0],"v":{"t":[8,13]}},{"k":[11,0,0,8,0],"v":{"t":[9,12]}},{"k":[12,0,0,7,0],"v":{"t":[10,11]}},{"k":[13,0,0,6,0],"v":{"t":[11,10]}},{"k":[14,0,0,5,0],"v":{"t":[12,9]}},{"k":[15,0,0,4,0],"v":{"t":[13,8]}},{"k":[4,0,0,14,0],"v":{"t":[2,18]}},{"k":[5,0,0,13,0],"v":{"t":[3,17]}},{"k":[6,0,0,12,0],"v":{"t":[4,16]}},{"k":[7,0,0,11,0],"v":{"t":[5,15]}},{"k":[8,0,0,10,0],"v":{"t":[6,14]}},{"k":[9,0,0,9,0],"v":{"t":[7,13]}},{"k":[11,0,0,7,0],"v":{"t":[9,11]}},{"k":[12,0,0,6,0],"v":{"t":[10,10]}},{"k":[13,0,0,5,0],"v":{"t":[11,9]}},{"k":[14,0,0,4,0],"v":{"t":[12,8]}},{"k":[3,0,0,15,0],"v":{"t":[1,19]}},{"k":[10,0,0,8,0],"v":{"t":[8,12]}},{"k":[3,0,0,14,0],"v":{"t":[1,18]}},{"k":[4,0,0,13,0],"v":{"t":[2,17]}},{"k":[5,0,0,12,0],"v":{"t":[3,16]}},{"k":[6,0,0,11,0],"v":{"t":[4,15]}},{"k":[7,0,0,10,0],"v":{"t":[5,14]}},{"k":[8,0,0,9,0],"v":{"t":[6,13]}},{"k":[11,0,0,6,0],"v":{"t":[9,10]}},{"k":[12,0,0,5,0],"v":{"t":[10,9]}},{"k":[13,0,0,4,0],"v":{"t":[11,8]}},{"k":[2,0,0,15,0],"v":{"t":[0,19]}},{"k":[10,0,0,7,0],"v":{"t":[8,11]}},{"k":[9,0,0,8,0],"v":{"t":[7,12]}},{"k":[9,0,0,15,0],"v":{"t":[7,19]}},{"k":[10,0,0,14,0],"v":{"t":[8,18]}},{"k":[11,0,0,13,0],"v":{"t":[9,17]}},{"k":[12,0,0,12,0],"v":{"t":[10,16]}},{"k":[13,0,0,11,0],"v":{"t":[11,15]}},{"k":[14,0,0,10,0],"v":{"t":[12,14]}},{"k":[15,0,0,9,0],"v":{"t":[13,13]}},{"k":[8,0,0,15,0],"v":{"t":[6,19]}},{"k":[9,0,0,14,0],"v":{"t":[7,18]}},{"k":[10,0,0,13,0],"v":{"t":[8,17]}},{"k":[11,0,0,12,0],"v":{"t":[9,16]}},{"k":[12,0,0,11,0],"v":{"t":[10,15]}},{"k":[13,0,0,10,0],"v":{"t":[11,14]}},{"k":[14,0,0,9,0],"v":{"t":[12,13]}},{"k":[15,0,0,8,0],"v":{"t":[13,12]}},{"k":[7,0,0,15,0],"v":{"t":[5,19]}},{"k":[8,0,0,14,0],"v":{"t":[6,18]}},{"k":[9,0,0,13,0],"v":{"t":[7,17]}},{"k":[10,0,0,12,0],"v":{"t":[8,16]}},{"k":[11,0,0,11,0],"v":{"t":[9,15]}},{"k":[12,0,0,10,0],"v":{"t":[10,14]}},{"k":[13,0,0,9,0],"v":{"t":[11,13]}},{"k":[14,0,0,8,0],"v":{"t":[12,12]}},{"k":[15,0,0,7,0],"v":{"t":[13,11]}},{"k":[6,0,0,15,0],"v":{"t":[4,19]}},{"k":[7,0,0,14,0],"v":{"t":[5,18]}},{"k":[8,0,0,13,0],"v":{"t":[6,17]}},{"k":[9,0,0,12,0],"v":{"t":[7,16]}},{"k":[10,0,0,11,0],"v":{"t":[8,15]}},{"k":[11,0,0,10,0],"v":{"t":[9,14]}},{"k":[12,0,0,9,0],"v":{"t":[10,13]}},{"k":[13,0,0,8,0],"v":{"t":[11,12]}},{"k":[14,0,0,7,0],"v":{"t":[12,11]}},{"k":[15,0,0,6,0],"v":{"t":[13,10]}},{"k":[3,0,0,9,0],"v":{"t":[1,13]}},{"k":[4,0,0,8,0],"v":{"t":[2,12]}},{"k":[5,0,0,7,0],"v":{"t":[3,11]}},{"k":[6,0,0,6,0],"v":{"t":[4,10]}},{"k":[7,0,0,5,0],"v":{"t":[5,9]}},{"k":[8,0,0,4,0],"v":{"t":[6,8]}},{"k":[2,0,0,10,0],"v":{"t":[0,14]}},{"k":[2,0,0,9,0],"v":{"t":[0,13]}},{"k":[3,0,0,8,0],"v":{"t":[1,12]}},{"k":[4,0,0,7,0],"v":{"t":[2,11]}},{"k":[5,0,0,6,0],"v":{"t":[3,10]}},{"k":[6,0,0,5,0],"v":{"t":[4,9]}},{"k":[7,0,0,4,0],"v":{"t":[5,8]}},{"k":[3,0,0,7,0],"v":{"t":[1,11]}},{"k":[4,0,0,6,0],"v":{"t":[2,10]}},{"k":[5,0,0,5,0],"v":{"t":[3,9]}},{"k":[6,0,0,4,0],"v":{"t":[4,8]}},{"k":[2,0,0,7,0],"v":{"t":[0,11]}},{"k":[3,0,0,6,0],"v":{"t":[1,10]}},{"k":[4,0,0,5,0],"v":{"t":[2,9]}},{"k":[5,0,0,4,0],"v":{"t":[3,8]}},{"k":[2,0,0,14,0],"v":{"t":[0,18]}},{"k":[3,0,0,13,0],"v":{"t":[1,17]}},{"k":[4,0,0,12,0],"v":{"t":[2,16]}},{"k":[5,0,0,11,0],"v":{"t":[3,15]}},{"k":[6,0,0,10,0],"v":{"t":[4,14]}},{"k":[7,0,0,9,0],"v":{"t":[5,13]}},{"k":[8,0,0,8,0],"v":{"t":[6,12]}},{"k":[10,0,0,6,0],"v":{"t":[8,10]}},{"k":[11,0,0,5,0],"v":{"t":[9,9]}},{"k":[12,0,0,4,0],"v":{"t":[10,8]}},{"k":[9,0,0,7,0],"v":{"t":[7,11]}},{"k":[3,0,0,12,0],"v":{"t":[1,16]}},{"k":[4,0,0,11,0],"v":{"t":[2,15]}},{"k":[5,0,0,10,0],"v":{"t":[3,14]}},{"k":[6,0,0,9,0],"v":{"t":[4,13]}},{"k":[7,0,0,8,0],"v":{"t":[5,12]}},{"k":[8,0,0,7,0],"v":{"t":[6,11]}},{"k":[9,0,0,6,0],"v":{"t":[7,10]}},{"k":[10,0,0,5,0],"v":{"t":[8,9]}},{"k":[11,0,0,4,0],"v":{"t":[9,8]}},{"k":[2,0,0,13,0],"v":{"t":[0,17]}},{"k":[3,0,0,11,0],"v":{"t":[1,15]}},{"k":[4,0,0,10,0],"v":{"t":[2,14]}},{"k":[5,0,0,9,0],"v":{"t":[3,13]}},{"k":[6,0,0,8,0],"v":{"t":[4,12]}},{"k":[7,0,0,7,0],"v":{"t":[5,11]}},{"k":[8,0,0,6,0],"v":{"t":[6,10]}},{"k":[9,0,0,5,0],"v":{"t":[7,9]}},{"k":[10,0,0,4,0],"v":{"t":[8,8]}},{"k":[2,0,0,12,0],"v":{"t":[0,16]}},{"k":[3,0,0,10,0],"v":{"t":[1,14]}},{"k":[4,0,0,9,0],"v":{"t":[2,13]}},{"k":[5,0,0,8,0],"v":{"t":[3,12]}},{"k":[6,0,0,7,0],"v":{"t":[4,11]}},{"k":[7,0,0,6,0],"v":{"t":[5,10]}},{"k":[8,0,0,5,0],"v":{"t":[6,9]}},{"k":[9,0,0,4,0],"v":{"t":[7,8]}},{"k":[2,0,0,11,0],"v":{"t":[0,15]}}]},"moun":{"a":[],"o":[]},"objs":{"list":[{"k":[4,0,0,8,0],"v":{"events":[{"id":1,"name":"Hero action","p":[],"r":{"1":{"bh":true,"c":[]}},"sys":false}],"hId":-1,"id":1,"name":"rock fren","ooepf":false,"states":[{"cam":true,"climb":false,"dir":false,"gid":65,"gk":4,"id":1,"move":true,"name":"Normal","omk":1,"pix":true,"pos":false,"s":2,"stop":false,"sx":{"k":12,"v":2},"sy":{"k":12,"v":2},"sz":{"k":12,"v":1},"through":false,"x":0,"y":0}]}},{"k":[11,0,0,0,0],"v":{"events":[{"id":2,"name":"Hero touch","p":[],"r":{"1":{"bh":true,"c":[{"command":[7,0,0,9,26,0,0,8,0,0,0],"kind":20}]}},"sys":false}],"hId":-1,"id":8,"name":"OBJ0008","ooepf":false,"states":[{"cam":true,"climb":false,"dir":false,"gid":69,"gk":4,"id":1,"move":true,"name":"Normal","pix":true,"pos":false,"stop":false,"sx":{"k":12,"v":1},"sy":{"k":12,"v":1},"sz":{"k":12,"v":1},"through":false,"x":1,"y":0}]}},{"k":[13,0,0,4,0],"v":{"events":[{"id":1,"name":"Hero action","p":[],"r":{"1":{"bh":true,"c":[]}},"sys":false}],"hId":-1,"id":4,"name":"rock fren","ooepf":false,"states":[{"cam":true,"climb":false,"dir":false,"gid":65,"gk":4,"id":1,"move":true,"name":"Normal","omk":1,"pix":true,"pos":false,"stop":false,"sx":{"k":12,"v":1},"sy":{"k":12,"v":1},"sz":{"k":12,"v":1},"through":false,"x":0,"y":0}]}},{"k":[14,0,0,14,0],"v":{"events":[{"id":1,"name":"Hero action","p":[],"r":{"1":{"bh":true,"c":[{"command":[8,"",-1,0,0,1,"Do you love Christ or do you love The Cross?"],"kind":1},{"command":[8,"",-1,0,0,1,"Why do we worship the symbol of Christ's murder?"],"kind":1},{"command":[8,"",-1,0,0,1,"Why does our culture destroy life!?!?! "],"kind":1},{"command":[8,"",-1,0,0,1,"My therapist says I shouldn't be so hung up on this kinda stuff..."],"kind":1},{"command":[8,"",-1,0,0,1,"Anyway,  listen to this song!"],"kind":1},{"command":[8,"",-1,0,0,1,"Ave Generosa,  Hildegard von Bingen,  sung by the Cantata Singers of Ottawa <3\n"],"kind":1},{"command":[0,3,0,12,3,100,0,12,0,0,12,0],"kind":24}]}},"sys":false}],"hId":-1,"id":5,"name":"OBJ0005","ooepf":false,"states":[{"cam":true,"climb":false,"dir":false,"gid":63,"gk":4,"id":1,"move":true,"name":"Normal","omk":1,"pix":true,"pos":false,"stop":false,"sx":{"k":12,"v":2},"sy":{"k":12,"v":2},"sz":{"k":12,"v":1},"through":false,"x":0,"y":0}]}},{"k":[4,0,0,3,0],"v":{"events":[{"id":1,"name":"Hero action","p":[],"r":{"1":{"bh":true,"c":[{"command":[8,"",-1,0,0,1,"Welcome to The Chapel! Please enjoy a peaceful worship!"],"kind":1},{"command":[8,"",-1,0,0,1,"Orange Person is our Priest!"],"kind":1},{"command":[8,"",-1,0,0,1,"Here take this communion wafer! Yum Yum! Flesh and Blood of Christ!"],"kind":1},{"command":[0,7,2,1,3,1],"kind":13}]}},"sys":false}],"hId":-1,"id":6,"name":"chickn2","ooepf":false,"states":[{"cam":true,"climb":false,"dir":false,"gid":61,"gk":4,"id":1,"move":true,"name":"Normal","omk":1,"pix":true,"pos":false,"s":3,"stop":false,"sx":{"k":12,"v":2},"sy":{"k":12,"v":2},"sz":{"k":12,"v":1},"through":false,"x":0,"y":0}]}}]},"objs3d":{"a":[],"o":[]},"sprites":{"list":[],"overflow":[],"walls":[{"k":[0,0,0,7,0,0,50,90],"v":{"k":1,"w":20}},{"k":[0,0,0,6,0,0,50,90],"v":{"k":1,"w":20}},{"k":[0,0,0,5,0,0,50,90],"v":{"k":1,"w":20}},{"k":[0,0,0,0,0,0,50,90],"v":{"k":2,"w":20}},{"k":[6,0,0,0,0,50,0,0],"v":{"k":1,"w":19}},{"k":[5,0,0,0,0,50,0,0],"v":{"k":0,"w":19}},{"k":[4,0,0,0,0,50,0,0],"v":{"k":3,"w":21}},{"k":[3,0,0,0,0,50,0,0],"v":{"k":2,"w":19}},{"k":[10,0,0,0,0,50,0,0],"v":{"k":1,"w":20}},{"k":[9,0,0,0,0,50,0,0],"v":{"k":1,"w":20}},{"k":[8,0,0,0,0,50,0,0],"v":{"k":0,"w":20}},{"k":[7,0,0,0,0,50,0,0],"v":{"k":2,"w":19}},{"k":[2,0,0,0,0,50,0,0],"v":{"k":1,"w":19}},{"k":[0,0,0,12,0,0,50,90],"v":{"k":2,"w":21}},{"k":[1,0,0,0,0,50,0,0],"v":{"k":0,"w":19}},{"k":[0,0,0,11,0,0,50,90],"v":{"k":0,"w":20}},{"k":[0,0,0,0,0,50,0,0],"v":{"k":3,"w":20}},{"k":[14,0,0,0,0,50,0,0],"v":{"k":0,"w":20}},{"k":[0,0,0,10,0,0,50,90],"v":{"k":1,"w":20}},{"k":[13,0,0,0,0,50,0,0],"v":{"k":2,"w":19}},{"k":[0,0,0,9,0,0,50,90],"v":{"k":1,"w":20}},{"k":[12,0,0,0,0,50,0,0],"v":{"k":0,"w":19}},{"k":[11,0,0,0,0,50,0,0],"v":{"k":2,"w":20}},{"k":[0,0,0,15,0,0,50,90],"v":{"k":2,"w":20}},{"k":[0,0,0,14,0,0,50,90],"v":{"k":0,"w":21}},{"k":[0,0,0,13,0,0,50,90],"v":{"k":1,"w":21}},{"k":[0,0,0,4,0,0,50,90],"v":{"k":1,"w":20}},{"k":[15,0,0,0,0,50,0,0],"v":{"k":1,"w":20}},{"k":[0,0,0,3,0,0,50,90],"v":{"k":1,"w":20}},{"k":[0,0,0,2,0,0,50,90],"v":{"k":1,"w":20}},{"k":[0,0,0,1,0,0,50,90],"v":{"k":1,"w":20}},{"k":[0,0,0,8,0,0,50,90],"v":{"k":1,"w":20}}]}}