{"lands":{"autotiles":[{"k":[11,0,0,22,0],"v":{"id":6,"t":[6,3],"tid":471}},{"k":[10,0,0,23,0],"v":{"id":6,"t":[6,3],"tid":318}},{"k":[9,0,0,24,0],"v":{"id":6,"t":[6,3],"tid":324}},{"k":[12,0,0,22,0],"v":{"id":6,"t":[6,3],"tid":471}},{"k":[11,0,0,23,0],"v":{"id":6,"t":[6,3],"tid":318}},{"k":[10,0,0,24,0],"v":{"id":6,"t":[6,3],"tid":324}},{"k":[13,0,0,22,0],"v":{"id":6,"t":[6,3],"tid":471}},{"k":[12,0,0,23,0],"v":{"id":6,"t":[6,3],"tid":318}},{"k":[11,0,0,24,0],"v":{"id":6,"t":[6,3],"tid":324}},{"k":[14,0,0,22,0],"v":{"id":6,"t":[6,3],"tid":471}},{"k":[13,0,0,23,0],"v":{"id":6,"t":[6,3],"tid":318}},{"k":[12,0,0,24,0],"v":{"id":6,"t":[6,3],"tid":324}},{"k":[15,0,0,22,0],"v":{"id":6,"t":[6,3],"tid":471}},{"k":[14,0,0,23,0],"v":{"id":6,"t":[6,3],"tid":318}},{"k":[13,0,0,24,0],"v":{"id":6,"t":[6,3],"tid":324}},{"k":[15,0,0,23,0],"v":{"id":6,"t":[6,3],"tid":318}},{"k":[14,0,0,24,0],"v":{"id":6,"t":[6,3],"tid":324}},{"k":[15,0,0,24,0],"v":{"id":6,"t":[6,3],"tid":324}},{"k":[3,0,0,22,0],"v":{"id":6,"t":[6,3],"tid":471}},{"k":[2,0,0,23,0],"v":{"id":6,"t":[6,3],"tid":570}},{"k":[1,0,0,24,0],"v":{"id":5,"t":[0,0],"tid":520}},{"k":[4,0,0,22,0],"v":{"id":6,"t":[6,3],"tid":471}},{"k":[3,0,0,23,0],"v":{"id":6,"t":[6,3],"tid":324}},{"k":[2,0,0,24,0],"v":{"id":5,"t":[0,0],"tid":477}},{"k":[5,0,0,22,0],"v":{"id":6,"t":[6,3],"tid":471}},{"k":[4,0,0,23,0],"v":{"id":6,"t":[6,3],"tid":308}},{"k":[3,0,0,24,0],"v":{"id":5,"t":[0,0],"tid":425}},{"k":[6,0,0,22,0],"v":{"id":6,"t":[6,3],"tid":471}},{"k":[5,0,0,23,0],"v":{"id":6,"t":[6,3],"tid":318}},{"k":[4,0,0,24,0],"v":{"id":6,"t":[6,3],"tid":570}},{"k":[7,0,0,22,0],"v":{"id":6,"t":[6,3],"tid":471}},{"k":[6,0,0,23,0],"v":{"id":6,"t":[6,3],"tid":318}},{"k":[5,0,0,24,0],"v":{"id":6,"t":[6,3],"tid":324}},{"k":[8,0,0,22,0],"v":{"id":6,"t":[6,3],"tid":471}},{"k":[7,0,0,23,0],"v":{"id":6,"t":[6,3],"tid":318}},{"k":[6,0,0,24,0],"v":{"id":6,"t":[6,3],"tid":324}},{"k":[1,0,0,16,0],"v":{"id":6,"t":[6,3],"tid":618}},{"k":[0,0,0,17,0],"v":{"id":5,"t":[0,0],"tid":211}},{"k":[9,0,0,22,0],"v":{"id":6,"t":[6,3],"tid":471}},{"k":[8,0,0,23,0],"v":{"id":6,"t":[6,3],"tid":318}},{"k":[7,0,0,24,0],"v":{"id":6,"t":[6,3],"tid":324}},{"k":[1,0,0,17,0],"v":{"id":5,"t":[0,0],"tid":425}},{"k":[0,0,0,18,0],"v":{"id":3,"t":[1,1],"tid":159}},{"k":[10,0,0,22,0],"v":{"id":6,"t":[6,3],"tid":471}},{"k":[9,0,0,23,0],"v":{"id":6,"t":[6,3],"tid":318}},{"k":[8,0,0,24,0],"v":{"id":6,"t":[6,3],"tid":324}},{"k":[0,0,0,19,0],"v":{"id":6,"t":[6,3],"tid":159}},{"k":[1,0,0,18,0],"v":{"id":2,"t":[0,2],"tid":159}},{"k":[0,0,0,20,0],"v":{"id":2,"t":[0,2],"tid":159}},{"k":[1,0,0,19,0],"v":{"id":2,"t":[0,0],"tid":159}},{"k":[1,0,0,20,0],"v":{"id":6,"t":[7,4],"tid":159}},{"k":[0,0,0,21,0],"v":{"id":5,"t":[0,0],"tid":177}},{"k":[1,0,0,21,0],"v":{"id":6,"t":[6,3],"tid":177}},{"k":[0,0,0,22,0],"v":{"id":5,"t":[0,0],"tid":636}},{"k":[1,0,0,22,0],"v":{"id":6,"t":[6,3],"tid":520}},{"k":[0,0,0,23,0],"v":{"id":5,"t":[0,0],"tid":520}},{"k":[2,0,0,22,0],"v":{"id":6,"t":[6,3],"tid":461}},{"k":[0,0,0,24,0],"v":{"id":6,"t":[6,3],"tid":159}},{"k":[1,0,0,23,0],"v":{"id":5,"t":[0,0],"tid":413}},{"k":[0,0,0,16,0],"v":{"id":2,"t":[0,0],"tid":159}}],"floors":[{"k":[2,0,0,16,0],"v":{"t":[0,20]}},{"k":[2,0,0,17,0],"v":{"t":[0,21]}},{"k":[3,0,0,16,0],"v":{"t":[1,20]}},{"k":[2,0,0,18,0],"v":{"t":[0,22]}},{"k":[3,0,0,17,0],"v":{"t":[1,21]}},{"k":[4,0,0,16,0],"v":{"t":[2,20]}},{"k":[2,0,0,19,0],"v":{"t":[0,23]}},{"k":[3,0,0,18,0],"v":{"t":[1,22]}},{"k":[4,0,0,17,0],"v":{"t":[2,21]}},{"k":[5,0,0,16,0],"v":{"t":[3,20]}},{"k":[2,0,0,20,0],"v":{"t":[0,24]}},{"k":[3,0,0,19,0],"v":{"t":[1,23]}},{"k":[4,0,0,18,0],"v":{"t":[2,22]}},{"k":[5,0,0,17,0],"v":{"t":[3,21]}},{"k":[6,0,0,16,0],"v":{"t":[4,20]}},{"k":[2,0,0,21,0],"v":{"t":[0,25]}},{"k":[3,0,0,20,0],"v":{"t":[1,24]}},{"k":[4,0,0,19,0],"v":{"t":[2,23]}},{"k":[5,0,0,18,0],"v":{"t":[3,22]}},{"k":[6,0,0,17,0],"v":{"t":[4,21]}},{"k":[7,0,0,16,0],"v":{"t":[5,20]}},{"k":[3,0,0,21,0],"v":{"t":[1,25]}},{"k":[4,0,0,20,0],"v":{"t":[2,24]}},{"k":[5,0,0,19,0],"v":{"t":[3,23]}},{"k":[6,0,0,18,0],"v":{"t":[4,22]}},{"k":[7,0,0,17,0],"v":{"t":[5,21]}},{"k":[8,0,0,16,0],"v":{"t":[6,20]}},{"k":[12,0,0,21,0],"v":{"t":[10,25]}},{"k":[13,0,0,20,0],"v":{"t":[11,24]}},{"k":[14,0,0,19,0],"v":{"t":[12,23]}},{"k":[15,0,0,18,0],"v":{"t":[13,22]}},{"k":[13,0,0,21,0],"v":{"t":[11,25]}},{"k":[14,0,0,20,0],"v":{"t":[12,24]}},{"k":[15,0,0,19,0],"v":{"t":[13,23]}},{"k":[14,0,0,21,0],"v":{"t":[12,25]}},{"k":[15,0,0,20,0],"v":{"t":[13,24]}},{"k":[15,0,0,21,0],"v":{"t":[13,25]}},{"k":[4,0,0,21,0],"v":{"t":[2,25]}},{"k":[5,0,0,20,0],"v":{"t":[3,24]}},{"k":[6,0,0,19,0],"v":{"t":[4,23]}},{"k":[7,0,0,18,0],"v":{"t":[5,22]}},{"k":[8,0,0,17,0],"v":{"t":[6,21]}},{"k":[9,0,0,16,0],"v":{"t":[7,20]}},{"k":[5,0,0,21,0],"v":{"t":[3,25]}},{"k":[6,0,0,20,0],"v":{"t":[4,24]}},{"k":[7,0,0,19,0],"v":{"t":[5,23]}},{"k":[8,0,0,18,0],"v":{"t":[6,22]}},{"k":[9,0,0,17,0],"v":{"t":[7,21]}},{"k":[10,0,0,16,0],"v":{"t":[8,20]}},{"k":[6,0,0,21,0],"v":{"t":[4,25]}},{"k":[7,0,0,20,0],"v":{"t":[5,24]}},{"k":[8,0,0,19,0],"v":{"t":[6,23]}},{"k":[9,0,0,18,0],"v":{"t":[7,22]}},{"k":[10,0,0,17,0],"v":{"t":[8,21]}},{"k":[11,0,0,16,0],"v":{"t":[9,20]}},{"k":[7,0,0,21,0],"v":{"t":[5,25]}},{"k":[8,0,0,20,0],"v":{"t":[6,24]}},{"k":[9,0,0,19,0],"v":{"t":[7,23]}},{"k":[10,0,0,18,0],"v":{"t":[8,22]}},{"k":[11,0,0,17,0],"v":{"t":[9,21]}},{"k":[12,0,0,16,0],"v":{"t":[10,20]}},{"k":[8,0,0,21,0],"v":{"t":[6,25]}},{"k":[9,0,0,20,0],"v":{"t":[7,24]}},{"k":[10,0,0,19,0],"v":{"t":[8,23]}},{"k":[11,0,0,18,0],"v":{"t":[9,22]}},{"k":[12,0,0,17,0],"v":{"t":[10,21]}},{"k":[13,0,0,16,0],"v":{"t":[11,20]}},{"k":[9,0,0,21,0],"v":{"t":[7,25]}},{"k":[10,0,0,20,0],"v":{"t":[8,24]}},{"k":[11,0,0,19,0],"v":{"t":[9,23]}},{"k":[12,0,0,18,0],"v":{"t":[10,22]}},{"k":[13,0,0,17,0],"v":{"t":[11,21]}},{"k":[14,0,0,16,0],"v":{"t":[12,20]}},{"k":[10,0,0,21,0],"v":{"t":[8,25]}},{"k":[11,0,0,20,0],"v":{"t":[9,24]}},{"k":[12,0,0,19,0],"v":{"t":[10,23]}},{"k":[13,0,0,18,0],"v":{"t":[11,22]}},{"k":[14,0,0,17,0],"v":{"t":[12,21]}},{"k":[15,0,0,16,0],"v":{"t":[13,20]}},{"k":[11,0,0,21,0],"v":{"t":[9,25]}},{"k":[12,0,0,20,0],"v":{"t":[10,24]}},{"k":[13,0,0,19,0],"v":{"t":[11,23]}},{"k":[14,0,0,18,0],"v":{"t":[12,22]}},{"k":[15,0,0,17,0],"v":{"t":[13,21]}}]},"moun":{"a":[],"o":[]},"objs":{"list":[{"k":[3,0,0,16,0],"v":{"events":[{"id":1,"name":"Hero action","p":[],"r":{"1":{"bh":true,"c":[{"command":[8,"",-1,0,0,1,"I wonder what happened to Charlie..."],"kind":1},{"command":[8,"",-1,0,0,1,"The Priest took him to the ceremony and he hasn't returned..."],"kind":1}]}},"sys":false}],"hId":-1,"id":7,"name":"OBJ0007","ooepf":false,"states":[{"cam":true,"climb":false,"dir":false,"gid":62,"gk":4,"id":1,"move":true,"name":"Normal","pix":true,"pos":false,"stop":false,"sx":{"k":12,"v":2},"sy":{"k":12,"v":2},"sz":{"k":12,"v":1},"through":false,"x":0,"y":0}]}},{"k":[6,0,0,19,0],"v":{"events":[{"id":1,"name":"Hero action","p":[],"r":{"1":{"bh":true,"c":[]}},"sys":false}],"hId":-1,"id":3,"name":"rock fren","ooepf":false,"states":[{"cam":true,"climb":false,"dir":false,"gid":65,"gk":4,"id":1,"move":true,"name":"Normal","omk":1,"pix":true,"pos":false,"stop":false,"sx":{"k":12,"v":1},"sy":{"k":12,"v":1},"sz":{"k":12,"v":1},"through":false,"x":0,"y":0}]}}]},"objs3d":{"a":[],"o":[]},"sprites":{"list":[],"overflow":[],"walls":[{"k":[0,0,0,17,0,0,50,90],"v":{"k":1,"w":20}},{"k":[0,0,0,18,0,0,50,90],"v":{"k":1,"w":20}},{"k":[0,0,0,19,0,0,50,90],"v":{"k":1,"w":20}},{"k":[0,0,0,20,0,0,50,90],"v":{"k":1,"w":20}},{"k":[0,0,0,21,0,0,50,90],"v":{"k":1,"w":20}},{"k":[0,0,0,22,0,0,50,90],"v":{"k":1,"w":20}},{"k":[0,0,0,23,0,0,50,90],"v":{"k":1,"w":20}},{"k":[0,0,0,24,0,0,50,90],"v":{"k":0,"w":20}},{"k":[7,0,0,24,0,50,100,0],"v":{"k":1,"w":19}},{"k":[8,0,0,24,0,50,100,0],"v":{"k":1,"w":19}},{"k":[9,0,0,24,0,50,100,0],"v":{"k":1,"w":19}},{"k":[15,0,0,24,0,50,100,0],"v":{"k":1,"w":19}},{"k":[10,0,0,24,0,50,100,0],"v":{"k":1,"w":19}},{"k":[11,0,0,24,0,50,100,0],"v":{"k":1,"w":19}},{"k":[12,0,0,24,0,50,100,0],"v":{"k":1,"w":19}},{"k":[13,0,0,24,0,50,100,0],"v":{"k":1,"w":19}},{"k":[14,0,0,24,0,50,100,0],"v":{"k":1,"w":19}},{"k":[0,0,0,24,0,50,100,0],"v":{"k":0,"w":21}},{"k":[1,0,0,24,0,50,100,0],"v":{"k":1,"w":21}},{"k":[2,0,0,24,0,50,100,0],"v":{"k":1,"w":21}},{"k":[0,0,0,16,0,0,50,90],"v":{"k":1,"w":20}},{"k":[3,0,0,24,0,50,100,0],"v":{"k":2,"w":21}},{"k":[4,0,0,24,0,50,100,0],"v":{"k":0,"w":19}},{"k":[5,0,0,24,0,50,100,0],"v":{"k":1,"w":19}},{"k":[6,0,0,24,0,50,100,0],"v":{"k":1,"w":19}}]}}