{"lands":{"autotiles":[{"k":[18,0,0,10,0],"v":{"id":5,"t":[0,0],"tid":520}},{"k":[19,0,0,9,0],"v":{"id":2,"t":[0,0],"tid":159}},{"k":[18,0,0,9,0],"v":{"id":5,"t":[0,0],"tid":177}},{"k":[19,0,0,8,0],"v":{"id":5,"t":[0,0],"tid":618}},{"k":[18,0,0,8,0],"v":{"id":6,"t":[6,3],"tid":618}},{"k":[19,0,0,7,0],"v":{"id":5,"t":[0,0],"tid":636}},{"k":[18,0,0,7,0],"v":{"id":6,"t":[6,3],"tid":636}},{"k":[19,0,0,6,0],"v":{"id":5,"t":[0,0],"tid":177}},{"k":[18,0,0,14,0],"v":{"id":6,"t":[4,7],"tid":636}},{"k":[19,0,0,13,0],"v":{"id":6,"t":[4,7],"tid":425}},{"k":[18,0,0,13,0],"v":{"id":6,"t":[4,7],"tid":223}},{"k":[19,0,0,12,0],"v":{"id":2,"t":[0,2],"tid":159}},{"k":[18,0,0,12,0],"v":{"id":6,"t":[6,3],"tid":618}},{"k":[19,0,0,11,0],"v":{"id":6,"t":[4,7],"tid":159}},{"k":[18,0,0,11,0],"v":{"id":6,"t":[6,3],"tid":177}},{"k":[19,0,0,10,0],"v":{"id":5,"t":[0,0],"tid":425}},{"k":[19,0,0,15,0],"v":{"id":5,"t":[0,0],"tid":636}},{"k":[18,0,0,15,0],"v":{"id":6,"t":[4,7],"tid":636}},{"k":[19,0,0,14,0],"v":{"id":5,"t":[0,0],"tid":177}},{"k":[16,0,0,0,0],"v":{"id":6,"t":[6,3],"tid":159}},{"k":[18,0,0,2,0],"v":{"id":6,"t":[6,3],"tid":423}},{"k":[17,0,0,3,0],"v":{"id":6,"t":[6,3],"tid":570}},{"k":[19,0,0,1,0],"v":{"id":5,"t":[0,0],"tid":413}},{"k":[17,0,0,2,0],"v":{"id":6,"t":[6,3],"tid":225}},{"k":[19,0,0,0,0],"v":{"id":6,"t":[6,3],"tid":425}},{"k":[18,0,0,1,0],"v":{"id":5,"t":[0,0],"tid":477}},{"k":[16,0,0,3,0],"v":{"id":5,"t":[0,0],"tid":618}},{"k":[18,0,0,0,0],"v":{"id":6,"t":[6,3],"tid":211}},{"k":[17,0,0,1,0],"v":{"id":5,"t":[0,0],"tid":18}},{"k":[16,0,0,2,0],"v":{"id":5,"t":[0,0],"tid":636}},{"k":[17,0,0,0,0],"v":{"id":5,"t":[0,0],"tid":177}},{"k":[16,0,0,1,0],"v":{"id":5,"t":[0,0],"tid":223}},{"k":[19,0,0,5,0],"v":{"id":6,"t":[6,3],"tid":372}},{"k":[18,0,0,6,0],"v":{"id":6,"t":[6,3],"tid":636}},{"k":[19,0,0,4,0],"v":{"id":6,"t":[6,3],"tid":370}},{"k":[18,0,0,5,0],"v":{"id":6,"t":[6,3],"tid":582}},{"k":[19,0,0,3,0],"v":{"id":6,"t":[6,3],"tid":423}},{"k":[18,0,0,4,0],"v":{"id":6,"t":[6,3],"tid":584}},{"k":[18,0,0,3,0],"v":{"id":6,"t":[6,3],"tid":258}},{"k":[19,0,0,2,0],"v":{"id":5,"t":[0,0],"tid":618}}],"floors":[{"k":[16,0,0,12,0],"v":{"t":[14,16]}},{"k":[17,0,0,11,0],"v":{"t":[15,15]}},{"k":[16,0,0,11,0],"v":{"t":[14,15]}},{"k":[17,0,0,10,0],"v":{"t":[15,14]}},{"k":[16,0,0,10,0],"v":{"t":[14,14]}},{"k":[17,0,0,9,0],"v":{"t":[15,13]}},{"k":[16,0,0,9,0],"v":{"t":[14,13]}},{"k":[17,0,0,8,0],"v":{"t":[15,12]}},{"k":[17,0,0,15,0],"v":{"t":[15,19]}},{"k":[16,0,0,15,0],"v":{"t":[14,19]}},{"k":[17,0,0,14,0],"v":{"t":[15,18]}},{"k":[16,0,0,14,0],"v":{"t":[14,18]}},{"k":[17,0,0,13,0],"v":{"t":[15,17]}},{"k":[16,0,0,4,0],"v":{"t":[14,8]}},{"k":[16,0,0,13,0],"v":{"t":[14,17]}},{"k":[17,0,0,12,0],"v":{"t":[15,16]}},{"k":[16,0,0,8,0],"v":{"t":[14,12]}},{"k":[17,0,0,7,0],"v":{"t":[15,11]}},{"k":[16,0,0,7,0],"v":{"t":[14,11]}},{"k":[17,0,0,6,0],"v":{"t":[15,10]}},{"k":[16,0,0,6,0],"v":{"t":[14,10]}},{"k":[17,0,0,5,0],"v":{"t":[15,9]}},{"k":[16,0,0,5,0],"v":{"t":[14,9]}},{"k":[17,0,0,4,0],"v":{"t":[15,8]}}]},"moun":{"a":[],"o":[]},"objs":{"list":[{"k":[17,0,0,9,0],"v":{"events":[{"id":1,"name":"Hero action","p":[],"r":{"1":{"bh":true,"c":[]}},"sys":false}],"hId":-1,"id":2,"name":"rock fren","ooepf":false,"states":[{"cam":true,"climb":false,"dir":false,"gid":65,"gk":4,"id":1,"move":true,"name":"Normal","omk":1,"pix":true,"pos":false,"stop":false,"sx":{"k":12,"v":1},"sy":{"k":12,"v":1},"sz":{"k":12,"v":1},"through":false,"x":0,"y":0}]}}]},"objs3d":{"a":[],"o":[]},"sprites":{"list":[],"overflow":[],"walls":[{"k":[19,0,0,1,0,100,50,90],"v":{"k":1,"w":20}},{"k":[19,0,0,0,0,50,0,0],"v":{"k":2,"w":20}},{"k":[19,0,0,0,0,100,50,90],"v":{"k":2,"w":20}},{"k":[19,0,0,5,0,100,50,90],"v":{"k":2,"w":19}},{"k":[19,0,0,4,0,100,50,90],"v":{"k":0,"w":20}},{"k":[19,0,0,3,0,100,50,90],"v":{"k":1,"w":20}},{"k":[19,0,0,2,0,100,50,90],"v":{"k":1,"w":20}},{"k":[19,0,0,9,0,100,50,90],"v":{"k":1,"w":20}},{"k":[19,0,0,8,0,100,50,90],"v":{"k":2,"w":20}},{"k":[19,0,0,7,0,100,50,90],"v":{"k":0,"w":19}},{"k":[19,0,0,6,0,100,50,90],"v":{"k":1,"w":19}},{"k":[19,0,0,13,0,100,50,90],"v":{"k":0,"w":20}},{"k":[19,0,0,12,0,100,50,90],"v":{"k":1,"w":20}},{"k":[19,0,0,11,0,100,50,90],"v":{"k":1,"w":20}},{"k":[19,0,0,10,0,100,50,90],"v":{"k":1,"w":20}},{"k":[19,0,0,15,0,100,50,90],"v":{"k":1,"w":21}},{"k":[19,0,0,14,0,100,50,90],"v":{"k":2,"w":21}},{"k":[18,0,0,0,0,50,0,0],"v":{"k":1,"w":20}},{"k":[17,0,0,0,0,50,0,0],"v":{"k":1,"w":20}},{"k":[16,0,0,0,0,50,0,0],"v":{"k":1,"w":20}}]}}