{"lands":{"autotiles":[{"k":[19,0,0,24,0],"v":{"id":6,"t":[6,3],"tid":618}},{"k":[19,0,0,23,0],"v":{"id":6,"t":[6,3],"tid":360}},{"k":[18,0,0,24,0],"v":{"id":5,"t":[0,0],"tid":425}},{"k":[19,0,0,22,0],"v":{"id":6,"t":[6,3],"tid":423}},{"k":[18,0,0,23,0],"v":{"id":6,"t":[6,3],"tid":324}},{"k":[17,0,0,24,0],"v":{"id":5,"t":[0,0],"tid":211}},{"k":[19,0,0,17,0],"v":{"id":6,"t":[6,3],"tid":159}},{"k":[18,0,0,18,0],"v":{"id":6,"t":[6,3],"tid":177}},{"k":[19,0,0,16,0],"v":{"id":5,"t":[0,0],"tid":116}},{"k":[18,0,0,17,0],"v":{"id":2,"t":[0,0],"tid":159}},{"k":[18,0,0,16,0],"v":{"id":5,"t":[0,0],"tid":211}},{"k":[18,0,0,22,0],"v":{"id":6,"t":[6,3],"tid":12}},{"k":[17,0,0,23,0],"v":{"id":6,"t":[6,3],"tid":324}},{"k":[16,0,0,24,0],"v":{"id":6,"t":[6,3],"tid":372}},{"k":[19,0,0,21,0],"v":{"id":3,"t":[1,1],"tid":159}},{"k":[18,0,0,21,0],"v":{"id":6,"t":[6,3],"tid":177}},{"k":[17,0,0,22,0],"v":{"id":6,"t":[6,3],"tid":471}},{"k":[16,0,0,23,0],"v":{"id":6,"t":[6,3],"tid":316}},{"k":[19,0,0,20,0],"v":{"id":2,"t":[0,0],"tid":159}},{"k":[16,0,0,22,0],"v":{"id":6,"t":[6,3],"tid":471}},{"k":[19,0,0,19,0],"v":{"id":5,"t":[0,0],"tid":618}},{"k":[18,0,0,20,0],"v":{"id":5,"t":[0,0],"tid":159}},{"k":[18,0,0,19,0],"v":{"id":6,"t":[6,3],"tid":618}},{"k":[19,0,0,18,0],"v":{"id":5,"t":[0,0],"tid":177}}],"floors":[{"k":[16,0,0,17,0],"v":{"t":[14,21]}},{"k":[17,0,0,16,0],"v":{"t":[15,20]}},{"k":[17,0,0,21,0],"v":{"t":[15,25]}},{"k":[16,0,0,21,0],"v":{"t":[14,25]}},{"k":[17,0,0,20,0],"v":{"t":[15,24]}},{"k":[16,0,0,16,0],"v":{"t":[14,20]}},{"k":[16,0,0,20,0],"v":{"t":[14,24]}},{"k":[17,0,0,19,0],"v":{"t":[15,23]}},{"k":[16,0,0,19,0],"v":{"t":[14,23]}},{"k":[17,0,0,18,0],"v":{"t":[15,22]}},{"k":[16,0,0,18,0],"v":{"t":[14,22]}},{"k":[17,0,0,17,0],"v":{"t":[15,21]}}]},"moun":{"a":[],"o":[]},"objs":{"list":[]},"objs3d":{"a":[],"o":[]},"sprites":{"list":[],"overflow":[],"walls":[{"k":[18,0,0,24,0,50,100,0],"v":{"k":1,"w":20}},{"k":[19,0,0,17,0,100,50,90],"v":{"k":2,"w":20}},{"k":[17,0,0,24,0,50,100,0],"v":{"k":0,"w":20}},{"k":[16,0,0,24,0,50,100,0],"v":{"k":2,"w":19}},{"k":[19,0,0,16,0,100,50,90],"v":{"k":0,"w":21}},{"k":[19,0,0,21,0,100,50,90],"v":{"k":1,"w":20}},{"k":[19,0,0,20,0,100,50,90],"v":{"k":1,"w":20}},{"k":[19,0,0,19,0,100,50,90],"v":{"k":1,"w":20}},{"k":[19,0,0,24,0,50,100,0],"v":{"k":2,"w":20}},{"k":[19,0,0,18,0,100,50,90],"v":{"k":1,"w":20}},{"k":[19,0,0,24,0,100,50,90],"v":{"k":0,"w":20}},{"k":[19,0,0,23,0,100,50,90],"v":{"k":1,"w":20}},{"k":[19,0,0,22,0,100,50,90],"v":{"k":1,"w":20}}]}}