{"lands":{"autotiles":[],"floors":[{"k":[1,0,0,14,0],"v":{"t":[0,1]}},{"k":[2,0,0,13,0],"v":{"t":[0,1]}},{"k":[3,0,0,12,0],"v":{"t":[0,1]}},{"k":[4,0,0,11,0],"v":{"t":[0,1]}},{"k":[5,0,0,10,0],"v":{"t":[0,1]}},{"k":[6,0,0,9,0],"v":{"t":[0,1]}},{"k":[7,0,0,8,0],"v":{"t":[0,1]}},{"k":[8,0,0,7,0],"v":{"t":[0,1]}},{"k":[0,0,0,15,0],"v":{"t":[0,1]}},{"k":[9,0,0,6,0],"v":{"t":[0,1]}},{"k":[10,0,0,5,0],"v":{"t":[0,1]}},{"k":[11,0,0,4,0],"v":{"t":[0,1]}},{"k":[12,0,0,3,0],"v":{"t":[0,1]}},{"k":[13,0,0,2,0],"v":{"t":[0,1]}},{"k":[14,0,0,1,0],"v":{"t":[0,1]}},{"k":[15,0,0,0,0],"v":{"t":[0,1]}},{"k":[2,0,0,14,0],"v":{"t":[0,1]}},{"k":[3,0,0,13,0],"v":{"t":[0,1]}},{"k":[4,0,0,12,0],"v":{"t":[0,1]}},{"k":[5,0,0,11,0],"v":{"t":[0,1]}},{"k":[6,0,0,10,0],"v":{"t":[0,1]}},{"k":[7,0,0,9,0],"v":{"t":[0,1]}},{"k":[8,0,0,8,0],"v":{"t":[0,1]}},{"k":[1,0,0,15,0],"v":{"t":[0,1]}},{"k":[9,0,0,7,0],"v":{"t":[0,1]}},{"k":[10,0,0,6,0],"v":{"t":[0,1]}},{"k":[11,0,0,5,0],"v":{"t":[0,1]}},{"k":[12,0,0,4,0],"v":{"t":[0,1]}},{"k":[13,0,0,3,0],"v":{"t":[0,1]}},{"k":[14,0,0,2,0],"v":{"t":[0,1]}},{"k":[15,0,0,1,0],"v":{"t":[0,1]}},{"k":[0,0,0,13,0],"v":{"t":[0,1]}},{"k":[1,0,0,12,0],"v":{"t":[0,1]}},{"k":[2,0,0,11,0],"v":{"t":[0,1]}},{"k":[3,0,0,10,0],"v":{"t":[0,1]}},{"k":[4,0,0,9,0],"v":{"t":[0,1]}},{"k":[5,0,0,8,0],"v":{"t":[0,1]}},{"k":[6,0,0,7,0],"v":{"t":[0,1]}},{"k":[7,0,0,6,0],"v":{"t":[0,1]}},{"k":[8,0,0,5,0],"v":{"t":[0,1]}},{"k":[9,0,0,4,0],"v":{"t":[0,1]}},{"k":[10,0,0,3,0],"v":{"t":[0,1]}},{"k":[11,0,0,2,0],"v":{"t":[0,1]}},{"k":[12,0,0,1,0],"v":{"t":[0,1]}},{"k":[13,0,0,0,0],"v":{"t":[0,1]}},{"k":[0,0,0,14,0],"v":{"t":[0,1]}},{"k":[1,0,0,13,0],"v":{"t":[0,1]}},{"k":[2,0,0,12,0],"v":{"t":[0,1]}},{"k":[3,0,0,11,0],"v":{"t":[0,1]}},{"k":[4,0,0,10,0],"v":{"t":[0,1]}},{"k":[5,0,0,9,0],"v":{"t":[0,1]}},{"k":[6,0,0,8,0],"v":{"t":[0,1]}},{"k":[7,0,0,7,0],"v":{"t":[0,1]}},{"k":[8,0,0,6,0],"v":{"t":[0,1]}},{"k":[9,0,0,5,0],"v":{"t":[0,1]}},{"k":[10,0,0,4,0],"v":{"t":[0,1]}},{"k":[11,0,0,3,0],"v":{"t":[0,1]}},{"k":[12,0,0,2,0],"v":{"t":[0,1]}},{"k":[13,0,0,1,0],"v":{"t":[0,1]}},{"k":[14,0,0,0,0],"v":{"t":[0,1]}},{"k":[0,0,0,11,0],"v":{"t":[0,1]}},{"k":[1,0,0,10,0],"v":{"t":[0,1]}},{"k":[2,0,0,9,0],"v":{"t":[0,1]}},{"k":[3,0,0,8,0],"v":{"t":[0,1]}},{"k":[4,0,0,7,0],"v":{"t":[0,1]}},{"k":[5,0,0,6,0],"v":{"t":[0,1]}},{"k":[6,0,0,5,0],"v":{"t":[0,1]}},{"k":[7,0,0,4,0],"v":{"t":[0,1]}},{"k":[8,0,0,3,0],"v":{"t":[0,1]}},{"k":[9,0,0,2,0],"v":{"t":[0,1]}},{"k":[10,0,0,1,0],"v":{"t":[0,1]}},{"k":[11,0,0,0,0],"v":{"t":[0,1]}},{"k":[0,0,0,12,0],"v":{"t":[0,1]}},{"k":[1,0,0,11,0],"v":{"t":[0,1]}},{"k":[2,0,0,10,0],"v":{"t":[0,1]}},{"k":[3,0,0,9,0],"v":{"t":[0,1]}},{"k":[4,0,0,8,0],"v":{"t":[0,1]}},{"k":[5,0,0,7,0],"v":{"t":[0,1]}},{"k":[6,0,0,6,0],"v":{"t":[0,1]}},{"k":[7,0,0,5,0],"v":{"t":[0,1]}},{"k":[8,0,0,4,0],"v":{"t":[0,1]}},{"k":[9,0,0,3,0],"v":{"t":[0,1]}},{"k":[10,0,0,2,0],"v":{"t":[0,1]}},{"k":[11,0,0,1,0],"v":{"t":[0,1]}},{"k":[12,0,0,0,0],"v":{"t":[0,1]}},{"k":[0,0,0,9,0],"v":{"t":[0,1]}},{"k":[1,0,0,8,0],"v":{"t":[0,1]}},{"k":[2,0,0,7,0],"v":{"t":[0,1]}},{"k":[3,0,0,6,0],"v":{"t":[0,1]}},{"k":[4,0,0,5,0],"v":{"t":[0,1]}},{"k":[5,0,0,4,0],"v":{"t":[0,1]}},{"k":[6,0,0,3,0],"v":{"t":[0,1]}},{"k":[7,0,0,2,0],"v":{"t":[0,1]}},{"k":[8,0,0,1,0],"v":{"t":[0,1]}},{"k":[9,0,0,0,0],"v":{"t":[0,1]}},{"k":[0,0,0,10,0],"v":{"t":[0,1]}},{"k":[1,0,0,9,0],"v":{"t":[0,1]}},{"k":[2,0,0,8,0],"v":{"t":[0,1]}},{"k":[3,0,0,7,0],"v":{"t":[0,1]}},{"k":[4,0,0,6,0],"v":{"t":[0,1]}},{"k":[5,0,0,5,0],"v":{"t":[0,1]}},{"k":[6,0,0,4,0],"v":{"t":[0,1]}},{"k":[7,0,0,3,0],"v":{"t":[0,1]}},{"k":[8,0,0,2,0],"v":{"t":[0,1]}},{"k":[9,0,0,1,0],"v":{"t":[0,1]}},{"k":[10,0,0,0,0],"v":{"t":[0,1]}},{"k":[9,0,0,14,0],"v":{"t":[0,1]}},{"k":[10,0,0,13,0],"v":{"t":[0,1]}},{"k":[11,0,0,12,0],"v":{"t":[0,1]}},{"k":[12,0,0,11,0],"v":{"t":[0,1]}},{"k":[13,0,0,10,0],"v":{"t":[0,1]}},{"k":[14,0,0,9,0],"v":{"t":[0,1]}},{"k":[15,0,0,8,0],"v":{"t":[0,1]}},{"k":[8,0,0,15,0],"v":{"t":[2,0]}},{"k":[10,0,0,14,0],"v":{"t":[0,1]}},{"k":[9,0,0,15,0],"v":{"t":[0,1]}},{"k":[11,0,0,13,0],"v":{"t":[0,1]}},{"k":[12,0,0,12,0],"v":{"t":[0,1]}},{"k":[13,0,0,11,0],"v":{"t":[0,1]}},{"k":[14,0,0,10,0],"v":{"t":[0,1]}},{"k":[15,0,0,9,0],"v":{"t":[0,1]}},{"k":[7,0,0,14,0],"v":{"t":[0,1]}},{"k":[8,0,0,13,0],"v":{"t":[0,1]}},{"k":[6,0,0,15,0],"v":{"t":[0,1]}},{"k":[9,0,0,12,0],"v":{"t":[0,1]}},{"k":[10,0,0,11,0],"v":{"t":[0,1]}},{"k":[11,0,0,10,0],"v":{"t":[0,1]}},{"k":[12,0,0,9,0],"v":{"t":[0,1]}},{"k":[13,0,0,8,0],"v":{"t":[0,1]}},{"k":[14,0,0,7,0],"v":{"t":[0,1]}},{"k":[15,0,0,6,0],"v":{"t":[0,1]}},{"k":[8,0,0,14,0],"v":{"t":[0,1]}},{"k":[9,0,0,13,0],"v":{"t":[0,1]}},{"k":[10,0,0,12,0],"v":{"t":[0,1]}},{"k":[11,0,0,11,0],"v":{"t":[0,1]}},{"k":[12,0,0,10,0],"v":{"t":[0,1]}},{"k":[13,0,0,9,0],"v":{"t":[0,1]}},{"k":[14,0,0,8,0],"v":{"t":[0,1]}},{"k":[15,0,0,7,0],"v":{"t":[0,1]}},{"k":[7,0,0,15,0],"v":{"t":[2,0]}},{"k":[5,0,0,14,0],"v":{"t":[0,1]}},{"k":[6,0,0,13,0],"v":{"t":[0,1]}},{"k":[7,0,0,12,0],"v":{"t":[0,1]}},{"k":[8,0,0,11,0],"v":{"t":[0,1]}},{"k":[4,0,0,15,0],"v":{"t":[0,1]}},{"k":[9,0,0,10,0],"v":{"t":[0,1]}},{"k":[10,0,0,9,0],"v":{"t":[0,1]}},{"k":[11,0,0,8,0],"v":{"t":[0,1]}},{"k":[12,0,0,7,0],"v":{"t":[0,1]}},{"k":[13,0,0,6,0],"v":{"t":[0,1]}},{"k":[14,0,0,5,0],"v":{"t":[0,1]}},{"k":[15,0,0,4,0],"v":{"t":[0,1]}},{"k":[6,0,0,14,0],"v":{"t":[0,1]}},{"k":[7,0,0,13,0],"v":{"t":[0,1]}},{"k":[8,0,0,12,0],"v":{"t":[0,1]}},{"k":[5,0,0,15,0],"v":{"t":[0,1]}},{"k":[9,0,0,11,0],"v":{"t":[0,1]}},{"k":[10,0,0,10,0],"v":{"t":[0,1]}},{"k":[11,0,0,9,0],"v":{"t":[0,1]}},{"k":[12,0,0,8,0],"v":{"t":[0,1]}},{"k":[13,0,0,7,0],"v":{"t":[0,1]}},{"k":[14,0,0,6,0],"v":{"t":[0,1]}},{"k":[15,0,0,5,0],"v":{"t":[0,1]}},{"k":[3,0,0,14,0],"v":{"t":[0,1]}},{"k":[4,0,0,13,0],"v":{"t":[0,1]}},{"k":[5,0,0,12,0],"v":{"t":[0,1]}},{"k":[6,0,0,11,0],"v":{"t":[0,1]}},{"k":[7,0,0,10,0],"v":{"t":[0,1]}},{"k":[8,0,0,9,0],"v":{"t":[0,1]}},{"k":[2,0,0,15,0],"v":{"t":[0,1]}},{"k":[9,0,0,8,0],"v":{"t":[0,1]}},{"k":[10,0,0,7,0],"v":{"t":[0,1]}},{"k":[11,0,0,6,0],"v":{"t":[0,1]}},{"k":[12,0,0,5,0],"v":{"t":[0,1]}},{"k":[13,0,0,4,0],"v":{"t":[0,1]}},{"k":[14,0,0,3,0],"v":{"t":[0,1]}},{"k":[15,0,0,2,0],"v":{"t":[0,1]}},{"k":[4,0,0,14,0],"v":{"t":[0,1]}},{"k":[5,0,0,13,0],"v":{"t":[0,1]}},{"k":[6,0,0,12,0],"v":{"t":[0,1]}},{"k":[7,0,0,11,0],"v":{"t":[0,1]}},{"k":[8,0,0,10,0],"v":{"t":[0,1]}},{"k":[3,0,0,15,0],"v":{"t":[0,1]}},{"k":[9,0,0,9,0],"v":{"t":[0,1]}},{"k":[10,0,0,8,0],"v":{"t":[0,1]}},{"k":[11,0,0,7,0],"v":{"t":[0,1]}},{"k":[12,0,0,6,0],"v":{"t":[0,1]}},{"k":[13,0,0,5,0],"v":{"t":[0,1]}},{"k":[14,0,0,4,0],"v":{"t":[0,1]}},{"k":[15,0,0,3,0],"v":{"t":[0,1]}},{"k":[0,0,0,0,0],"v":{"t":[0,1]}},{"k":[0,0,0,7,0],"v":{"t":[0,1]}},{"k":[1,0,0,6,0],"v":{"t":[0,1]}},{"k":[2,0,0,5,0],"v":{"t":[0,1]}},{"k":[3,0,0,4,0],"v":{"t":[0,1]}},{"k":[4,0,0,3,0],"v":{"t":[0,1]}},{"k":[5,0,0,2,0],"v":{"t":[0,1]}},{"k":[6,0,0,1,0],"v":{"t":[0,1]}},{"k":[7,0,0,0,0],"v":{"t":[0,1]}},{"k":[0,0,0,8,0],"v":{"t":[0,1]}},{"k":[1,0,0,7,0],"v":{"t":[0,1]}},{"k":[2,0,0,6,0],"v":{"t":[0,1]}},{"k":[3,0,0,5,0],"v":{"t":[0,1]}},{"k":[4,0,0,4,0],"v":{"t":[0,1]}},{"k":[5,0,0,3,0],"v":{"t":[0,1]}},{"k":[6,0,0,2,0],"v":{"t":[0,1]}},{"k":[7,0,0,1,0],"v":{"t":[0,1]}},{"k":[8,0,0,0,0],"v":{"t":[0,1]}},{"k":[0,0,0,5,0],"v":{"t":[0,1]}},{"k":[1,0,0,4,0],"v":{"t":[0,1]}},{"k":[2,0,0,3,0],"v":{"t":[0,1]}},{"k":[3,0,0,2,0],"v":{"t":[0,1]}},{"k":[4,0,0,1,0],"v":{"t":[0,1]}},{"k":[5,0,0,0,0],"v":{"t":[0,1]}},{"k":[0,0,0,6,0],"v":{"t":[0,1]}},{"k":[1,0,0,5,0],"v":{"t":[0,1]}},{"k":[2,0,0,4,0],"v":{"t":[0,1]}},{"k":[3,0,0,3,0],"v":{"t":[0,1]}},{"k":[4,0,0,2,0],"v":{"t":[0,1]}},{"k":[5,0,0,1,0],"v":{"t":[0,1]}},{"k":[6,0,0,0,0],"v":{"t":[0,1]}},{"k":[0,0,0,3,0],"v":{"t":[0,1]}},{"k":[1,0,0,2,0],"v":{"t":[0,1]}},{"k":[2,0,0,1,0],"v":{"t":[0,1]}},{"k":[3,0,0,0,0],"v":{"t":[0,1]}},{"k":[0,0,0,4,0],"v":{"t":[0,1]}},{"k":[1,0,0,3,0],"v":{"t":[0,1]}},{"k":[2,0,0,2,0],"v":{"t":[0,1]}},{"k":[3,0,0,1,0],"v":{"t":[0,1]}},{"k":[4,0,0,0,0],"v":{"t":[0,1]}},{"k":[0,0,0,1,0],"v":{"t":[0,1]}},{"k":[1,0,0,0,0],"v":{"t":[0,1]}},{"k":[0,0,0,2,0],"v":{"t":[0,1]}},{"k":[1,0,0,1,0],"v":{"t":[0,1]}},{"k":[2,0,0,0,0],"v":{"t":[0,1]}},{"k":[15,0,0,14,0],"v":{"t":[0,1]}},{"k":[14,0,0,15,0],"v":{"t":[0,1]}},{"k":[15,0,0,15,0],"v":{"t":[0,1]}},{"k":[13,0,0,14,0],"v":{"t":[0,1]}},{"k":[12,0,0,15,0],"v":{"t":[0,1]}},{"k":[14,0,0,13,0],"v":{"t":[0,1]}},{"k":[15,0,0,12,0],"v":{"t":[0,1]}},{"k":[14,0,0,14,0],"v":{"t":[0,1]}},{"k":[13,0,0,15,0],"v":{"t":[0,1]}},{"k":[15,0,0,13,0],"v":{"t":[0,1]}},{"k":[11,0,0,14,0],"v":{"t":[0,1]}},{"k":[10,0,0,15,0],"v":{"t":[0,1]}},{"k":[12,0,0,13,0],"v":{"t":[0,1]}},{"k":[13,0,0,12,0],"v":{"t":[0,1]}},{"k":[14,0,0,11,0],"v":{"t":[0,1]}},{"k":[15,0,0,10,0],"v":{"t":[0,1]}},{"k":[12,0,0,14,0],"v":{"t":[0,1]}},{"k":[11,0,0,15,0],"v":{"t":[0,1]}},{"k":[13,0,0,13,0],"v":{"t":[0,1]}},{"k":[14,0,0,12,0],"v":{"t":[0,1]}},{"k":[15,0,0,11,0],"v":{"t":[0,1]}}]},"moun":{"a":[],"o":[]},"objs":{"list":[{"k":[7,0,0,15,0],"v":{"events":[{"id":2,"name":"Hero touch","p":[],"r":{"1":{"bh":true,"c":[{"command":[7,0,0,9,6,0,0,11,0,0,0],"kind":20}]}},"sys":false}],"hId":-1,"id":2,"name":"OBJ0002","ooepf":false,"states":[{"cam":true,"climb":false,"dir":false,"gid":-1,"gk":0,"id":1,"move":true,"name":"Normal","pix":true,"pos":false,"stop":false,"sx":{"k":12,"v":1},"sy":{"k":12,"v":1},"sz":{"k":12,"v":1},"through":false,"x":0,"y":0}]}},{"k":[13,0,0,2,0],"v":{"events":[{"id":1,"name":"Hero action","p":[],"r":{"1":{"bh":true,"c":[{"command":[8,"",1,2,0,1,"WOULD YOU LIKE A QUEST!!??!"],"kind":1},{"command":[3,2,3,5,"-",1,"Actually I have something for you-","-",1,"HECK YEAH","-",1,"no thank you."],"kind":31},{"children":[{"command":[8,"",1,2,0,1,"HERE, HAVE A QUEST!!!"],"kind":1},{"command":[3,2,3,5,"-",1,"Are you even listening?","-",1,"Okay, fine.","-",1,"No! I don't want your stupid quest!"],"kind":31},{"children":[{"command":[8,"",1,2,0,1,""],"kind":1},{"command":[5],"kind":45}],"command":[1],"kind":32},{"children":[{"command":[5],"kind":45}],"command":[2],"kind":32},{"children":[{"command":[8,"",-1,0,0,1,"haha! you are so funny! you have to take the quest to progress the story,  silly!"],"kind":1}],"command":[3],"kind":32},{"command":[],"kind":33}],"command":[1],"kind":32},{"children":[{"command":[5],"kind":45}],"command":[2],"kind":32},{"children":[{"command":[8,"",-1,0,0,1,"haha! you are so funny! you have to take the quest to progress the story,  silly!"],"kind":1}],"command":[3],"kind":32},{"command":[],"kind":33},{"command":[7,5,7,1,7,2,0],"kind":18}]},"2":{"bh":true,"c":[]}},"sys":false}],"hId":-1,"id":1,"name":"gren man 2","ooepf":false,"states":[{"cam":true,"climb":false,"dir":false,"gid":71,"gk":4,"id":1,"move":true,"name":"Normal","pix":true,"pos":false,"stop":false,"sx":{"k":12,"v":0.7},"sy":{"k":12,"v":0.7},"sz":{"k":12,"v":0.7},"through":false,"x":0,"y":0},{"cam":true,"climb":false,"dir":false,"gid":-1,"gk":0,"id":2,"move":true,"name":"NO EXISTO","pix":true,"pos":false,"stop":false,"sx":{"k":12,"v":1},"sy":{"k":12,"v":1},"sz":{"k":12,"v":1},"through":false,"x":0,"y":0}]}},{"k":[8,0,0,15,0],"v":{"events":[{"id":2,"name":"Hero touch","p":[],"r":{"1":{"bh":true,"c":[{"command":[7,0,0,9,6,0,0,11,0,0,0],"kind":20}]}},"sys":false}],"hId":-1,"id":3,"name":"OBJ0002","ooepf":false,"states":[{"cam":true,"climb":false,"dir":false,"gid":-1,"gk":0,"id":1,"move":true,"name":"Normal","pix":true,"pos":false,"stop":false,"sx":{"k":12,"v":1},"sy":{"k":12,"v":1},"sz":{"k":12,"v":1},"through":false,"x":0,"y":0}]}}]},"objs3d":{"a":[],"o":[]},"sprites":{"list":[{"k":[6,0,0,0,0],"v":{"k":5,"t":[0,8,1,2]}},{"k":[14,0,0,8,0],"v":{"k":5,"t":[1,7,1,1]}},{"k":[1,0,0,2,0],"v":{"k":5,"t":[1,7,1,1]}},{"k":[5,0,0,12,0],"v":{"k":5,"t":[1,7,1,1]}},{"k":[13,0,0,14,0],"v":{"k":5,"t":[1,7,1,1]}},{"k":[10,0,0,8,0],"v":{"k":5,"t":[1,7,1,1]}},{"k":[3,0,0,12,0],"v":{"k":5,"t":[0,8,1,2]}},{"k":[1,0,0,14,0],"v":{"k":5,"t":[0,8,1,2]}},{"k":[15,0,0,11,0],"v":{"k":5,"t":[0,8,1,2]}},{"k":[6,0,0,7,0],"v":{"k":5,"t":[0,8,1,2]}},{"k":[1,0,0,10,0],"v":{"k":5,"t":[1,7,1,1]}},{"k":[11,0,0,0,0],"v":{"k":5,"t":[0,8,1,2]}},{"k":[3,0,0,6,0],"v":{"k":5,"t":[1,7,1,1]}},{"k":[8,0,0,2,0],"v":{"k":5,"t":[1,7,1,1]}},{"k":[10,0,0,13,0],"v":{"k":5,"t":[0,8,1,2]}},{"k":[3,0,0,2,0],"v":{"k":5,"t":[0,8,1,2]}}],"overflow":[],"walls":[{"k":[4,0,0,0,0,50,0,0],"v":{"k":1,"w":14}},{"k":[0,0,0,7,0,0,50,90],"v":{"k":1,"w":14}},{"k":[15,0,0,14,0,100,50,90],"v":{"k":1,"w":14}},{"k":[15,0,0,15,0,100,50,90],"v":{"k":0,"w":14}},{"k":[0,0,0,8,0,0,50,90],"v":{"k":1,"w":14}},{"k":[0,0,0,5,0,0,50,90],"v":{"k":1,"w":14}},{"k":[0,0,0,6,0,0,50,90],"v":{"k":1,"w":14}},{"k":[0,0,0,3,0,0,50,90],"v":{"k":1,"w":14}},{"k":[0,0,0,4,0,0,50,90],"v":{"k":1,"w":14}},{"k":[0,0,0,1,0,0,50,90],"v":{"k":1,"w":14}},{"k":[0,0,0,2,0,0,50,90],"v":{"k":1,"w":14}},{"k":[0,0,0,15,0,0,50,90],"v":{"k":0,"w":14}},{"k":[0,0,0,13,0,0,50,90],"v":{"k":1,"w":14}},{"k":[15,0,0,4,0,100,50,90],"v":{"k":1,"w":14}},{"k":[0,0,0,14,0,0,50,90],"v":{"k":1,"w":14}},{"k":[15,0,0,5,0,100,50,90],"v":{"k":1,"w":14}},{"k":[0,0,0,11,0,0,50,90],"v":{"k":1,"w":14}},{"k":[15,0,0,2,0,100,50,90],"v":{"k":1,"w":14}},{"k":[0,0,0,12,0,0,50,90],"v":{"k":1,"w":14}},{"k":[15,0,0,3,0,100,50,90],"v":{"k":1,"w":14}},{"k":[0,0,0,9,0,0,50,90],"v":{"k":1,"w":14}},{"k":[15,0,0,0,0,100,50,90],"v":{"k":2,"w":14}},{"k":[0,0,0,10,0,0,50,90],"v":{"k":1,"w":14}},{"k":[15,0,0,1,0,100,50,90],"v":{"k":1,"w":14}},{"k":[15,0,0,12,0,100,50,90],"v":{"k":1,"w":14}},{"k":[15,0,0,13,0,100,50,90],"v":{"k":1,"w":14}},{"k":[15,0,0,10,0,100,50,90],"v":{"k":1,"w":14}},{"k":[15,0,0,0,0,50,0,0],"v":{"k":2,"w":14}},{"k":[15,0,0,11,0,100,50,90],"v":{"k":1,"w":14}},{"k":[15,0,0,8,0,100,50,90],"v":{"k":1,"w":14}},{"k":[13,0,0,0,0,50,0,0],"v":{"k":1,"w":14}},{"k":[15,0,0,9,0,100,50,90],"v":{"k":1,"w":14}},{"k":[14,0,0,0,0,50,0,0],"v":{"k":1,"w":14}},{"k":[15,0,0,6,0,100,50,90],"v":{"k":1,"w":14}},{"k":[0,0,0,0,0,0,50,90],"v":{"k":2,"w":14}},{"k":[15,0,0,7,0,100,50,90],"v":{"k":1,"w":14}},{"k":[11,0,0,0,0,50,0,0],"v":{"k":1,"w":14}},{"k":[12,0,0,0,0,50,0,0],"v":{"k":1,"w":14}},{"k":[1,0,0,0,0,50,0,0],"v":{"k":1,"w":14}},{"k":[2,0,0,0,0,50,0,0],"v":{"k":1,"w":14}},{"k":[0,0,0,0,0,50,0,0],"v":{"k":0,"w":14}},{"k":[9,0,0,0,0,50,0,0],"v":{"k":1,"w":14}},{"k":[10,0,0,0,0,50,0,0],"v":{"k":1,"w":14}},{"k":[7,0,0,0,0,50,0,0],"v":{"k":1,"w":14}},{"k":[8,0,0,0,0,50,0,0],"v":{"k":1,"w":14}},{"k":[5,0,0,0,0,50,0,0],"v":{"k":1,"w":14}},{"k":[6,0,0,0,0,50,0,0],"v":{"k":1,"w":14}},{"k":[3,0,0,0,0,50,0,0],"v":{"k":1,"w":14}}]}}