{"bgs":{"id":-1,"ie":false,"is":false,"name":"<None>","v":{"k":3,"v":100}},"d":0,"h":16,"id":13,"ipid":-1,"isi":true,"isky":false,"l":16,"music":{"id":-1,"ie":false,"is":false,"name":"<None>","v":{"k":3,"v":100}},"names":{"1":"green man haus"},"of3d":[],"ofmoun":[],"ofsprites":[],"so":{"events":[{"id":1,"name":"Time","p":[{"id":1,"name":"Interval","v":{"k":2,"v":null}},{"id":2,"name":"Repeat","v":{"k":10,"v":false}}],"r":{"1":{"bh":true,"c":[]}},"sys":true}],"hId":-1,"id":1,"name":"","ooepf":false,"states":[{"cam":false,"climb":false,"dir":false,"gid":-1,"gk":0,"id":1,"move":false,"name":"Normal","pix":false,"pos":false,"stop":false,"sx":{"k":12,"v":1},"sy":{"k":12,"v":1},"sz":{"k":12,"v":1},"through":false,"x":0,"y":0}]},"tileset":8,"w":16}