{"lands":{"autotiles":[],"floors":[{"k":[15,0,0,14,0],"v":{"t":[5,0]}},{"k":[14,0,0,15,0],"v":{"t":[5,0]}},{"k":[15,0,0,15,0],"v":{"t":[5,0]}},{"k":[15,0,0,10,0],"v":{"t":[5,0]}},{"k":[14,0,0,11,0],"v":{"t":[5,0]}},{"k":[13,0,0,12,0],"v":{"t":[5,0]}},{"k":[12,0,0,13,0],"v":{"t":[5,0]}},{"k":[11,0,0,14,0],"v":{"t":[5,0]}},{"k":[10,0,0,15,0],"v":{"t":[5,0]}},{"k":[15,0,0,11,0],"v":{"t":[5,0]}},{"k":[14,0,0,12,0],"v":{"t":[5,0]}},{"k":[13,0,0,13,0],"v":{"t":[5,0]}},{"k":[12,0,0,14,0],"v":{"t":[5,0]}},{"k":[11,0,0,15,0],"v":{"t":[5,0]}},{"k":[15,0,0,12,0],"v":{"t":[5,0]}},{"k":[14,0,0,13,0],"v":{"t":[5,0]}},{"k":[13,0,0,14,0],"v":{"t":[5,0]}},{"k":[12,0,0,15,0],"v":{"t":[5,0]}},{"k":[15,0,0,13,0],"v":{"t":[5,0]}},{"k":[14,0,0,14,0],"v":{"t":[5,0]}},{"k":[13,0,0,15,0],"v":{"t":[5,0]}},{"k":[0,0,0,0,0],"v":{"t":[5,0]}},{"k":[2,0,0,3,0],"v":{"t":[5,0]}},{"k":[3,0,0,2,0],"v":{"t":[5,0]}},{"k":[4,0,0,1,0],"v":{"t":[5,0]}},{"k":[5,0,0,0,0],"v":{"t":[5,0]}},{"k":[1,0,0,4,0],"v":{"t":[5,0]}},{"k":[0,0,0,5,0],"v":{"t":[5,0]}},{"k":[3,0,0,3,0],"v":{"t":[5,0]}},{"k":[4,0,0,2,0],"v":{"t":[5,0]}},{"k":[5,0,0,1,0],"v":{"t":[5,0]}},{"k":[6,0,0,0,0],"v":{"t":[5,0]}},{"k":[2,0,0,4,0],"v":{"t":[5,0]}},{"k":[1,0,0,5,0],"v":{"t":[5,0]}},{"k":[0,0,0,6,0],"v":{"t":[5,0]}},{"k":[4,0,0,3,0],"v":{"t":[5,0]}},{"k":[5,0,0,2,0],"v":{"t":[5,0]}},{"k":[6,0,0,1,0],"v":{"t":[5,0]}},{"k":[7,0,0,0,0],"v":{"t":[5,0]}},{"k":[3,0,0,4,0],"v":{"t":[5,0]}},{"k":[2,0,0,5,0],"v":{"t":[5,0]}},{"k":[1,0,0,6,0],"v":{"t":[5,0]}},{"k":[0,0,0,7,0],"v":{"t":[5,0]}},{"k":[5,0,0,3,0],"v":{"t":[5,0]}},{"k":[6,0,0,2,0],"v":{"t":[5,0]}},{"k":[7,0,0,1,0],"v":{"t":[5,0]}},{"k":[8,0,0,0,0],"v":{"t":[5,0]}},{"k":[4,0,0,4,0],"v":{"t":[5,0]}},{"k":[3,0,0,5,0],"v":{"t":[5,0]}},{"k":[2,0,0,6,0],"v":{"t":[5,0]}},{"k":[1,0,0,7,0],"v":{"t":[5,0]}},{"k":[0,0,0,8,0],"v":{"t":[5,0]}},{"k":[0,0,0,1,0],"v":{"t":[5,0]}},{"k":[1,0,0,0,0],"v":{"t":[5,0]}},{"k":[0,0,0,2,0],"v":{"t":[5,0]}},{"k":[1,0,0,1,0],"v":{"t":[5,0]}},{"k":[2,0,0,0,0],"v":{"t":[5,0]}},{"k":[0,0,0,3,0],"v":{"t":[5,0]}},{"k":[1,0,0,2,0],"v":{"t":[5,0]}},{"k":[2,0,0,1,0],"v":{"t":[5,0]}},{"k":[3,0,0,0,0],"v":{"t":[5,0]}},{"k":[1,0,0,3,0],"v":{"t":[5,0]}},{"k":[2,0,0,2,0],"v":{"t":[5,0]}},{"k":[3,0,0,1,0],"v":{"t":[5,0]}},{"k":[4,0,0,0,0],"v":{"t":[5,0]}},{"k":[0,0,0,4,0],"v":{"t":[5,0]}},{"k":[10,0,0,3,0],"v":{"t":[5,0]}},{"k":[11,0,0,2,0],"v":{"t":[5,0]}},{"k":[12,0,0,1,0],"v":{"t":[5,0]}},{"k":[9,0,0,4,0],"v":{"t":[5,0]}},{"k":[13,0,0,0,0],"v":{"t":[5,0]}},{"k":[8,0,0,5,0],"v":{"t":[5,0]}},{"k":[7,0,0,6,0],"v":{"t":[5,0]}},{"k":[6,0,0,7,0],"v":{"t":[5,0]}},{"k":[5,0,0,8,0],"v":{"t":[5,0]}},{"k":[4,0,0,9,0],"v":{"t":[5,0]}},{"k":[3,0,0,10,0],"v":{"t":[5,0]}},{"k":[2,0,0,11,0],"v":{"t":[5,0]}},{"k":[1,0,0,12,0],"v":{"t":[5,0]}},{"k":[0,0,0,13,0],"v":{"t":[5,0]}},{"k":[11,0,0,3,0],"v":{"t":[5,0]}},{"k":[12,0,0,2,0],"v":{"t":[5,0]}},{"k":[10,0,0,4,0],"v":{"t":[5,0]}},{"k":[13,0,0,1,0],"v":{"t":[5,0]}},{"k":[9,0,0,5,0],"v":{"t":[5,0]}},{"k":[14,0,0,0,0],"v":{"t":[5,0]}},{"k":[8,0,0,6,0],"v":{"t":[5,0]}},{"k":[7,0,0,7,0],"v":{"t":[5,0]}},{"k":[6,0,0,8,0],"v":{"t":[5,0]}},{"k":[5,0,0,9,0],"v":{"t":[5,0]}},{"k":[4,0,0,10,0],"v":{"t":[5,0]}},{"k":[3,0,0,11,0],"v":{"t":[5,0]}},{"k":[2,0,0,12,0],"v":{"t":[5,0]}},{"k":[1,0,0,13,0],"v":{"t":[5,0]}},{"k":[0,0,0,14,0],"v":{"t":[5,0]}},{"k":[12,0,0,3,0],"v":{"t":[5,0]}},{"k":[11,0,0,4,0],"v":{"t":[5,0]}},{"k":[13,0,0,2,0],"v":{"t":[5,0]}},{"k":[10,0,0,5,0],"v":{"t":[5,0]}},{"k":[14,0,0,1,0],"v":{"t":[5,0]}},{"k":[9,0,0,6,0],"v":{"t":[5,0]}},{"k":[15,0,0,0,0],"v":{"t":[5,0]}},{"k":[8,0,0,7,0],"v":{"t":[5,0]}},{"k":[7,0,0,8,0],"v":{"t":[5,0]}},{"k":[6,0,0,9,0],"v":{"t":[5,0]}},{"k":[5,0,0,10,0],"v":{"t":[5,0]}},{"k":[4,0,0,11,0],"v":{"t":[5,0]}},{"k":[3,0,0,12,0],"v":{"t":[5,0]}},{"k":[2,0,0,13,0],"v":{"t":[5,0]}},{"k":[1,0,0,14,0],"v":{"t":[5,0]}},{"k":[0,0,0,15,0],"v":{"t":[5,0]}},{"k":[13,0,0,3,0],"v":{"t":[5,0]}},{"k":[11,0,0,5,0],"v":{"t":[5,0]}},{"k":[14,0,0,2,0],"v":{"t":[5,0]}},{"k":[10,0,0,6,0],"v":{"t":[5,0]}},{"k":[15,0,0,1,0],"v":{"t":[5,0]}},{"k":[9,0,0,7,0],"v":{"t":[5,0]}},{"k":[8,0,0,8,0],"v":{"t":[5,0]}},{"k":[7,0,0,9,0],"v":{"t":[5,0]}},{"k":[6,0,0,10,0],"v":{"t":[5,0]}},{"k":[5,0,0,11,0],"v":{"t":[5,0]}},{"k":[4,0,0,12,0],"v":{"t":[5,0]}},{"k":[3,0,0,13,0],"v":{"t":[5,0]}},{"k":[2,0,0,14,0],"v":{"t":[5,0]}},{"k":[1,0,0,15,0],"v":{"t":[5,0]}},{"k":[12,0,0,4,0],"v":{"t":[0,0]}},{"k":[6,0,0,3,0],"v":{"t":[5,0]}},{"k":[7,0,0,2,0],"v":{"t":[5,0]}},{"k":[8,0,0,1,0],"v":{"t":[5,0]}},{"k":[9,0,0,0,0],"v":{"t":[5,0]}},{"k":[5,0,0,4,0],"v":{"t":[5,0]}},{"k":[4,0,0,5,0],"v":{"t":[5,0]}},{"k":[3,0,0,6,0],"v":{"t":[5,0]}},{"k":[2,0,0,7,0],"v":{"t":[5,0]}},{"k":[1,0,0,8,0],"v":{"t":[5,0]}},{"k":[0,0,0,9,0],"v":{"t":[5,0]}},{"k":[7,0,0,3,0],"v":{"t":[5,0]}},{"k":[8,0,0,2,0],"v":{"t":[5,0]}},{"k":[9,0,0,1,0],"v":{"t":[5,0]}},{"k":[10,0,0,0,0],"v":{"t":[5,0]}},{"k":[6,0,0,4,0],"v":{"t":[5,0]}},{"k":[5,0,0,5,0],"v":{"t":[5,0]}},{"k":[4,0,0,6,0],"v":{"t":[5,0]}},{"k":[3,0,0,7,0],"v":{"t":[5,0]}},{"k":[2,0,0,8,0],"v":{"t":[5,0]}},{"k":[1,0,0,9,0],"v":{"t":[5,0]}},{"k":[0,0,0,10,0],"v":{"t":[5,0]}},{"k":[8,0,0,3,0],"v":{"t":[5,0]}},{"k":[9,0,0,2,0],"v":{"t":[5,0]}},{"k":[10,0,0,1,0],"v":{"t":[5,0]}},{"k":[11,0,0,0,0],"v":{"t":[5,0]}},{"k":[7,0,0,4,0],"v":{"t":[5,0]}},{"k":[6,0,0,5,0],"v":{"t":[5,0]}},{"k":[5,0,0,6,0],"v":{"t":[5,0]}},{"k":[4,0,0,7,0],"v":{"t":[5,0]}},{"k":[3,0,0,8,0],"v":{"t":[5,0]}},{"k":[2,0,0,9,0],"v":{"t":[5,0]}},{"k":[1,0,0,10,0],"v":{"t":[5,0]}},{"k":[0,0,0,11,0],"v":{"t":[5,0]}},{"k":[9,0,0,3,0],"v":{"t":[5,0]}},{"k":[10,0,0,2,0],"v":{"t":[5,0]}},{"k":[11,0,0,1,0],"v":{"t":[5,0]}},{"k":[12,0,0,0,0],"v":{"t":[5,0]}},{"k":[8,0,0,4,0],"v":{"t":[5,0]}},{"k":[7,0,0,5,0],"v":{"t":[5,0]}},{"k":[6,0,0,6,0],"v":{"t":[5,0]}},{"k":[5,0,0,7,0],"v":{"t":[5,0]}},{"k":[4,0,0,8,0],"v":{"t":[5,0]}},{"k":[3,0,0,9,0],"v":{"t":[5,0]}},{"k":[2,0,0,10,0],"v":{"t":[5,0]}},{"k":[1,0,0,11,0],"v":{"t":[5,0]}},{"k":[0,0,0,12,0],"v":{"t":[5,0]}},{"k":[15,0,0,6,0],"v":{"t":[5,0]}},{"k":[14,0,0,7,0],"v":{"t":[5,0]}},{"k":[13,0,0,8,0],"v":{"t":[5,0]}},{"k":[12,0,0,9,0],"v":{"t":[5,0]}},{"k":[11,0,0,10,0],"v":{"t":[5,0]}},{"k":[10,0,0,11,0],"v":{"t":[5,0]}},{"k":[9,0,0,12,0],"v":{"t":[5,0]}},{"k":[8,0,0,13,0],"v":{"t":[5,0]}},{"k":[7,0,0,14,0],"v":{"t":[5,0]}},{"k":[6,0,0,15,0],"v":{"t":[5,0]}},{"k":[15,0,0,7,0],"v":{"t":[5,0]}},{"k":[14,0,0,8,0],"v":{"t":[5,0]}},{"k":[13,0,0,9,0],"v":{"t":[5,0]}},{"k":[12,0,0,10,0],"v":{"t":[5,0]}},{"k":[11,0,0,11,0],"v":{"t":[5,0]}},{"k":[10,0,0,12,0],"v":{"t":[5,0]}},{"k":[9,0,0,13,0],"v":{"t":[5,0]}},{"k":[8,0,0,14,0],"v":{"t":[5,0]}},{"k":[7,0,0,15,0],"v":{"t":[5,0]}},{"k":[15,0,0,8,0],"v":{"t":[5,0]}},{"k":[14,0,0,9,0],"v":{"t":[5,0]}},{"k":[13,0,0,10,0],"v":{"t":[5,0]}},{"k":[12,0,0,11,0],"v":{"t":[5,0]}},{"k":[11,0,0,12,0],"v":{"t":[5,0]}},{"k":[10,0,0,13,0],"v":{"t":[5,0]}},{"k":[9,0,0,14,0],"v":{"t":[5,0]}},{"k":[8,0,0,15,0],"v":{"t":[5,0]}},{"k":[15,0,0,9,0],"v":{"t":[5,0]}},{"k":[14,0,0,10,0],"v":{"t":[5,0]}},{"k":[13,0,0,11,0],"v":{"t":[5,0]}},{"k":[12,0,0,12,0],"v":{"t":[5,0]}},{"k":[11,0,0,13,0],"v":{"t":[5,0]}},{"k":[10,0,0,14,0],"v":{"t":[5,0]}},{"k":[9,0,0,15,0],"v":{"t":[5,0]}},{"k":[14,0,0,3,0],"v":{"t":[5,0]}},{"k":[13,0,0,4,0],"v":{"t":[5,0]}},{"k":[12,0,0,5,0],"v":{"t":[5,0]}},{"k":[11,0,0,6,0],"v":{"t":[5,0]}},{"k":[15,0,0,2,0],"v":{"t":[5,0]}},{"k":[10,0,0,7,0],"v":{"t":[5,0]}},{"k":[9,0,0,8,0],"v":{"t":[5,0]}},{"k":[8,0,0,9,0],"v":{"t":[5,0]}},{"k":[7,0,0,10,0],"v":{"t":[5,0]}},{"k":[6,0,0,11,0],"v":{"t":[5,0]}},{"k":[5,0,0,12,0],"v":{"t":[5,0]}},{"k":[4,0,0,13,0],"v":{"t":[5,0]}},{"k":[3,0,0,14,0],"v":{"t":[5,0]}},{"k":[2,0,0,15,0],"v":{"t":[5,0]}},{"k":[15,0,0,3,0],"v":{"t":[5,0]}},{"k":[14,0,0,4,0],"v":{"t":[5,0]}},{"k":[13,0,0,5,0],"v":{"t":[5,0]}},{"k":[12,0,0,6,0],"v":{"t":[5,0]}},{"k":[11,0,0,7,0],"v":{"t":[5,0]}},{"k":[10,0,0,8,0],"v":{"t":[5,0]}},{"k":[9,0,0,9,0],"v":{"t":[5,0]}},{"k":[8,0,0,10,0],"v":{"t":[5,0]}},{"k":[7,0,0,11,0],"v":{"t":[5,0]}},{"k":[6,0,0,12,0],"v":{"t":[5,0]}},{"k":[5,0,0,13,0],"v":{"t":[5,0]}},{"k":[4,0,0,14,0],"v":{"t":[5,0]}},{"k":[3,0,0,15,0],"v":{"t":[5,0]}},{"k":[15,0,0,4,0],"v":{"t":[5,0]}},{"k":[14,0,0,5,0],"v":{"t":[5,0]}},{"k":[13,0,0,6,0],"v":{"t":[5,0]}},{"k":[12,0,0,7,0],"v":{"t":[5,0]}},{"k":[11,0,0,8,0],"v":{"t":[5,0]}},{"k":[10,0,0,9,0],"v":{"t":[5,0]}},{"k":[9,0,0,10,0],"v":{"t":[5,0]}},{"k":[8,0,0,11,0],"v":{"t":[5,0]}},{"k":[7,0,0,12,0],"v":{"t":[5,0]}},{"k":[6,0,0,13,0],"v":{"t":[5,0]}},{"k":[5,0,0,14,0],"v":{"t":[5,0]}},{"k":[4,0,0,15,0],"v":{"t":[5,0]}},{"k":[15,0,0,5,0],"v":{"t":[5,0]}},{"k":[14,0,0,6,0],"v":{"t":[5,0]}},{"k":[13,0,0,7,0],"v":{"t":[5,0]}},{"k":[12,0,0,8,0],"v":{"t":[5,0]}},{"k":[11,0,0,9,0],"v":{"t":[5,0]}},{"k":[10,0,0,10,0],"v":{"t":[5,0]}},{"k":[9,0,0,11,0],"v":{"t":[5,0]}},{"k":[8,0,0,12,0],"v":{"t":[5,0]}},{"k":[7,0,0,13,0],"v":{"t":[5,0]}},{"k":[6,0,0,14,0],"v":{"t":[5,0]}},{"k":[5,0,0,15,0],"v":{"t":[5,0]}}]},"moun":{"a":[],"o":[]},"objs":{"list":[{"k":[12,0,0,5,0],"v":{"events":[{"id":2,"name":"Hero touch","p":[],"r":{"1":{"bh":true,"c":[{"command":[7,0,0,8,3,0,0,3,0,0,0],"kind":20}]}},"sys":false}],"hId":-1,"id":1,"name":"tent door in","ooepf":false,"states":[{"cam":true,"climb":false,"dir":false,"gid":-1,"gk":0,"id":1,"move":true,"name":"Normal","pix":true,"pos":false,"stop":false,"sx":{"k":12,"v":1},"sy":{"k":12,"v":1},"sz":{"k":12,"v":1},"through":false,"x":0,"y":0}]}},{"k":[0,0,0,8,0],"v":{"events":[{"id":1,"name":"Hero action","p":[],"r":{"1":{"bh":true,"c":[{"command":[7,0,0,7,35,0,0,6,0,0,0],"kind":20}]}},"sys":false}],"hId":-1,"id":2,"name":"door to ug ","ooepf":false,"states":[{"cam":true,"climb":false,"dir":false,"ecd":{"command":[1,7,1,1,0,1,2],"kind":19},"gid":-1,"gk":0,"id":1,"move":true,"name":"Normal","pix":true,"pos":false,"stop":false,"sx":{"k":12,"v":1},"sy":{"k":12,"v":1},"sz":{"k":12,"v":1},"through":false,"x":0,"y":0}]}}]},"objs3d":{"a":[{"k":[12,0,0,0,0],"v":{"did":1}}],"o":[]},"sprites":{"list":[{"k":[0,0,0,8,0,50,50,90],"v":{"k":5,"t":[6,12,2,2]}},{"k":[8,0,0,3,0],"v":{"k":6,"t":[2,5,1,2]}},{"k":[1,0,0,1,0],"v":{"k":6,"t":[2,5,1,2]}}],"overflow":[],"walls":[{"k":[9,0,0,0,0,50,0,0],"v":{"k":1,"w":17}},{"k":[0,0,0,0,0,0,50,90],"v":{"k":2,"w":17}},{"k":[10,0,0,0,0,50,0,0],"v":{"k":1,"w":17}},{"k":[3,0,0,0,0,50,0,0],"v":{"k":1,"w":17}},{"k":[4,0,0,0,0,50,0,0],"v":{"k":1,"w":17}},{"k":[5,0,0,0,0,50,0,0],"v":{"k":1,"w":17}},{"k":[6,0,0,0,0,50,0,0],"v":{"k":1,"w":17}},{"k":[0,0,0,5,0,0,50,90],"v":{"k":1,"w":17}},{"k":[0,0,0,6,0,0,50,90],"v":{"k":1,"w":17}},{"k":[0,0,0,7,0,0,50,90],"v":{"k":1,"w":17}},{"k":[0,0,0,8,0,0,50,90],"v":{"k":1,"w":17}},{"k":[0,0,0,1,0,0,50,90],"v":{"k":1,"w":17}},{"k":[0,0,0,2,0,0,50,90],"v":{"k":1,"w":17}},{"k":[0,0,0,3,0,0,50,90],"v":{"k":1,"w":17}},{"k":[0,0,0,4,0,0,50,90],"v":{"k":1,"w":17}},{"k":[0,0,0,13,0,0,50,90],"v":{"k":1,"w":17}},{"k":[0,0,0,14,0,0,50,90],"v":{"k":1,"w":17}},{"k":[0,0,0,15,0,0,50,90],"v":{"k":0,"w":17}},{"k":[15,0,0,0,0,50,0,0],"v":{"k":1,"w":17}},{"k":[0,0,0,9,0,0,50,90],"v":{"k":1,"w":17}},{"k":[0,0,0,10,0,0,50,90],"v":{"k":1,"w":17}},{"k":[0,0,0,11,0,0,50,90],"v":{"k":1,"w":17}},{"k":[11,0,0,0,0,50,0,0],"v":{"k":1,"w":17}},{"k":[0,0,0,12,0,0,50,90],"v":{"k":1,"w":17}},{"k":[12,0,0,0,0,50,0,0],"v":{"k":1,"w":17}},{"k":[13,0,0,0,0,50,0,0],"v":{"k":1,"w":17}},{"k":[14,0,0,0,0,50,0,0],"v":{"k":1,"w":17}},{"k":[0,0,0,0,0,50,0,0],"v":{"k":0,"w":17}},{"k":[1,0,0,0,0,50,0,0],"v":{"k":1,"w":17}},{"k":[2,0,0,0,0,50,0,0],"v":{"k":1,"w":17}},{"k":[7,0,0,0,0,50,0,0],"v":{"k":1,"w":17}},{"k":[8,0,0,0,0,50,0,0],"v":{"k":1,"w":17}}]}}