{"lands":{"autotiles":[],"floors":[{"k":[16,0,0,1,0],"v":{"t":[5,0]}},{"k":[17,0,0,0,0],"v":{"t":[5,0]}},{"k":[16,0,0,2,0],"v":{"t":[5,0]}},{"k":[17,0,0,1,0],"v":{"t":[5,0]}},{"k":[18,0,0,0,0],"v":{"t":[5,0]}},{"k":[16,0,0,3,0],"v":{"t":[5,0]}},{"k":[17,0,0,2,0],"v":{"t":[5,0]}},{"k":[18,0,0,1,0],"v":{"t":[5,0]}},{"k":[19,0,0,0,0],"v":{"t":[5,0]}},{"k":[16,0,0,4,0],"v":{"t":[5,0]}},{"k":[17,0,0,3,0],"v":{"t":[5,0]}},{"k":[18,0,0,2,0],"v":{"t":[5,0]}},{"k":[19,0,0,1,0],"v":{"t":[5,0]}},{"k":[20,0,0,0,0],"v":{"t":[5,0]}},{"k":[16,0,0,5,0],"v":{"t":[5,0]}},{"k":[17,0,0,4,0],"v":{"t":[5,0]}},{"k":[18,0,0,3,0],"v":{"t":[5,0]}},{"k":[19,0,0,2,0],"v":{"t":[5,0]}},{"k":[20,0,0,1,0],"v":{"t":[5,0]}},{"k":[21,0,0,0,0],"v":{"t":[5,0]}},{"k":[16,0,0,6,0],"v":{"t":[5,0]}},{"k":[17,0,0,5,0],"v":{"t":[5,0]}},{"k":[18,0,0,4,0],"v":{"t":[5,0]}},{"k":[19,0,0,3,0],"v":{"t":[5,0]}},{"k":[20,0,0,2,0],"v":{"t":[5,0]}},{"k":[21,0,0,1,0],"v":{"t":[5,0]}},{"k":[22,0,0,0,0],"v":{"t":[5,0]}},{"k":[16,0,0,7,0],"v":{"t":[5,0]}},{"k":[17,0,0,6,0],"v":{"t":[5,0]}},{"k":[18,0,0,5,0],"v":{"t":[5,0]}},{"k":[19,0,0,4,0],"v":{"t":[5,0]}},{"k":[20,0,0,3,0],"v":{"t":[5,0]}},{"k":[21,0,0,2,0],"v":{"t":[5,0]}},{"k":[22,0,0,1,0],"v":{"t":[5,0]}},{"k":[23,0,0,0,0],"v":{"t":[5,0]}},{"k":[16,0,0,8,0],"v":{"t":[5,0]}},{"k":[17,0,0,7,0],"v":{"t":[5,0]}},{"k":[18,0,0,6,0],"v":{"t":[5,0]}},{"k":[19,0,0,5,0],"v":{"t":[5,0]}},{"k":[20,0,0,4,0],"v":{"t":[5,0]}},{"k":[21,0,0,3,0],"v":{"t":[5,0]}},{"k":[22,0,0,2,0],"v":{"t":[5,0]}},{"k":[23,0,0,1,0],"v":{"t":[5,0]}},{"k":[24,0,0,0,0],"v":{"t":[5,0]}},{"k":[16,0,0,0,0],"v":{"t":[5,0]}},{"k":[24,0,0,9,0],"v":{"t":[5,0]}},{"k":[25,0,0,8,0],"v":{"t":[5,0]}},{"k":[26,0,0,7,0],"v":{"t":[5,0]}},{"k":[27,0,0,6,0],"v":{"t":[5,0]}},{"k":[23,0,0,10,0],"v":{"t":[5,0]}},{"k":[28,0,0,5,0],"v":{"t":[5,0]}},{"k":[22,0,0,11,0],"v":{"t":[5,0]}},{"k":[29,0,0,4,0],"v":{"t":[5,0]}},{"k":[21,0,0,12,0],"v":{"t":[5,0]}},{"k":[30,0,0,3,0],"v":{"t":[5,0]}},{"k":[20,0,0,13,0],"v":{"t":[5,0]}},{"k":[31,0,0,2,0],"v":{"t":[5,0]}},{"k":[19,0,0,14,0],"v":{"t":[5,0]}},{"k":[18,0,0,15,0],"v":{"t":[5,0]}},{"k":[25,0,0,9,0],"v":{"t":[5,0]}},{"k":[26,0,0,8,0],"v":{"t":[5,0]}},{"k":[27,0,0,7,0],"v":{"t":[5,0]}},{"k":[24,0,0,10,0],"v":{"t":[5,0]}},{"k":[28,0,0,6,0],"v":{"t":[5,0]}},{"k":[23,0,0,11,0],"v":{"t":[5,0]}},{"k":[29,0,0,5,0],"v":{"t":[5,0]}},{"k":[22,0,0,12,0],"v":{"t":[5,0]}},{"k":[30,0,0,4,0],"v":{"t":[5,0]}},{"k":[21,0,0,13,0],"v":{"t":[5,0]}},{"k":[31,0,0,3,0],"v":{"t":[5,0]}},{"k":[20,0,0,14,0],"v":{"t":[5,0]}},{"k":[19,0,0,15,0],"v":{"t":[5,0]}},{"k":[26,0,0,9,0],"v":{"t":[5,0]}},{"k":[27,0,0,8,0],"v":{"t":[5,0]}},{"k":[25,0,0,10,0],"v":{"t":[5,0]}},{"k":[28,0,0,7,0],"v":{"t":[5,0]}},{"k":[24,0,0,11,0],"v":{"t":[5,0]}},{"k":[29,0,0,6,0],"v":{"t":[5,0]}},{"k":[23,0,0,12,0],"v":{"t":[5,0]}},{"k":[30,0,0,5,0],"v":{"t":[5,0]}},{"k":[22,0,0,13,0],"v":{"t":[5,0]}},{"k":[31,0,0,4,0],"v":{"t":[5,0]}},{"k":[21,0,0,14,0],"v":{"t":[5,0]}},{"k":[20,0,0,15,0],"v":{"t":[5,0]}},{"k":[27,0,0,9,0],"v":{"t":[5,0]}},{"k":[26,0,0,10,0],"v":{"t":[5,0]}},{"k":[28,0,0,8,0],"v":{"t":[5,0]}},{"k":[25,0,0,11,0],"v":{"t":[5,0]}},{"k":[29,0,0,7,0],"v":{"t":[5,0]}},{"k":[24,0,0,12,0],"v":{"t":[5,0]}},{"k":[30,0,0,6,0],"v":{"t":[5,0]}},{"k":[23,0,0,13,0],"v":{"t":[5,0]}},{"k":[31,0,0,5,0],"v":{"t":[5,0]}},{"k":[22,0,0,14,0],"v":{"t":[5,0]}},{"k":[21,0,0,15,0],"v":{"t":[5,0]}},{"k":[28,0,0,9,0],"v":{"t":[5,0]}},{"k":[27,0,0,10,0],"v":{"t":[5,0]}},{"k":[26,0,0,11,0],"v":{"t":[5,0]}},{"k":[29,0,0,8,0],"v":{"t":[5,0]}},{"k":[25,0,0,12,0],"v":{"t":[5,0]}},{"k":[30,0,0,7,0],"v":{"t":[5,0]}},{"k":[24,0,0,13,0],"v":{"t":[5,0]}},{"k":[31,0,0,6,0],"v":{"t":[5,0]}},{"k":[23,0,0,14,0],"v":{"t":[5,0]}},{"k":[22,0,0,15,0],"v":{"t":[5,0]}},{"k":[29,0,0,9,0],"v":{"t":[5,0]}},{"k":[28,0,0,10,0],"v":{"t":[5,0]}},{"k":[27,0,0,11,0],"v":{"t":[5,0]}},{"k":[26,0,0,12,0],"v":{"t":[5,0]}},{"k":[30,0,0,8,0],"v":{"t":[5,0]}},{"k":[25,0,0,13,0],"v":{"t":[5,0]}},{"k":[31,0,0,7,0],"v":{"t":[5,0]}},{"k":[24,0,0,14,0],"v":{"t":[5,0]}},{"k":[23,0,0,15,0],"v":{"t":[5,0]}},{"k":[30,0,0,9,0],"v":{"t":[5,0]}},{"k":[29,0,0,10,0],"v":{"t":[5,0]}},{"k":[28,0,0,11,0],"v":{"t":[5,0]}},{"k":[27,0,0,12,0],"v":{"t":[5,0]}},{"k":[26,0,0,13,0],"v":{"t":[5,0]}},{"k":[31,0,0,8,0],"v":{"t":[5,0]}},{"k":[25,0,0,14,0],"v":{"t":[5,0]}},{"k":[24,0,0,15,0],"v":{"t":[5,0]}},{"k":[31,0,0,9,0],"v":{"t":[5,0]}},{"k":[30,0,0,10,0],"v":{"t":[5,0]}},{"k":[29,0,0,11,0],"v":{"t":[5,0]}},{"k":[28,0,0,12,0],"v":{"t":[5,0]}},{"k":[27,0,0,13,0],"v":{"t":[5,0]}},{"k":[26,0,0,14,0],"v":{"t":[5,0]}},{"k":[25,0,0,15,0],"v":{"t":[5,0]}},{"k":[16,0,0,9,0],"v":{"t":[5,0]}},{"k":[17,0,0,8,0],"v":{"t":[5,0]}},{"k":[18,0,0,7,0],"v":{"t":[5,0]}},{"k":[19,0,0,6,0],"v":{"t":[5,0]}},{"k":[20,0,0,5,0],"v":{"t":[5,0]}},{"k":[21,0,0,4,0],"v":{"t":[5,0]}},{"k":[22,0,0,3,0],"v":{"t":[5,0]}},{"k":[23,0,0,2,0],"v":{"t":[5,0]}},{"k":[24,0,0,1,0],"v":{"t":[5,0]}},{"k":[25,0,0,0,0],"v":{"t":[5,0]}},{"k":[21,0,0,5,0],"v":{"t":[5,0]}},{"k":[17,0,0,9,0],"v":{"t":[5,0]}},{"k":[18,0,0,8,0],"v":{"t":[5,0]}},{"k":[19,0,0,7,0],"v":{"t":[5,0]}},{"k":[20,0,0,6,0],"v":{"t":[5,0]}},{"k":[22,0,0,4,0],"v":{"t":[5,0]}},{"k":[23,0,0,3,0],"v":{"t":[5,0]}},{"k":[24,0,0,2,0],"v":{"t":[5,0]}},{"k":[25,0,0,1,0],"v":{"t":[5,0]}},{"k":[26,0,0,0,0],"v":{"t":[5,0]}},{"k":[16,0,0,10,0],"v":{"t":[5,0]}},{"k":[18,0,0,9,0],"v":{"t":[5,0]}},{"k":[19,0,0,8,0],"v":{"t":[5,0]}},{"k":[20,0,0,7,0],"v":{"t":[5,0]}},{"k":[21,0,0,6,0],"v":{"t":[5,0]}},{"k":[22,0,0,5,0],"v":{"t":[5,0]}},{"k":[23,0,0,4,0],"v":{"t":[5,0]}},{"k":[24,0,0,3,0],"v":{"t":[5,0]}},{"k":[25,0,0,2,0],"v":{"t":[5,0]}},{"k":[26,0,0,1,0],"v":{"t":[5,0]}},{"k":[27,0,0,0,0],"v":{"t":[5,0]}},{"k":[17,0,0,10,0],"v":{"t":[5,0]}},{"k":[16,0,0,11,0],"v":{"t":[5,0]}},{"k":[19,0,0,9,0],"v":{"t":[5,0]}},{"k":[20,0,0,8,0],"v":{"t":[5,0]}},{"k":[21,0,0,7,0],"v":{"t":[5,0]}},{"k":[22,0,0,6,0],"v":{"t":[5,0]}},{"k":[23,0,0,5,0],"v":{"t":[5,0]}},{"k":[24,0,0,4,0],"v":{"t":[5,0]}},{"k":[25,0,0,3,0],"v":{"t":[5,0]}},{"k":[26,0,0,2,0],"v":{"t":[5,0]}},{"k":[27,0,0,1,0],"v":{"t":[5,0]}},{"k":[18,0,0,10,0],"v":{"t":[5,0]}},{"k":[28,0,0,0,0],"v":{"t":[5,0]}},{"k":[17,0,0,11,0],"v":{"t":[5,0]}},{"k":[16,0,0,12,0],"v":{"t":[5,0]}},{"k":[20,0,0,9,0],"v":{"t":[5,0]}},{"k":[21,0,0,8,0],"v":{"t":[5,0]}},{"k":[22,0,0,7,0],"v":{"t":[5,0]}},{"k":[23,0,0,6,0],"v":{"t":[5,0]}},{"k":[24,0,0,5,0],"v":{"t":[5,0]}},{"k":[25,0,0,4,0],"v":{"t":[5,0]}},{"k":[26,0,0,3,0],"v":{"t":[5,0]}},{"k":[27,0,0,2,0],"v":{"t":[5,0]}},{"k":[19,0,0,10,0],"v":{"t":[5,0]}},{"k":[28,0,0,1,0],"v":{"t":[5,0]}},{"k":[18,0,0,11,0],"v":{"t":[5,0]}},{"k":[29,0,0,0,0],"v":{"t":[5,0]}},{"k":[17,0,0,12,0],"v":{"t":[5,0]}},{"k":[16,0,0,13,0],"v":{"t":[5,0]}},{"k":[21,0,0,9,0],"v":{"t":[5,0]}},{"k":[22,0,0,8,0],"v":{"t":[5,0]}},{"k":[23,0,0,7,0],"v":{"t":[5,0]}},{"k":[24,0,0,6,0],"v":{"t":[5,0]}},{"k":[25,0,0,5,0],"v":{"t":[5,0]}},{"k":[26,0,0,4,0],"v":{"t":[5,0]}},{"k":[27,0,0,3,0],"v":{"t":[5,0]}},{"k":[20,0,0,10,0],"v":{"t":[5,0]}},{"k":[28,0,0,2,0],"v":{"t":[5,0]}},{"k":[19,0,0,11,0],"v":{"t":[5,0]}},{"k":[29,0,0,1,0],"v":{"t":[5,0]}},{"k":[18,0,0,12,0],"v":{"t":[5,0]}},{"k":[30,0,0,0,0],"v":{"t":[5,0]}},{"k":[17,0,0,13,0],"v":{"t":[5,0]}},{"k":[16,0,0,14,0],"v":{"t":[5,0]}},{"k":[22,0,0,9,0],"v":{"t":[5,0]}},{"k":[23,0,0,8,0],"v":{"t":[5,0]}},{"k":[24,0,0,7,0],"v":{"t":[5,0]}},{"k":[25,0,0,6,0],"v":{"t":[5,0]}},{"k":[26,0,0,5,0],"v":{"t":[5,0]}},{"k":[27,0,0,4,0],"v":{"t":[5,0]}},{"k":[21,0,0,10,0],"v":{"t":[5,0]}},{"k":[28,0,0,3,0],"v":{"t":[5,0]}},{"k":[20,0,0,11,0],"v":{"t":[5,0]}},{"k":[29,0,0,2,0],"v":{"t":[5,0]}},{"k":[19,0,0,12,0],"v":{"t":[5,0]}},{"k":[30,0,0,1,0],"v":{"t":[5,0]}},{"k":[18,0,0,13,0],"v":{"t":[5,0]}},{"k":[31,0,0,0,0],"v":{"t":[5,0]}},{"k":[17,0,0,14,0],"v":{"t":[5,0]}},{"k":[16,0,0,15,0],"v":{"t":[5,0]}},{"k":[23,0,0,9,0],"v":{"t":[5,0]}},{"k":[24,0,0,8,0],"v":{"t":[5,0]}},{"k":[25,0,0,7,0],"v":{"t":[5,0]}},{"k":[26,0,0,6,0],"v":{"t":[5,0]}},{"k":[27,0,0,5,0],"v":{"t":[5,0]}},{"k":[22,0,0,10,0],"v":{"t":[5,0]}},{"k":[28,0,0,4,0],"v":{"t":[5,0]}},{"k":[21,0,0,11,0],"v":{"t":[5,0]}},{"k":[29,0,0,3,0],"v":{"t":[5,0]}},{"k":[20,0,0,12,0],"v":{"t":[5,0]}},{"k":[30,0,0,2,0],"v":{"t":[5,0]}},{"k":[19,0,0,13,0],"v":{"t":[5,0]}},{"k":[31,0,0,1,0],"v":{"t":[5,0]}},{"k":[18,0,0,14,0],"v":{"t":[5,0]}},{"k":[17,0,0,15,0],"v":{"t":[5,0]}},{"k":[31,0,0,10,0],"v":{"t":[5,0]}},{"k":[30,0,0,11,0],"v":{"t":[5,0]}},{"k":[29,0,0,12,0],"v":{"t":[5,0]}},{"k":[28,0,0,13,0],"v":{"t":[5,0]}},{"k":[27,0,0,14,0],"v":{"t":[5,0]}},{"k":[26,0,0,15,0],"v":{"t":[5,0]}},{"k":[31,0,0,11,0],"v":{"t":[5,0]}},{"k":[30,0,0,12,0],"v":{"t":[5,0]}},{"k":[29,0,0,13,0],"v":{"t":[5,0]}},{"k":[28,0,0,14,0],"v":{"t":[5,0]}},{"k":[27,0,0,15,0],"v":{"t":[5,0]}},{"k":[31,0,0,12,0],"v":{"t":[5,0]}},{"k":[30,0,0,13,0],"v":{"t":[5,0]}},{"k":[29,0,0,14,0],"v":{"t":[5,0]}},{"k":[28,0,0,15,0],"v":{"t":[5,0]}},{"k":[31,0,0,13,0],"v":{"t":[5,0]}},{"k":[30,0,0,14,0],"v":{"t":[5,0]}},{"k":[29,0,0,15,0],"v":{"t":[5,0]}},{"k":[31,0,0,14,0],"v":{"t":[5,0]}},{"k":[30,0,0,15,0],"v":{"t":[5,0]}},{"k":[31,0,0,15,0],"v":{"t":[5,0]}}]},"moun":{"a":[],"o":[]},"objs":{"list":[]},"objs3d":{"a":[],"o":[]},"sprites":{"list":[{"k":[17,0,0,1,0],"v":{"k":6,"t":[0,14,1,1]}}],"overflow":[],"walls":[{"k":[31,0,0,0,0,50,0,0],"v":{"k":1,"w":17}},{"k":[16,0,0,0,0,50,0,0],"v":{"k":1,"w":17}},{"k":[17,0,0,0,0,50,0,0],"v":{"k":1,"w":17}},{"k":[18,0,0,0,0,50,0,0],"v":{"k":1,"w":17}},{"k":[19,0,0,0,0,50,0,0],"v":{"k":1,"w":17}},{"k":[20,0,0,0,0,50,0,0],"v":{"k":1,"w":17}},{"k":[21,0,0,0,0,50,0,0],"v":{"k":1,"w":17}},{"k":[22,0,0,0,0,50,0,0],"v":{"k":1,"w":17}},{"k":[23,0,0,0,0,50,0,0],"v":{"k":1,"w":17}},{"k":[24,0,0,0,0,50,0,0],"v":{"k":1,"w":17}},{"k":[25,0,0,0,0,50,0,0],"v":{"k":1,"w":17}},{"k":[26,0,0,0,0,50,0,0],"v":{"k":1,"w":17}},{"k":[27,0,0,0,0,50,0,0],"v":{"k":1,"w":17}},{"k":[28,0,0,0,0,50,0,0],"v":{"k":1,"w":17}},{"k":[29,0,0,0,0,50,0,0],"v":{"k":1,"w":17}},{"k":[30,0,0,0,0,50,0,0],"v":{"k":1,"w":17}}]}}