{"lands":{"autotiles":[],"floors":[{"k":[15,0,0,15,0],"v":{"t":[0,10]}},{"k":[15,0,0,14,0],"v":{"t":[0,10]}},{"k":[14,0,0,15,0],"v":{"t":[0,10]}},{"k":[15,0,0,13,0],"v":{"t":[0,10]}},{"k":[14,0,0,14,0],"v":{"t":[0,10]}},{"k":[13,0,0,15,0],"v":{"t":[0,10]}},{"k":[15,0,0,12,0],"v":{"t":[0,10]}},{"k":[14,0,0,13,0],"v":{"t":[0,10]}},{"k":[13,0,0,14,0],"v":{"t":[0,10]}},{"k":[12,0,0,15,0],"v":{"t":[0,10]}},{"k":[15,0,0,11,0],"v":{"t":[0,10]}},{"k":[14,0,0,12,0],"v":{"t":[0,10]}},{"k":[13,0,0,13,0],"v":{"t":[0,10]}},{"k":[12,0,0,14,0],"v":{"t":[0,10]}},{"k":[11,0,0,15,0],"v":{"t":[0,10]}},{"k":[15,0,0,10,0],"v":{"t":[0,10]}},{"k":[14,0,0,11,0],"v":{"t":[0,10]}},{"k":[13,0,0,12,0],"v":{"t":[0,10]}},{"k":[12,0,0,13,0],"v":{"t":[0,10]}},{"k":[11,0,0,14,0],"v":{"t":[0,10]}},{"k":[10,0,0,15,0],"v":{"t":[0,10]}},{"k":[0,0,0,0,0],"v":{"t":[0,10]}},{"k":[0,0,0,8,0],"v":{"t":[0,10]}},{"k":[1,0,0,7,0],"v":{"t":[0,10]}},{"k":[2,0,0,6,0],"v":{"t":[0,10]}},{"k":[3,0,0,5,0],"v":{"t":[0,10]}},{"k":[4,0,0,4,0],"v":{"t":[0,10]}},{"k":[5,0,0,3,0],"v":{"t":[0,10]}},{"k":[6,0,0,2,0],"v":{"t":[0,10]}},{"k":[7,0,0,1,0],"v":{"t":[0,10]}},{"k":[8,0,0,0,0],"v":{"t":[0,10]}},{"k":[0,0,0,7,0],"v":{"t":[0,10]}},{"k":[1,0,0,6,0],"v":{"t":[0,10]}},{"k":[2,0,0,5,0],"v":{"t":[0,10]}},{"k":[3,0,0,4,0],"v":{"t":[0,10]}},{"k":[4,0,0,3,0],"v":{"t":[0,10]}},{"k":[5,0,0,2,0],"v":{"t":[0,10]}},{"k":[6,0,0,1,0],"v":{"t":[0,10]}},{"k":[7,0,0,0,0],"v":{"t":[0,10]}},{"k":[0,0,0,6,0],"v":{"t":[0,10]}},{"k":[1,0,0,5,0],"v":{"t":[0,10]}},{"k":[2,0,0,4,0],"v":{"t":[0,10]}},{"k":[3,0,0,3,0],"v":{"t":[0,10]}},{"k":[4,0,0,2,0],"v":{"t":[0,10]}},{"k":[5,0,0,1,0],"v":{"t":[0,10]}},{"k":[6,0,0,0,0],"v":{"t":[0,10]}},{"k":[0,0,0,5,0],"v":{"t":[0,10]}},{"k":[1,0,0,4,0],"v":{"t":[0,10]}},{"k":[2,0,0,3,0],"v":{"t":[0,10]}},{"k":[3,0,0,2,0],"v":{"t":[0,10]}},{"k":[4,0,0,1,0],"v":{"t":[0,10]}},{"k":[5,0,0,0,0],"v":{"t":[0,10]}},{"k":[0,0,0,4,0],"v":{"t":[0,10]}},{"k":[1,0,0,3,0],"v":{"t":[0,10]}},{"k":[2,0,0,2,0],"v":{"t":[0,10]}},{"k":[3,0,0,1,0],"v":{"t":[0,10]}},{"k":[4,0,0,0,0],"v":{"t":[0,10]}},{"k":[0,0,0,3,0],"v":{"t":[0,10]}},{"k":[1,0,0,2,0],"v":{"t":[0,10]}},{"k":[2,0,0,1,0],"v":{"t":[0,10]}},{"k":[3,0,0,0,0],"v":{"t":[0,10]}},{"k":[0,0,0,2,0],"v":{"t":[0,10]}},{"k":[1,0,0,1,0],"v":{"t":[0,10]}},{"k":[2,0,0,0,0],"v":{"t":[0,10]}},{"k":[0,0,0,1,0],"v":{"t":[0,10]}},{"k":[1,0,0,0,0],"v":{"t":[0,10]}},{"k":[6,0,0,10,0],"v":{"t":[0,10]}},{"k":[5,0,0,11,0],"v":{"t":[0,10]}},{"k":[4,0,0,12,0],"v":{"t":[0,10]}},{"k":[3,0,0,13,0],"v":{"t":[0,10]}},{"k":[2,0,0,14,0],"v":{"t":[0,10]}},{"k":[1,0,0,15,0],"v":{"t":[0,10]}},{"k":[7,0,0,9,0],"v":{"t":[0,10]}},{"k":[8,0,0,8,0],"v":{"t":[0,10]}},{"k":[9,0,0,7,0],"v":{"t":[0,10]}},{"k":[10,0,0,6,0],"v":{"t":[0,10]}},{"k":[11,0,0,5,0],"v":{"t":[0,10]}},{"k":[12,0,0,4,0],"v":{"t":[0,10]}},{"k":[13,0,0,3,0],"v":{"t":[0,10]}},{"k":[14,0,0,2,0],"v":{"t":[0,10]}},{"k":[15,0,0,1,0],"v":{"t":[0,10]}},{"k":[5,0,0,10,0],"v":{"t":[0,10]}},{"k":[4,0,0,11,0],"v":{"t":[0,10]}},{"k":[3,0,0,12,0],"v":{"t":[0,10]}},{"k":[2,0,0,13,0],"v":{"t":[0,10]}},{"k":[1,0,0,14,0],"v":{"t":[0,10]}},{"k":[0,0,0,15,0],"v":{"t":[0,10]}},{"k":[6,0,0,9,0],"v":{"t":[0,10]}},{"k":[7,0,0,8,0],"v":{"t":[0,10]}},{"k":[8,0,0,7,0],"v":{"t":[0,10]}},{"k":[9,0,0,6,0],"v":{"t":[0,10]}},{"k":[10,0,0,5,0],"v":{"t":[0,10]}},{"k":[11,0,0,4,0],"v":{"t":[0,10]}},{"k":[12,0,0,3,0],"v":{"t":[0,10]}},{"k":[13,0,0,2,0],"v":{"t":[0,10]}},{"k":[14,0,0,1,0],"v":{"t":[0,10]}},{"k":[15,0,0,0,0],"v":{"t":[0,10]}},{"k":[4,0,0,10,0],"v":{"t":[0,10]}},{"k":[3,0,0,11,0],"v":{"t":[0,10]}},{"k":[2,0,0,12,0],"v":{"t":[0,10]}},{"k":[1,0,0,13,0],"v":{"t":[0,10]}},{"k":[0,0,0,14,0],"v":{"t":[0,10]}},{"k":[5,0,0,9,0],"v":{"t":[0,10]}},{"k":[6,0,0,8,0],"v":{"t":[0,10]}},{"k":[7,0,0,7,0],"v":{"t":[0,10]}},{"k":[8,0,0,6,0],"v":{"t":[0,10]}},{"k":[9,0,0,5,0],"v":{"t":[0,10]}},{"k":[10,0,0,4,0],"v":{"t":[0,10]}},{"k":[11,0,0,3,0],"v":{"t":[0,10]}},{"k":[12,0,0,2,0],"v":{"t":[0,10]}},{"k":[13,0,0,1,0],"v":{"t":[0,10]}},{"k":[14,0,0,0,0],"v":{"t":[0,10]}},{"k":[3,0,0,10,0],"v":{"t":[0,10]}},{"k":[2,0,0,11,0],"v":{"t":[0,10]}},{"k":[1,0,0,12,0],"v":{"t":[0,10]}},{"k":[0,0,0,13,0],"v":{"t":[0,10]}},{"k":[4,0,0,9,0],"v":{"t":[0,10]}},{"k":[5,0,0,8,0],"v":{"t":[0,10]}},{"k":[6,0,0,7,0],"v":{"t":[0,10]}},{"k":[7,0,0,6,0],"v":{"t":[0,10]}},{"k":[8,0,0,5,0],"v":{"t":[0,10]}},{"k":[9,0,0,4,0],"v":{"t":[0,10]}},{"k":[10,0,0,3,0],"v":{"t":[0,10]}},{"k":[11,0,0,2,0],"v":{"t":[0,10]}},{"k":[12,0,0,1,0],"v":{"t":[0,10]}},{"k":[13,0,0,0,0],"v":{"t":[0,10]}},{"k":[2,0,0,10,0],"v":{"t":[0,10]}},{"k":[1,0,0,11,0],"v":{"t":[0,10]}},{"k":[0,0,0,12,0],"v":{"t":[0,10]}},{"k":[3,0,0,9,0],"v":{"t":[0,10]}},{"k":[4,0,0,8,0],"v":{"t":[0,10]}},{"k":[5,0,0,7,0],"v":{"t":[0,10]}},{"k":[6,0,0,6,0],"v":{"t":[0,10]}},{"k":[7,0,0,5,0],"v":{"t":[0,10]}},{"k":[8,0,0,4,0],"v":{"t":[0,10]}},{"k":[9,0,0,3,0],"v":{"t":[0,10]}},{"k":[10,0,0,2,0],"v":{"t":[0,10]}},{"k":[11,0,0,1,0],"v":{"t":[0,10]}},{"k":[12,0,0,0,0],"v":{"t":[0,10]}},{"k":[1,0,0,10,0],"v":{"t":[0,10]}},{"k":[0,0,0,11,0],"v":{"t":[0,10]}},{"k":[2,0,0,9,0],"v":{"t":[0,10]}},{"k":[3,0,0,8,0],"v":{"t":[0,10]}},{"k":[4,0,0,7,0],"v":{"t":[0,10]}},{"k":[5,0,0,6,0],"v":{"t":[0,10]}},{"k":[6,0,0,5,0],"v":{"t":[0,10]}},{"k":[7,0,0,4,0],"v":{"t":[0,10]}},{"k":[8,0,0,3,0],"v":{"t":[0,10]}},{"k":[9,0,0,2,0],"v":{"t":[0,10]}},{"k":[10,0,0,1,0],"v":{"t":[0,10]}},{"k":[11,0,0,0,0],"v":{"t":[0,10]}},{"k":[0,0,0,10,0],"v":{"t":[0,10]}},{"k":[1,0,0,9,0],"v":{"t":[0,10]}},{"k":[2,0,0,8,0],"v":{"t":[0,10]}},{"k":[3,0,0,7,0],"v":{"t":[0,10]}},{"k":[4,0,0,6,0],"v":{"t":[0,10]}},{"k":[5,0,0,5,0],"v":{"t":[0,10]}},{"k":[6,0,0,4,0],"v":{"t":[0,10]}},{"k":[7,0,0,3,0],"v":{"t":[0,10]}},{"k":[8,0,0,2,0],"v":{"t":[0,10]}},{"k":[9,0,0,1,0],"v":{"t":[0,10]}},{"k":[10,0,0,0,0],"v":{"t":[0,10]}},{"k":[0,0,0,9,0],"v":{"t":[0,10]}},{"k":[1,0,0,8,0],"v":{"t":[0,10]}},{"k":[2,0,0,7,0],"v":{"t":[0,10]}},{"k":[3,0,0,6,0],"v":{"t":[0,10]}},{"k":[4,0,0,5,0],"v":{"t":[0,10]}},{"k":[5,0,0,4,0],"v":{"t":[0,10]}},{"k":[6,0,0,3,0],"v":{"t":[0,10]}},{"k":[7,0,0,2,0],"v":{"t":[0,10]}},{"k":[8,0,0,1,0],"v":{"t":[0,10]}},{"k":[9,0,0,0,0],"v":{"t":[0,10]}},{"k":[14,0,0,10,0],"v":{"t":[0,10]}},{"k":[13,0,0,11,0],"v":{"t":[0,10]}},{"k":[12,0,0,12,0],"v":{"t":[0,10]}},{"k":[11,0,0,13,0],"v":{"t":[0,10]}},{"k":[10,0,0,14,0],"v":{"t":[0,10]}},{"k":[9,0,0,15,0],"v":{"t":[0,10]}},{"k":[15,0,0,9,0],"v":{"t":[0,10]}},{"k":[13,0,0,10,0],"v":{"t":[0,10]}},{"k":[12,0,0,11,0],"v":{"t":[0,10]}},{"k":[11,0,0,12,0],"v":{"t":[0,10]}},{"k":[10,0,0,13,0],"v":{"t":[0,10]}},{"k":[9,0,0,14,0],"v":{"t":[0,10]}},{"k":[8,0,0,15,0],"v":{"t":[0,10]}},{"k":[14,0,0,9,0],"v":{"t":[0,10]}},{"k":[15,0,0,8,0],"v":{"t":[0,10]}},{"k":[12,0,0,10,0],"v":{"t":[0,10]}},{"k":[11,0,0,11,0],"v":{"t":[0,10]}},{"k":[10,0,0,12,0],"v":{"t":[0,10]}},{"k":[9,0,0,13,0],"v":{"t":[0,10]}},{"k":[8,0,0,14,0],"v":{"t":[0,10]}},{"k":[7,0,0,15,0],"v":{"t":[0,10]}},{"k":[13,0,0,9,0],"v":{"t":[0,10]}},{"k":[14,0,0,8,0],"v":{"t":[0,10]}},{"k":[15,0,0,7,0],"v":{"t":[0,10]}},{"k":[11,0,0,10,0],"v":{"t":[0,10]}},{"k":[10,0,0,11,0],"v":{"t":[0,10]}},{"k":[9,0,0,12,0],"v":{"t":[0,10]}},{"k":[8,0,0,13,0],"v":{"t":[0,10]}},{"k":[7,0,0,14,0],"v":{"t":[0,10]}},{"k":[6,0,0,15,0],"v":{"t":[0,10]}},{"k":[12,0,0,9,0],"v":{"t":[0,10]}},{"k":[13,0,0,8,0],"v":{"t":[0,10]}},{"k":[14,0,0,7,0],"v":{"t":[0,10]}},{"k":[15,0,0,6,0],"v":{"t":[0,10]}},{"k":[10,0,0,10,0],"v":{"t":[0,10]}},{"k":[9,0,0,11,0],"v":{"t":[0,10]}},{"k":[8,0,0,12,0],"v":{"t":[0,10]}},{"k":[7,0,0,13,0],"v":{"t":[0,10]}},{"k":[6,0,0,14,0],"v":{"t":[0,10]}},{"k":[5,0,0,15,0],"v":{"t":[0,10]}},{"k":[11,0,0,9,0],"v":{"t":[0,10]}},{"k":[12,0,0,8,0],"v":{"t":[0,10]}},{"k":[13,0,0,7,0],"v":{"t":[0,10]}},{"k":[14,0,0,6,0],"v":{"t":[0,10]}},{"k":[15,0,0,5,0],"v":{"t":[0,10]}},{"k":[9,0,0,10,0],"v":{"t":[0,10]}},{"k":[8,0,0,11,0],"v":{"t":[0,10]}},{"k":[7,0,0,12,0],"v":{"t":[0,10]}},{"k":[6,0,0,13,0],"v":{"t":[0,10]}},{"k":[5,0,0,14,0],"v":{"t":[0,10]}},{"k":[4,0,0,15,0],"v":{"t":[0,10]}},{"k":[10,0,0,9,0],"v":{"t":[0,10]}},{"k":[11,0,0,8,0],"v":{"t":[0,10]}},{"k":[12,0,0,7,0],"v":{"t":[0,10]}},{"k":[13,0,0,6,0],"v":{"t":[0,10]}},{"k":[14,0,0,5,0],"v":{"t":[0,10]}},{"k":[15,0,0,4,0],"v":{"t":[0,10]}},{"k":[8,0,0,10,0],"v":{"t":[0,10]}},{"k":[7,0,0,11,0],"v":{"t":[0,10]}},{"k":[6,0,0,12,0],"v":{"t":[0,10]}},{"k":[5,0,0,13,0],"v":{"t":[0,10]}},{"k":[4,0,0,14,0],"v":{"t":[0,10]}},{"k":[3,0,0,15,0],"v":{"t":[0,10]}},{"k":[9,0,0,9,0],"v":{"t":[0,10]}},{"k":[10,0,0,8,0],"v":{"t":[0,10]}},{"k":[11,0,0,7,0],"v":{"t":[0,10]}},{"k":[12,0,0,6,0],"v":{"t":[0,10]}},{"k":[13,0,0,5,0],"v":{"t":[0,10]}},{"k":[14,0,0,4,0],"v":{"t":[0,10]}},{"k":[15,0,0,3,0],"v":{"t":[0,10]}},{"k":[7,0,0,10,0],"v":{"t":[0,10]}},{"k":[6,0,0,11,0],"v":{"t":[0,10]}},{"k":[5,0,0,12,0],"v":{"t":[0,10]}},{"k":[4,0,0,13,0],"v":{"t":[0,10]}},{"k":[3,0,0,14,0],"v":{"t":[0,10]}},{"k":[2,0,0,15,0],"v":{"t":[0,10]}},{"k":[8,0,0,9,0],"v":{"t":[0,10]}},{"k":[9,0,0,8,0],"v":{"t":[0,10]}},{"k":[10,0,0,7,0],"v":{"t":[0,10]}},{"k":[11,0,0,6,0],"v":{"t":[0,10]}},{"k":[12,0,0,5,0],"v":{"t":[0,10]}},{"k":[13,0,0,4,0],"v":{"t":[0,10]}},{"k":[14,0,0,3,0],"v":{"t":[0,10]}},{"k":[15,0,0,2,0],"v":{"t":[0,10]}}]},"moun":{"a":[],"o":[]},"objs":{"list":[{"k":[15,0,0,13,0],"v":{"events":[{"id":1,"name":"Hero action","p":[],"r":{"1":{"bh":true,"c":[{"command":[7,0,0,4,14,0,0,14,0,0,0],"kind":20}]}},"sys":false}],"hId":-1,"id":1,"name":"OBJ0001","ooepf":false,"states":[{"cam":true,"climb":false,"dir":false,"gid":-1,"gk":0,"id":1,"move":true,"name":"Normal","pix":true,"pos":false,"stop":false,"sx":{"k":12,"v":1},"sy":{"k":12,"v":1},"sz":{"k":12,"v":1},"through":false,"x":0,"y":0}]}},{"k":[7,0,0,10,0],"v":{"events":[{"id":1,"name":"Hero action","p":[],"r":{"1":{"bh":true,"c":[{"command":[8,"",1,0,0,1,"hm.. just a bunch of books...  if only i knew how to read..."],"kind":1}]}},"sys":false}],"hId":-1,"id":2,"name":"OBJ0002","ooepf":false,"states":[{"cam":true,"climb":false,"dir":false,"gid":-1,"gk":0,"id":1,"move":true,"name":"Normal","pix":true,"pos":false,"stop":false,"sx":{"k":12,"v":1},"sy":{"k":12,"v":1},"sz":{"k":12,"v":1},"through":false,"x":0,"y":0}]}}]},"objs3d":{"a":[{"k":[7,0,0,10,0],"v":{"did":10}}],"o":[]},"sprites":{"list":[{"k":[15,0,0,13,0],"v":{"k":5,"t":[2,8,1,2]}}],"overflow":[],"walls":[]}}