{"lands":{"autotiles":[],"floors":[{"k":[15,0,0,26,0],"v":{"t":[1,10]}},{"k":[14,0,0,27,0],"v":{"t":[0,10]}},{"k":[15,0,0,25,1],"v":{"t":[1,10]}},{"k":[12,1,0,28,0],"v":{"t":[0,0]}},{"k":[10,0,0,31,0],"v":{"t":[0,10]}},{"k":[11,0,0,30,0],"v":{"t":[0,10]}},{"k":[12,0,0,29,0],"v":{"t":[0,10]}},{"k":[13,0,0,28,0],"v":{"t":[0,10]}},{"k":[15,0,0,27,0],"v":{"t":[1,10]}},{"k":[14,0,0,28,0],"v":{"t":[0,10]}},{"k":[13,1,0,28,0],"v":{"t":[0,0]}},{"k":[11,0,0,31,0],"v":{"t":[0,10]}},{"k":[12,0,0,30,0],"v":{"t":[0,10]}},{"k":[13,0,0,29,0],"v":{"t":[0,10]}},{"k":[15,0,0,28,0],"v":{"t":[1,10]}},{"k":[14,0,0,29,0],"v":{"t":[0,10]}},{"k":[13,1,0,29,0],"v":{"t":[0,0]}},{"k":[12,0,0,31,0],"v":{"t":[0,10]}},{"k":[13,0,0,30,0],"v":{"t":[0,10]}},{"k":[15,0,0,29,0],"v":{"t":[1,10]}},{"k":[14,0,0,30,0],"v":{"t":[0,10]}},{"k":[13,1,0,30,0],"v":{"t":[0,0]}},{"k":[13,0,0,31,0],"v":{"t":[0,10]}},{"k":[15,0,0,30,0],"v":{"t":[1,10]}},{"k":[14,0,0,31,0],"v":{"t":[0,10]}},{"k":[13,1,0,31,0],"v":{"t":[0,0]}},{"k":[15,0,0,31,0],"v":{"t":[1,10]}},{"k":[13,1,0,19,0],"v":{"t":[0,0]}},{"k":[7,0,0,26,0],"v":{"t":[0,10]}},{"k":[8,0,0,25,0],"v":{"t":[0,10]}},{"k":[9,1,0,23,0],"v":{"t":[0,0]}},{"k":[8,1,0,24,0],"v":{"t":[0,0]}},{"k":[4,1,0,28,0],"v":{"t":[0,0]}},{"k":[3,1,0,29,0],"v":{"t":[0,0]}},{"k":[15,0,0,18,0],"v":{"t":[0,10]}},{"k":[14,0,0,19,0],"v":{"t":[0,10]}},{"k":[13,0,0,20,0],"v":{"t":[0,10]}},{"k":[12,0,0,21,0],"v":{"t":[0,10]}},{"k":[11,0,0,22,0],"v":{"t":[0,10]}},{"k":[10,0,0,23,0],"v":{"t":[0,10]}},{"k":[9,0,0,24,0],"v":{"t":[0,10]}},{"k":[2,0,0,31,0],"v":{"t":[0,10]}},{"k":[3,0,0,30,0],"v":{"t":[0,10]}},{"k":[4,0,0,29,0],"v":{"t":[0,10]}},{"k":[5,0,0,28,0],"v":{"t":[0,10]}},{"k":[6,0,0,27,0],"v":{"t":[0,10]}},{"k":[14,1,0,19,0],"v":{"t":[0,0]}},{"k":[8,0,0,26,0],"v":{"t":[0,10]}},{"k":[9,0,0,25,0],"v":{"t":[0,10]}},{"k":[10,1,0,23,0],"v":{"t":[0,0]}},{"k":[9,1,0,24,0],"v":{"t":[0,0]}},{"k":[5,1,0,28,0],"v":{"t":[0,0]}},{"k":[3,1,0,30,0],"v":{"t":[0,0]}},{"k":[15,0,0,19,0],"v":{"t":[0,10]}},{"k":[14,0,0,20,0],"v":{"t":[0,10]}},{"k":[13,0,0,21,0],"v":{"t":[0,10]}},{"k":[12,0,0,22,0],"v":{"t":[0,10]}},{"k":[11,0,0,23,0],"v":{"t":[0,10]}},{"k":[10,0,0,24,0],"v":{"t":[0,10]}},{"k":[3,0,0,31,0],"v":{"t":[0,10]}},{"k":[4,0,0,30,0],"v":{"t":[0,10]}},{"k":[5,0,0,29,0],"v":{"t":[0,10]}},{"k":[6,0,0,28,0],"v":{"t":[0,10]}},{"k":[7,0,0,27,0],"v":{"t":[0,10]}},{"k":[15,1,0,19,0],"v":{"t":[0,0]}},{"k":[9,0,0,26,0],"v":{"t":[0,10]}},{"k":[10,0,0,25,0],"v":{"t":[0,10]}},{"k":[11,1,0,23,0],"v":{"t":[0,0]}},{"k":[10,1,0,24,0],"v":{"t":[0,0]}},{"k":[6,1,0,28,0],"v":{"t":[0,0]}},{"k":[3,1,0,31,0],"v":{"t":[0,0]}},{"k":[15,0,0,20,0],"v":{"t":[0,10]}},{"k":[14,0,0,21,0],"v":{"t":[0,10]}},{"k":[13,0,0,22,0],"v":{"t":[0,10]}},{"k":[12,0,0,23,0],"v":{"t":[0,10]}},{"k":[11,0,0,24,0],"v":{"t":[0,10]}},{"k":[4,0,0,31,0],"v":{"t":[0,10]}},{"k":[5,0,0,30,0],"v":{"t":[0,10]}},{"k":[6,0,0,29,0],"v":{"t":[0,10]}},{"k":[7,0,0,28,0],"v":{"t":[0,10]}},{"k":[8,0,0,27,0],"v":{"t":[0,10]}},{"k":[10,0,0,26,0],"v":{"t":[0,10]}},{"k":[11,0,0,25,0],"v":{"t":[0,10]}},{"k":[12,1,0,23,0],"v":{"t":[0,0]}},{"k":[11,1,0,24,0],"v":{"t":[0,0]}},{"k":[7,1,0,28,0],"v":{"t":[0,0]}},{"k":[15,0,0,21,0],"v":{"t":[0,10]}},{"k":[14,0,0,22,0],"v":{"t":[0,10]}},{"k":[13,0,0,23,0],"v":{"t":[0,10]}},{"k":[12,0,0,24,0],"v":{"t":[0,10]}},{"k":[5,0,0,31,0],"v":{"t":[0,10]}},{"k":[6,0,0,30,0],"v":{"t":[0,10]}},{"k":[7,0,0,29,0],"v":{"t":[0,10]}},{"k":[8,0,0,28,0],"v":{"t":[0,10]}},{"k":[9,0,0,27,0],"v":{"t":[0,10]}},{"k":[11,0,0,26,0],"v":{"t":[0,10]}},{"k":[12,0,0,25,0],"v":{"t":[0,10]}},{"k":[13,1,0,23,0],"v":{"t":[0,0]}},{"k":[12,1,0,24,0],"v":{"t":[0,0]}},{"k":[8,1,0,28,0],"v":{"t":[0,0]}},{"k":[15,0,0,22,0],"v":{"t":[0,10]}},{"k":[14,0,0,23,0],"v":{"t":[0,10]}},{"k":[13,0,0,24,0],"v":{"t":[0,10]}},{"k":[6,0,0,31,0],"v":{"t":[0,10]}},{"k":[7,0,0,30,0],"v":{"t":[0,10]}},{"k":[8,0,0,29,0],"v":{"t":[0,10]}},{"k":[9,0,0,28,0],"v":{"t":[0,10]}},{"k":[10,0,0,27,0],"v":{"t":[0,10]}},{"k":[12,0,0,26,0],"v":{"t":[0,10]}},{"k":[13,0,0,25,0],"v":{"t":[1,10]}},{"k":[13,1,0,24,0],"v":{"t":[0,0]}},{"k":[14,1,0,23,0],"v":{"t":[0,0]}},{"k":[9,1,0,28,0],"v":{"t":[0,0]}},{"k":[15,0,0,23,0],"v":{"t":[0,10]}},{"k":[14,0,0,24,0],"v":{"t":[0,10]}},{"k":[7,0,0,31,0],"v":{"t":[0,10]}},{"k":[8,0,0,30,0],"v":{"t":[0,10]}},{"k":[9,0,0,29,0],"v":{"t":[0,10]}},{"k":[10,0,0,28,0],"v":{"t":[0,10]}},{"k":[11,0,0,27,0],"v":{"t":[0,10]}},{"k":[13,0,0,26,0],"v":{"t":[1,10]}},{"k":[14,0,0,25,0],"v":{"t":[0,10]}},{"k":[14,0,0,24,1],"v":{"t":[0,10]}},{"k":[15,1,0,23,0],"v":{"t":[0,0]}},{"k":[10,1,0,28,0],"v":{"t":[0,0]}},{"k":[15,0,0,24,0],"v":{"t":[0,10]}},{"k":[8,0,0,31,0],"v":{"t":[0,10]}},{"k":[9,0,0,30,0],"v":{"t":[0,10]}},{"k":[10,0,0,29,0],"v":{"t":[0,10]}},{"k":[11,0,0,28,0],"v":{"t":[0,10]}},{"k":[12,0,0,27,0],"v":{"t":[0,10]}},{"k":[15,0,0,25,0],"v":{"t":[1,10]}},{"k":[14,0,0,26,0],"v":{"t":[0,10]}},{"k":[14,0,0,25,1],"v":{"t":[0,10]}},{"k":[15,0,0,24,1],"v":{"t":[1,10]}},{"k":[11,1,0,28,0],"v":{"t":[0,0]}},{"k":[9,0,0,31,0],"v":{"t":[0,10]}},{"k":[10,0,0,30,0],"v":{"t":[0,10]}},{"k":[11,0,0,29,0],"v":{"t":[0,10]}},{"k":[12,0,0,28,0],"v":{"t":[0,10]}},{"k":[13,0,0,27,0],"v":{"t":[0,10]}},{"k":[5,1,0,19,0],"v":{"t":[0,0]}},{"k":[0,0,0,25,0],"v":{"t":[0,10]}},{"k":[1,0,0,24,0],"v":{"t":[1,10]}},{"k":[3,1,0,21,0],"v":{"t":[0,0]}},{"k":[9,0,0,16,0],"v":{"t":[0,10]}},{"k":[8,0,0,17,0],"v":{"t":[0,10]}},{"k":[7,0,0,18,0],"v":{"t":[0,10]}},{"k":[6,0,0,19,0],"v":{"t":[0,10]}},{"k":[5,0,0,20,0],"v":{"t":[0,10]}},{"k":[4,0,0,21,0],"v":{"t":[0,10]}},{"k":[3,0,0,22,0],"v":{"t":[0,10]}},{"k":[2,0,0,23,0],"v":{"t":[0,10]}},{"k":[6,1,0,19,0],"v":{"t":[0,0]}},{"k":[0,0,0,26,0],"v":{"t":[0,10]}},{"k":[1,0,0,25,0],"v":{"t":[1,10]}},{"k":[3,1,0,22,0],"v":{"t":[0,0]}},{"k":[10,0,0,16,0],"v":{"t":[0,10]}},{"k":[9,0,0,17,0],"v":{"t":[0,10]}},{"k":[8,0,0,18,0],"v":{"t":[0,10]}},{"k":[7,0,0,19,0],"v":{"t":[0,10]}},{"k":[6,0,0,20,0],"v":{"t":[0,10]}},{"k":[5,0,0,21,0],"v":{"t":[0,10]}},{"k":[4,0,0,22,0],"v":{"t":[0,10]}},{"k":[3,0,0,23,0],"v":{"t":[0,10]}},{"k":[2,0,0,24,0],"v":{"t":[0,10]}},{"k":[7,1,0,19,0],"v":{"t":[0,0]}},{"k":[0,0,0,27,0],"v":{"t":[0,10]}},{"k":[1,0,0,26,0],"v":{"t":[1,10]}},{"k":[2,0,0,25,0],"v":{"t":[0,10]}},{"k":[3,1,0,23,0],"v":{"t":[0,0]}},{"k":[11,0,0,16,0],"v":{"t":[0,10]}},{"k":[10,0,0,17,0],"v":{"t":[0,10]}},{"k":[9,0,0,18,0],"v":{"t":[0,10]}},{"k":[8,0,0,19,0],"v":{"t":[0,10]}},{"k":[7,0,0,20,0],"v":{"t":[0,10]}},{"k":[6,0,0,21,0],"v":{"t":[0,10]}},{"k":[5,0,0,22,0],"v":{"t":[0,10]}},{"k":[4,0,0,23,0],"v":{"t":[0,10]}},{"k":[3,0,0,24,0],"v":{"t":[0,10]}},{"k":[8,1,0,19,0],"v":{"t":[0,0]}},{"k":[0,0,0,28,0],"v":{"t":[0,10]}},{"k":[1,0,0,27,0],"v":{"t":[1,10]}},{"k":[3,0,0,25,0],"v":{"t":[0,10]}},{"k":[2,0,0,26,0],"v":{"t":[0,10]}},{"k":[4,1,0,23,0],"v":{"t":[0,0]}},{"k":[3,1,0,24,0],"v":{"t":[0,0]}},{"k":[12,0,0,16,0],"v":{"t":[0,10]}},{"k":[11,0,0,17,0],"v":{"t":[0,10]}},{"k":[10,0,0,18,0],"v":{"t":[0,10]}},{"k":[9,0,0,19,0],"v":{"t":[0,10]}},{"k":[8,0,0,20,0],"v":{"t":[0,10]}},{"k":[7,0,0,21,0],"v":{"t":[0,10]}},{"k":[6,0,0,22,0],"v":{"t":[0,10]}},{"k":[5,0,0,23,0],"v":{"t":[0,10]}},{"k":[4,0,0,24,0],"v":{"t":[0,10]}},{"k":[9,1,0,19,0],"v":{"t":[0,0]}},{"k":[0,0,0,29,0],"v":{"t":[0,10]}},{"k":[1,0,0,28,0],"v":{"t":[1,10]}},{"k":[4,0,0,25,0],"v":{"t":[1,10]}},{"k":[3,0,0,26,0],"v":{"t":[1,10]}},{"k":[5,1,0,23,0],"v":{"t":[0,0]}},{"k":[4,1,0,24,0],"v":{"t":[0,0]}},{"k":[13,0,0,16,0],"v":{"t":[0,10]}},{"k":[12,0,0,17,0],"v":{"t":[0,10]}},{"k":[11,0,0,18,0],"v":{"t":[0,10]}},{"k":[10,0,0,19,0],"v":{"t":[0,10]}},{"k":[9,0,0,20,0],"v":{"t":[0,10]}},{"k":[8,0,0,21,0],"v":{"t":[0,10]}},{"k":[7,0,0,22,0],"v":{"t":[0,10]}},{"k":[6,0,0,23,0],"v":{"t":[0,10]}},{"k":[5,0,0,24,0],"v":{"t":[0,10]}},{"k":[2,0,0,27,0],"v":{"t":[0,10]}},{"k":[10,1,0,19,0],"v":{"t":[0,0]}},{"k":[0,0,0,30,0],"v":{"t":[0,10]}},{"k":[1,0,0,29,0],"v":{"t":[1,10]}},{"k":[5,0,0,25,0],"v":{"t":[0,10]}},{"k":[4,0,0,26,0],"v":{"t":[1,10]}},{"k":[6,1,0,23,0],"v":{"t":[0,0]}},{"k":[5,1,0,24,0],"v":{"t":[0,0]}},{"k":[14,0,0,16,0],"v":{"t":[0,10]}},{"k":[13,0,0,17,0],"v":{"t":[0,10]}},{"k":[12,0,0,18,0],"v":{"t":[0,10]}},{"k":[11,0,0,19,0],"v":{"t":[0,10]}},{"k":[10,0,0,20,0],"v":{"t":[0,10]}},{"k":[9,0,0,21,0],"v":{"t":[0,10]}},{"k":[8,0,0,22,0],"v":{"t":[0,10]}},{"k":[7,0,0,23,0],"v":{"t":[0,10]}},{"k":[6,0,0,24,0],"v":{"t":[0,10]}},{"k":[2,0,0,28,0],"v":{"t":[0,10]}},{"k":[3,0,0,27,0],"v":{"t":[0,10]}},{"k":[11,1,0,19,0],"v":{"t":[0,0]}},{"k":[0,0,0,31,0],"v":{"t":[0,10]}},{"k":[1,0,0,30,0],"v":{"t":[1,10]}},{"k":[6,0,0,25,0],"v":{"t":[0,10]}},{"k":[5,0,0,26,0],"v":{"t":[1,10]}},{"k":[7,1,0,23,0],"v":{"t":[0,0]}},{"k":[6,1,0,24,0],"v":{"t":[0,0]}},{"k":[15,0,0,16,0],"v":{"t":[0,10]}},{"k":[14,0,0,17,0],"v":{"t":[0,10]}},{"k":[13,0,0,18,0],"v":{"t":[0,10]}},{"k":[12,0,0,19,0],"v":{"t":[0,10]}},{"k":[11,0,0,20,0],"v":{"t":[0,10]}},{"k":[10,0,0,21,0],"v":{"t":[0,10]}},{"k":[9,0,0,22,0],"v":{"t":[0,10]}},{"k":[8,0,0,23,0],"v":{"t":[0,10]}},{"k":[7,0,0,24,0],"v":{"t":[0,10]}},{"k":[2,0,0,29,0],"v":{"t":[0,10]}},{"k":[3,0,0,28,0],"v":{"t":[0,10]}},{"k":[4,0,0,27,0],"v":{"t":[0,10]}},{"k":[12,1,0,19,0],"v":{"t":[0,0]}},{"k":[1,0,0,31,0],"v":{"t":[1,10]}},{"k":[7,0,0,25,0],"v":{"t":[1,10]}},{"k":[6,0,0,26,0],"v":{"t":[0,10]}},{"k":[8,1,0,23,0],"v":{"t":[0,0]}},{"k":[7,1,0,24,0],"v":{"t":[0,0]}},{"k":[3,1,0,28,0],"v":{"t":[0,0]}},{"k":[15,0,0,17,0],"v":{"t":[0,10]}},{"k":[14,0,0,18,0],"v":{"t":[0,10]}},{"k":[13,0,0,19,0],"v":{"t":[0,10]}},{"k":[12,0,0,20,0],"v":{"t":[0,10]}},{"k":[11,0,0,21,0],"v":{"t":[0,10]}},{"k":[10,0,0,22,0],"v":{"t":[0,10]}},{"k":[9,0,0,23,0],"v":{"t":[0,10]}},{"k":[8,0,0,24,0],"v":{"t":[0,10]}},{"k":[2,0,0,30,0],"v":{"t":[0,10]}},{"k":[3,0,0,29,0],"v":{"t":[0,10]}},{"k":[4,0,0,28,0],"v":{"t":[0,10]}},{"k":[5,0,0,27,0],"v":{"t":[0,10]}},{"k":[1,0,0,16,0],"v":{"t":[0,10]}},{"k":[0,0,0,17,0],"v":{"t":[0,10]}},{"k":[2,0,0,16,0],"v":{"t":[0,10]}},{"k":[1,0,0,17,0],"v":{"t":[0,10]}},{"k":[0,0,0,18,0],"v":{"t":[0,10]}},{"k":[0,0,0,19,0],"v":{"t":[0,10]}},{"k":[3,0,0,16,0],"v":{"t":[0,10]}},{"k":[2,0,0,17,0],"v":{"t":[0,10]}},{"k":[1,0,0,18,0],"v":{"t":[0,10]}},{"k":[1,0,0,19,0],"v":{"t":[1,10]}},{"k":[0,0,0,20,0],"v":{"t":[0,10]}},{"k":[4,0,0,16,0],"v":{"t":[0,10]}},{"k":[3,0,0,17,0],"v":{"t":[0,10]}},{"k":[2,0,0,18,0],"v":{"t":[0,10]}},{"k":[1,0,0,20,0],"v":{"t":[1,10]}},{"k":[0,0,0,21,0],"v":{"t":[0,10]}},{"k":[5,0,0,16,0],"v":{"t":[0,10]}},{"k":[4,0,0,17,0],"v":{"t":[0,10]}},{"k":[3,0,0,18,0],"v":{"t":[0,10]}},{"k":[2,0,0,19,0],"v":{"t":[0,10]}},{"k":[1,0,0,21,0],"v":{"t":[1,10]}},{"k":[0,0,0,22,0],"v":{"t":[0,10]}},{"k":[6,0,0,16,0],"v":{"t":[0,10]}},{"k":[5,0,0,17,0],"v":{"t":[0,10]}},{"k":[4,0,0,18,0],"v":{"t":[0,10]}},{"k":[3,0,0,19,0],"v":{"t":[0,10]}},{"k":[2,0,0,20,0],"v":{"t":[0,10]}},{"k":[3,1,0,19,0],"v":{"t":[0,0]}},{"k":[1,0,0,22,0],"v":{"t":[1,10]}},{"k":[0,0,0,23,0],"v":{"t":[0,10]}},{"k":[7,0,0,16,0],"v":{"t":[0,10]}},{"k":[6,0,0,17,0],"v":{"t":[0,10]}},{"k":[5,0,0,18,0],"v":{"t":[0,10]}},{"k":[4,0,0,19,0],"v":{"t":[0,10]}},{"k":[3,0,0,20,0],"v":{"t":[0,10]}},{"k":[2,0,0,21,0],"v":{"t":[0,10]}},{"k":[4,1,0,19,0],"v":{"t":[0,0]}},{"k":[0,0,0,24,0],"v":{"t":[0,10]}},{"k":[1,0,0,23,0],"v":{"t":[1,10]}},{"k":[3,1,0,20,0],"v":{"t":[0,0]}},{"k":[8,0,0,16,0],"v":{"t":[0,10]}},{"k":[7,0,0,17,0],"v":{"t":[0,10]}},{"k":[6,0,0,18,0],"v":{"t":[0,10]}},{"k":[5,0,0,19,0],"v":{"t":[0,10]}},{"k":[4,0,0,20,0],"v":{"t":[0,10]}},{"k":[3,0,0,21,0],"v":{"t":[0,10]}},{"k":[2,0,0,22,0],"v":{"t":[0,10]}},{"k":[0,0,0,16,0],"v":{"t":[0,10]}}]},"moun":{"a":[{"k":[13,0,0,28,0],"v":{"b":true,"l":true,"sid":18}},{"k":[13,0,0,29,0],"v":{"b":true,"sid":18,"t":true}},{"k":[13,0,0,30,0],"v":{"b":true,"sid":18,"t":true}},{"k":[13,0,0,31,0],"v":{"b":true,"sid":18,"t":true}},{"k":[14,0,0,19,0],"v":{"l":true,"r":true,"sid":18}},{"k":[10,0,0,23,0],"v":{"b":true,"l":true,"r":true,"sid":18}},{"k":[9,0,0,24,0],"v":{"l":true,"r":true,"sid":18,"t":true}},{"k":[5,0,0,28,0],"v":{"l":true,"r":true,"sid":18}},{"k":[3,0,0,30,0],"v":{"b":true,"sid":18,"t":true}},{"k":[15,0,0,19,0],"v":{"l":true,"r":true,"sid":18}},{"k":[11,0,0,23,0],"v":{"b":true,"l":true,"r":true,"sid":18}},{"k":[10,0,0,24,0],"v":{"l":true,"r":true,"sid":18,"t":true}},{"k":[6,0,0,28,0],"v":{"l":true,"r":true,"sid":18}},{"k":[3,0,0,31,0],"v":{"b":true,"sid":18,"t":true}},{"k":[12,0,0,23,0],"v":{"b":true,"l":true,"r":true,"sid":18}},{"k":[11,0,0,24,0],"v":{"l":true,"r":true,"sid":18,"t":true}},{"k":[7,0,0,28,0],"v":{"l":true,"r":true,"sid":18}},{"k":[13,0,0,23,0],"v":{"b":true,"l":true,"r":true,"sid":18}},{"k":[12,0,0,24,0],"v":{"l":true,"r":true,"sid":18,"t":true}},{"k":[8,0,0,28,0],"v":{"l":true,"r":true,"sid":18}},{"k":[13,0,0,24,0],"v":{"l":true,"sid":18,"t":true}},{"k":[14,0,0,23,0],"v":{"l":true,"r":true,"sid":18}},{"k":[9,0,0,28,0],"v":{"l":true,"r":true,"sid":18}},{"k":[15,0,0,23,0],"v":{"l":true,"r":true,"sid":18}},{"k":[10,0,0,28,0],"v":{"l":true,"r":true,"sid":18}},{"k":[11,0,0,28,0],"v":{"l":true,"r":true,"sid":18}},{"k":[12,0,0,28,0],"v":{"l":true,"r":true,"sid":18}},{"k":[6,0,0,19,0],"v":{"l":true,"r":true,"sid":18}},{"k":[3,0,0,22,0],"v":{"b":true,"sid":18,"t":true}},{"k":[7,0,0,19,0],"v":{"l":true,"r":true,"sid":18}},{"k":[3,0,0,23,0],"v":{"b":true,"r":true,"sid":18,"t":true}},{"k":[8,0,0,19,0],"v":{"l":true,"r":true,"sid":18}},{"k":[4,0,0,23,0],"v":{"b":true,"l":true,"r":true,"sid":18}},{"k":[3,0,0,24,0],"v":{"r":true,"sid":18,"t":true}},{"k":[9,0,0,19,0],"v":{"l":true,"r":true,"sid":18}},{"k":[5,0,0,23,0],"v":{"b":true,"l":true,"r":true,"sid":18}},{"k":[4,0,0,24,0],"v":{"l":true,"r":true,"sid":18,"t":true}},{"k":[10,0,0,19,0],"v":{"l":true,"r":true,"sid":18}},{"k":[6,0,0,23,0],"v":{"b":true,"l":true,"r":true,"sid":18}},{"k":[5,0,0,24,0],"v":{"l":true,"r":true,"sid":18,"t":true}},{"k":[11,0,0,19,0],"v":{"l":true,"r":true,"sid":18}},{"k":[7,0,0,23,0],"v":{"b":true,"l":true,"r":true,"sid":18}},{"k":[6,0,0,24,0],"v":{"l":true,"r":true,"sid":18,"t":true}},{"k":[12,0,0,19,0],"v":{"l":true,"r":true,"sid":18}},{"k":[8,0,0,23,0],"v":{"b":true,"l":true,"r":true,"sid":18}},{"k":[7,0,0,24,0],"v":{"l":true,"r":true,"sid":18,"t":true}},{"k":[3,0,0,28,0],"v":{"b":true,"r":true,"sid":18}},{"k":[13,0,0,19,0],"v":{"l":true,"r":true,"sid":18}},{"k":[9,0,0,23,0],"v":{"b":true,"l":true,"r":true,"sid":18}},{"k":[8,0,0,24,0],"v":{"l":true,"r":true,"sid":18,"t":true}},{"k":[4,0,0,28,0],"v":{"l":true,"r":true,"sid":18}},{"k":[3,0,0,29,0],"v":{"b":true,"sid":18,"t":true}},{"k":[3,0,0,19,0],"v":{"b":true,"r":true,"sid":18}},{"k":[4,0,0,19,0],"v":{"l":true,"r":true,"sid":18}},{"k":[3,0,0,20,0],"v":{"b":true,"sid":18,"t":true}},{"k":[5,0,0,19,0],"v":{"l":true,"r":true,"sid":18}},{"k":[3,0,0,21,0],"v":{"b":true,"sid":18,"t":true}}],"o":[]},"objs":{"list":[{"k":[2,0,0,26,0],"v":{"events":[{"id":1,"name":"Hero action","p":[],"r":{"1":{"bh":true,"c":[{"command":[2,7,6,0,1,1,2,2,2],"kind":19}]}},"sys":false}],"hId":-1,"id":3,"name":"OBJ0003","ooepf":false,"states":[{"cam":true,"climb":false,"dir":false,"gid":-1,"gk":0,"id":1,"move":true,"name":"Normal","pix":true,"pos":false,"stop":false,"sx":{"k":12,"v":1},"sy":{"k":12,"v":1},"sz":{"k":12,"v":1},"through":false,"x":0,"y":0}]}}]},"objs3d":{"a":[],"o":[]},"sprites":{"list":[],"overflow":[],"walls":[]}}