{"lands":{"autotiles":[],"floors":[{"k":[11,0,0,48,0],"v":{"t":[0,10]}},{"k":[10,0,0,49,0],"v":{"t":[0,10]}},{"k":[12,0,0,48,0],"v":{"t":[0,10]}},{"k":[11,0,0,49,0],"v":{"t":[0,10]}},{"k":[13,0,0,48,0],"v":{"t":[0,10]}},{"k":[12,0,0,49,0],"v":{"t":[0,10]}},{"k":[14,0,0,48,0],"v":{"t":[0,10]}},{"k":[13,0,0,49,0],"v":{"t":[0,10]}},{"k":[15,0,0,48,0],"v":{"t":[0,10]}},{"k":[14,0,0,49,0],"v":{"t":[0,10]}},{"k":[15,0,0,49,0],"v":{"t":[0,10]}},{"k":[1,0,0,48,0],"v":{"t":[0,10]}},{"k":[0,0,0,49,0],"v":{"t":[0,10]}},{"k":[2,0,0,48,0],"v":{"t":[0,10]}},{"k":[1,0,0,49,0],"v":{"t":[0,10]}},{"k":[3,0,0,48,0],"v":{"t":[0,10]}},{"k":[2,0,0,49,0],"v":{"t":[0,10]}},{"k":[4,0,0,48,0],"v":{"t":[0,10]}},{"k":[3,0,0,49,0],"v":{"t":[0,10]}},{"k":[5,0,0,48,0],"v":{"t":[0,10]}},{"k":[4,0,0,49,0],"v":{"t":[0,10]}},{"k":[6,0,0,48,0],"v":{"t":[0,10]}},{"k":[5,0,0,49,0],"v":{"t":[0,10]}},{"k":[7,0,0,48,0],"v":{"t":[0,10]}},{"k":[6,0,0,49,0],"v":{"t":[0,10]}},{"k":[8,0,0,48,0],"v":{"t":[0,10]}},{"k":[7,0,0,49,0],"v":{"t":[0,10]}},{"k":[0,0,0,48,0],"v":{"t":[0,10]}},{"k":[9,0,0,48,0],"v":{"t":[0,10]}},{"k":[8,0,0,49,0],"v":{"t":[0,10]}},{"k":[10,0,0,48,0],"v":{"t":[0,10]}},{"k":[9,0,0,49,0],"v":{"t":[0,10]}}]},"moun":{"a":[],"o":[]},"objs":{"list":[]},"objs3d":{"a":[],"o":[]},"sprites":{"list":[],"overflow":[],"walls":[]}}