{"lands":{"autotiles":[],"floors":[{"k":[14,1,0,42,0],"v":{"t":[0,0]}},{"k":[12,1,0,44,0],"v":{"t":[0,0]}},{"k":[10,0,0,47,0],"v":{"t":[0,10]}},{"k":[11,0,0,46,0],"v":{"t":[0,10]}},{"k":[12,0,0,45,0],"v":{"t":[0,10]}},{"k":[13,0,0,44,0],"v":{"t":[0,10]}},{"k":[14,0,0,43,0],"v":{"t":[0,10]}},{"k":[15,0,0,42,0],"v":{"t":[0,10]}},{"k":[14,1,0,43,0],"v":{"t":[0,0]}},{"k":[13,1,0,44,0],"v":{"t":[0,0]}},{"k":[11,0,0,47,0],"v":{"t":[0,10]}},{"k":[12,0,0,46,0],"v":{"t":[0,10]}},{"k":[13,0,0,45,0],"v":{"t":[0,10]}},{"k":[14,0,0,44,0],"v":{"t":[0,10]}},{"k":[15,0,0,43,0],"v":{"t":[0,10]}},{"k":[14,1,0,44,0],"v":{"t":[0,0]}},{"k":[12,0,0,47,0],"v":{"t":[0,10]}},{"k":[13,0,0,46,0],"v":{"t":[0,10]}},{"k":[14,0,0,45,0],"v":{"t":[0,10]}},{"k":[15,0,0,44,0],"v":{"t":[0,10]}},{"k":[13,0,0,47,0],"v":{"t":[0,10]}},{"k":[14,0,0,46,0],"v":{"t":[0,10]}},{"k":[15,0,0,45,0],"v":{"t":[0,10]}},{"k":[14,0,0,47,0],"v":{"t":[0,10]}},{"k":[15,0,0,46,0],"v":{"t":[0,10]}},{"k":[15,0,0,47,0],"v":{"t":[0,10]}},{"k":[7,0,0,42,0],"v":{"t":[1,10]}},{"k":[8,0,0,41,0],"v":{"t":[0,10]}},{"k":[9,1,0,39,0],"v":{"t":[0,0]}},{"k":[4,1,0,44,0],"v":{"t":[0,0]}},{"k":[2,0,0,47,0],"v":{"t":[0,10]}},{"k":[3,0,0,46,0],"v":{"t":[0,10]}},{"k":[4,0,0,45,0],"v":{"t":[0,10]}},{"k":[5,0,0,44,0],"v":{"t":[0,10]}},{"k":[6,0,0,43,0],"v":{"t":[0,10]}},{"k":[9,0,0,40,0],"v":{"t":[0,10]}},{"k":[10,0,0,39,0],"v":{"t":[0,10]}},{"k":[11,0,0,38,0],"v":{"t":[0,10]}},{"k":[12,0,0,37,0],"v":{"t":[0,10]}},{"k":[13,0,0,36,0],"v":{"t":[0,10]}},{"k":[14,0,0,35,0],"v":{"t":[0,10]}},{"k":[15,0,0,34,0],"v":{"t":[0,10]}},{"k":[9,0,0,41,0],"v":{"t":[0,10]}},{"k":[8,0,0,42,0],"v":{"t":[1,10]}},{"k":[10,1,0,39,0],"v":{"t":[0,0]}},{"k":[5,1,0,44,0],"v":{"t":[0,0]}},{"k":[3,0,0,47,0],"v":{"t":[0,10]}},{"k":[4,0,0,46,0],"v":{"t":[0,10]}},{"k":[5,0,0,45,0],"v":{"t":[0,10]}},{"k":[6,0,0,44,0],"v":{"t":[0,10]}},{"k":[7,0,0,43,0],"v":{"t":[0,10]}},{"k":[10,0,0,40,0],"v":{"t":[0,10]}},{"k":[11,0,0,39,0],"v":{"t":[0,10]}},{"k":[12,0,0,38,0],"v":{"t":[0,10]}},{"k":[13,0,0,37,0],"v":{"t":[0,10]}},{"k":[14,0,0,36,0],"v":{"t":[0,10]}},{"k":[15,0,0,35,0],"v":{"t":[0,10]}},{"k":[10,0,0,41,0],"v":{"t":[0,10]}},{"k":[9,0,0,42,0],"v":{"t":[1,10]}},{"k":[11,1,0,39,0],"v":{"t":[0,0]}},{"k":[6,1,0,44,0],"v":{"t":[0,0]}},{"k":[4,0,0,47,0],"v":{"t":[0,10]}},{"k":[5,0,0,46,0],"v":{"t":[0,10]}},{"k":[6,0,0,45,0],"v":{"t":[0,10]}},{"k":[7,0,0,44,0],"v":{"t":[0,10]}},{"k":[8,0,0,43,0],"v":{"t":[0,10]}},{"k":[11,0,0,40,0],"v":{"t":[0,10]}},{"k":[12,0,0,39,0],"v":{"t":[0,10]}},{"k":[13,0,0,38,0],"v":{"t":[0,10]}},{"k":[14,0,0,37,0],"v":{"t":[0,10]}},{"k":[15,0,0,36,0],"v":{"t":[0,10]}},{"k":[11,0,0,41,0],"v":{"t":[0,10]}},{"k":[10,0,0,42,0],"v":{"t":[1,10]}},{"k":[12,1,0,39,0],"v":{"t":[0,0]}},{"k":[7,1,0,44,0],"v":{"t":[0,0]}},{"k":[5,0,0,47,0],"v":{"t":[0,10]}},{"k":[6,0,0,46,0],"v":{"t":[0,10]}},{"k":[7,0,0,45,0],"v":{"t":[0,10]}},{"k":[8,0,0,44,0],"v":{"t":[0,10]}},{"k":[9,0,0,43,0],"v":{"t":[0,10]}},{"k":[12,0,0,40,0],"v":{"t":[0,10]}},{"k":[13,0,0,39,0],"v":{"t":[0,10]}},{"k":[14,0,0,38,0],"v":{"t":[0,10]}},{"k":[15,0,0,37,0],"v":{"t":[0,10]}},{"k":[12,0,0,41,0],"v":{"t":[1,10]}},{"k":[11,0,0,42,0],"v":{"t":[1,10]}},{"k":[13,1,0,39,0],"v":{"t":[0,0]}},{"k":[8,1,0,44,0],"v":{"t":[0,0]}},{"k":[6,0,0,47,0],"v":{"t":[0,10]}},{"k":[7,0,0,46,0],"v":{"t":[0,10]}},{"k":[8,0,0,45,0],"v":{"t":[0,10]}},{"k":[9,0,0,44,0],"v":{"t":[0,10]}},{"k":[10,0,0,43,0],"v":{"t":[0,10]}},{"k":[13,0,0,40,0],"v":{"t":[0,10]}},{"k":[14,0,0,39,0],"v":{"t":[0,10]}},{"k":[15,0,0,38,0],"v":{"t":[0,10]}},{"k":[12,0,0,42,0],"v":{"t":[1,10]}},{"k":[14,1,0,39,0],"v":{"t":[0,0]}},{"k":[9,1,0,44,0],"v":{"t":[0,0]}},{"k":[7,0,0,47,0],"v":{"t":[0,10]}},{"k":[8,0,0,46,0],"v":{"t":[0,10]}},{"k":[9,0,0,45,0],"v":{"t":[0,10]}},{"k":[10,0,0,44,0],"v":{"t":[0,10]}},{"k":[11,0,0,43,0],"v":{"t":[0,10]}},{"k":[13,0,0,41,0],"v":{"t":[0,10]}},{"k":[14,0,0,40,0],"v":{"t":[0,10]}},{"k":[15,0,0,39,0],"v":{"t":[0,10]}},{"k":[14,1,0,40,0],"v":{"t":[0,0]}},{"k":[10,1,0,44,0],"v":{"t":[0,0]}},{"k":[8,0,0,47,0],"v":{"t":[0,10]}},{"k":[9,0,0,46,0],"v":{"t":[0,10]}},{"k":[10,0,0,45,0],"v":{"t":[0,10]}},{"k":[11,0,0,44,0],"v":{"t":[0,10]}},{"k":[12,0,0,43,0],"v":{"t":[0,10]}},{"k":[13,0,0,42,0],"v":{"t":[0,10]}},{"k":[14,0,0,41,0],"v":{"t":[0,10]}},{"k":[15,0,0,40,0],"v":{"t":[0,10]}},{"k":[14,1,0,41,0],"v":{"t":[0,0]}},{"k":[11,1,0,44,0],"v":{"t":[0,0]}},{"k":[9,0,0,47,0],"v":{"t":[0,10]}},{"k":[10,0,0,46,0],"v":{"t":[0,10]}},{"k":[11,0,0,45,0],"v":{"t":[0,10]}},{"k":[12,0,0,44,0],"v":{"t":[0,10]}},{"k":[13,0,0,43,0],"v":{"t":[0,10]}},{"k":[14,0,0,42,0],"v":{"t":[0,10]}},{"k":[15,0,0,41,0],"v":{"t":[0,10]}},{"k":[1,0,0,40,0],"v":{"t":[1,10]}},{"k":[0,0,0,41,0],"v":{"t":[0,10]}},{"k":[3,1,0,37,0],"v":{"t":[0,0]}},{"k":[4,1,0,36,0],"v":{"t":[0,0]}},{"k":[6,1,0,34,0],"v":{"t":[0,0]}},{"k":[7,1,0,33,0],"v":{"t":[0,0]}},{"k":[6,0,0,35,0],"v":{"t":[0,10]}},{"k":[7,0,0,34,0],"v":{"t":[0,10]}},{"k":[8,0,0,33,0],"v":{"t":[0,10]}},{"k":[9,0,0,32,0],"v":{"t":[0,10]}},{"k":[5,0,0,36,0],"v":{"t":[0,10]}},{"k":[4,0,0,37,0],"v":{"t":[0,10]}},{"k":[3,0,0,38,0],"v":{"t":[0,10]}},{"k":[2,0,0,39,0],"v":{"t":[0,10]}},{"k":[0,0,0,42,0],"v":{"t":[0,10]}},{"k":[1,0,0,41,0],"v":{"t":[1,10]}},{"k":[6,0,0,36,0],"v":{"t":[0,10]}},{"k":[3,1,0,38,0],"v":{"t":[0,0]}},{"k":[4,1,0,37,0],"v":{"t":[0,0]}},{"k":[7,1,0,34,0],"v":{"t":[0,0]}},{"k":[8,1,0,33,0],"v":{"t":[0,0]}},{"k":[7,0,0,35,0],"v":{"t":[0,10]}},{"k":[8,0,0,34,0],"v":{"t":[0,10]}},{"k":[9,0,0,33,0],"v":{"t":[0,10]}},{"k":[10,0,0,32,0],"v":{"t":[0,10]}},{"k":[5,0,0,37,0],"v":{"t":[0,10]}},{"k":[4,0,0,38,0],"v":{"t":[0,10]}},{"k":[3,0,0,39,0],"v":{"t":[0,10]}},{"k":[2,0,0,40,0],"v":{"t":[0,10]}},{"k":[1,0,0,42,0],"v":{"t":[1,10]}},{"k":[2,0,0,41,0],"v":{"t":[0,10]}},{"k":[6,0,0,37,0],"v":{"t":[0,10]}},{"k":[7,0,0,36,0],"v":{"t":[1,10]}},{"k":[3,1,0,39,0],"v":{"t":[0,0]}},{"k":[4,1,0,38,0],"v":{"t":[0,0]}},{"k":[8,1,0,34,0],"v":{"t":[0,0]}},{"k":[9,1,0,33,0],"v":{"t":[0,0]}},{"k":[0,0,0,43,0],"v":{"t":[0,10]}},{"k":[8,0,0,35,0],"v":{"t":[0,10]}},{"k":[9,0,0,34,0],"v":{"t":[0,10]}},{"k":[10,0,0,33,0],"v":{"t":[0,10]}},{"k":[11,0,0,32,0],"v":{"t":[0,10]}},{"k":[5,0,0,38,0],"v":{"t":[0,10]}},{"k":[4,0,0,39,0],"v":{"t":[0,10]}},{"k":[3,0,0,40,0],"v":{"t":[0,10]}},{"k":[2,0,0,42,0],"v":{"t":[0,10]}},{"k":[3,0,0,41,0],"v":{"t":[0,10]}},{"k":[6,0,0,38,0],"v":{"t":[0,10]}},{"k":[7,0,0,37,0],"v":{"t":[1,10]}},{"k":[4,1,0,39,0],"v":{"t":[0,0]}},{"k":[9,1,0,34,0],"v":{"t":[0,0]}},{"k":[10,1,0,33,0],"v":{"t":[0,0]}},{"k":[0,0,0,44,0],"v":{"t":[0,10]}},{"k":[1,0,0,43,0],"v":{"t":[0,10]}},{"k":[8,0,0,36,0],"v":{"t":[0,10]}},{"k":[9,0,0,35,0],"v":{"t":[0,10]}},{"k":[10,0,0,34,0],"v":{"t":[0,10]}},{"k":[11,0,0,33,0],"v":{"t":[0,10]}},{"k":[12,0,0,32,0],"v":{"t":[0,10]}},{"k":[5,0,0,39,0],"v":{"t":[0,10]}},{"k":[4,0,0,40,0],"v":{"t":[0,10]}},{"k":[3,0,0,42,0],"v":{"t":[1,10]}},{"k":[4,0,0,41,0],"v":{"t":[0,10]}},{"k":[6,0,0,39,0],"v":{"t":[0,10]}},{"k":[7,0,0,38,0],"v":{"t":[1,10]}},{"k":[10,1,0,34,0],"v":{"t":[0,0]}},{"k":[11,1,0,33,0],"v":{"t":[0,0]}},{"k":[9,1,0,35,0],"v":{"t":[0,0]}},{"k":[0,1,0,44,0],"v":{"t":[0,0]}},{"k":[0,0,0,45,0],"v":{"t":[0,10]}},{"k":[1,0,0,44,0],"v":{"t":[0,10]}},{"k":[2,0,0,43,0],"v":{"t":[0,10]}},{"k":[8,0,0,37,0],"v":{"t":[0,10]}},{"k":[9,0,0,36,0],"v":{"t":[0,10]}},{"k":[10,0,0,35,0],"v":{"t":[0,10]}},{"k":[11,0,0,34,0],"v":{"t":[0,10]}},{"k":[12,0,0,33,0],"v":{"t":[0,10]}},{"k":[13,0,0,32,0],"v":{"t":[0,10]}},{"k":[5,0,0,40,0],"v":{"t":[0,10]}},{"k":[5,0,0,41,0],"v":{"t":[0,10]}},{"k":[4,0,0,42,0],"v":{"t":[0,10]}},{"k":[6,0,0,40,0],"v":{"t":[0,10]}},{"k":[7,0,0,39,0],"v":{"t":[1,10]}},{"k":[11,1,0,34,0],"v":{"t":[0,0]}},{"k":[12,1,0,33,0],"v":{"t":[0,0]}},{"k":[9,1,0,36,0],"v":{"t":[0,0]}},{"k":[13,1,0,32,0],"v":{"t":[0,0]}},{"k":[1,1,0,44,0],"v":{"t":[0,0]}},{"k":[0,0,0,46,0],"v":{"t":[0,10]}},{"k":[1,0,0,45,0],"v":{"t":[0,10]}},{"k":[2,0,0,44,0],"v":{"t":[0,10]}},{"k":[3,0,0,43,0],"v":{"t":[0,10]}},{"k":[8,0,0,38,0],"v":{"t":[0,10]}},{"k":[9,0,0,37,0],"v":{"t":[0,10]}},{"k":[10,0,0,36,0],"v":{"t":[0,10]}},{"k":[11,0,0,35,0],"v":{"t":[0,10]}},{"k":[12,0,0,34,0],"v":{"t":[0,10]}},{"k":[13,0,0,33,0],"v":{"t":[0,10]}},{"k":[14,0,0,32,0],"v":{"t":[0,10]}},{"k":[6,0,0,41,0],"v":{"t":[0,10]}},{"k":[5,0,0,42,0],"v":{"t":[1,10]}},{"k":[7,0,0,40,0],"v":{"t":[1,10]}},{"k":[12,1,0,34,0],"v":{"t":[0,0]}},{"k":[9,1,0,37,0],"v":{"t":[0,0]}},{"k":[13,1,0,33,0],"v":{"t":[0,0]}},{"k":[14,1,0,32,0],"v":{"t":[0,0]}},{"k":[2,1,0,44,0],"v":{"t":[0,0]}},{"k":[0,0,0,47,0],"v":{"t":[0,10]}},{"k":[1,0,0,46,0],"v":{"t":[0,10]}},{"k":[2,0,0,45,0],"v":{"t":[0,10]}},{"k":[3,0,0,44,0],"v":{"t":[0,10]}},{"k":[4,0,0,43,0],"v":{"t":[0,10]}},{"k":[8,0,0,39,0],"v":{"t":[0,10]}},{"k":[9,0,0,38,0],"v":{"t":[0,10]}},{"k":[10,0,0,37,0],"v":{"t":[0,10]}},{"k":[11,0,0,36,0],"v":{"t":[0,10]}},{"k":[12,0,0,35,0],"v":{"t":[0,10]}},{"k":[13,0,0,34,0],"v":{"t":[0,10]}},{"k":[14,0,0,33,0],"v":{"t":[0,10]}},{"k":[15,0,0,32,0],"v":{"t":[0,10]}},{"k":[6,0,0,42,0],"v":{"t":[1,10]}},{"k":[7,0,0,41,0],"v":{"t":[0,10]}},{"k":[9,1,0,38,0],"v":{"t":[0,0]}},{"k":[13,1,0,34,0],"v":{"t":[0,0]}},{"k":[15,1,0,32,0],"v":{"t":[0,0]}},{"k":[3,1,0,44,0],"v":{"t":[0,0]}},{"k":[1,0,0,47,0],"v":{"t":[0,10]}},{"k":[2,0,0,46,0],"v":{"t":[0,10]}},{"k":[3,0,0,45,0],"v":{"t":[0,10]}},{"k":[4,0,0,44,0],"v":{"t":[0,10]}},{"k":[5,0,0,43,0],"v":{"t":[0,10]}},{"k":[8,0,0,40,0],"v":{"t":[0,10]}},{"k":[9,0,0,39,0],"v":{"t":[0,10]}},{"k":[10,0,0,38,0],"v":{"t":[0,10]}},{"k":[11,0,0,37,0],"v":{"t":[0,10]}},{"k":[12,0,0,36,0],"v":{"t":[0,10]}},{"k":[13,0,0,35,0],"v":{"t":[0,10]}},{"k":[14,0,0,34,0],"v":{"t":[0,10]}},{"k":[15,0,0,33,0],"v":{"t":[0,10]}},{"k":[1,0,0,32,0],"v":{"t":[1,10]}},{"k":[0,0,0,33,0],"v":{"t":[0,10]}},{"k":[1,0,0,33,0],"v":{"t":[1,10]}},{"k":[0,0,0,34,0],"v":{"t":[0,10]}},{"k":[2,0,0,32,0],"v":{"t":[0,10]}},{"k":[1,0,0,34,0],"v":{"t":[1,10]}},{"k":[0,0,0,35,0],"v":{"t":[0,10]}},{"k":[2,0,0,33,0],"v":{"t":[0,10]}},{"k":[3,0,0,32,0],"v":{"t":[0,10]}},{"k":[1,0,0,35,0],"v":{"t":[1,10]}},{"k":[0,0,0,36,0],"v":{"t":[0,10]}},{"k":[3,1,0,32,0],"v":{"t":[0,0]}},{"k":[2,0,0,34,0],"v":{"t":[0,10]}},{"k":[3,0,0,33,0],"v":{"t":[0,10]}},{"k":[4,0,0,32,0],"v":{"t":[0,10]}},{"k":[0,0,0,37,0],"v":{"t":[0,10]}},{"k":[1,0,0,36,0],"v":{"t":[1,10]}},{"k":[3,1,0,33,0],"v":{"t":[0,0]}},{"k":[2,0,0,35,0],"v":{"t":[0,10]}},{"k":[3,0,0,34,0],"v":{"t":[0,10]}},{"k":[4,0,0,33,0],"v":{"t":[0,10]}},{"k":[5,0,0,32,0],"v":{"t":[0,10]}},{"k":[0,0,0,38,0],"v":{"t":[0,10]}},{"k":[1,0,0,37,0],"v":{"t":[1,10]}},{"k":[3,1,0,34,0],"v":{"t":[0,0]}},{"k":[4,1,0,33,0],"v":{"t":[0,0]}},{"k":[3,0,0,35,0],"v":{"t":[0,10]}},{"k":[4,0,0,34,0],"v":{"t":[0,10]}},{"k":[5,0,0,33,0],"v":{"t":[0,10]}},{"k":[6,0,0,32,0],"v":{"t":[0,10]}},{"k":[2,0,0,36,0],"v":{"t":[0,10]}},{"k":[0,0,0,39,0],"v":{"t":[0,10]}},{"k":[1,0,0,38,0],"v":{"t":[1,10]}},{"k":[3,1,0,35,0],"v":{"t":[0,0]}},{"k":[4,1,0,34,0],"v":{"t":[0,0]}},{"k":[5,1,0,33,0],"v":{"t":[0,0]}},{"k":[4,0,0,35,0],"v":{"t":[0,10]}},{"k":[5,0,0,34,0],"v":{"t":[0,10]}},{"k":[6,0,0,33,0],"v":{"t":[0,10]}},{"k":[7,0,0,32,0],"v":{"t":[0,10]}},{"k":[3,0,0,36,0],"v":{"t":[0,10]}},{"k":[2,0,0,37,0],"v":{"t":[0,10]}},{"k":[0,0,0,40,0],"v":{"t":[0,10]}},{"k":[1,0,0,39,0],"v":{"t":[1,10]}},{"k":[3,1,0,36,0],"v":{"t":[0,0]}},{"k":[4,1,0,35,0],"v":{"t":[0,0]}},{"k":[5,1,0,34,0],"v":{"t":[0,0]}},{"k":[6,1,0,33,0],"v":{"t":[0,0]}},{"k":[5,0,0,35,0],"v":{"t":[0,10]}},{"k":[6,0,0,34,0],"v":{"t":[0,10]}},{"k":[7,0,0,33,0],"v":{"t":[0,10]}},{"k":[8,0,0,32,0],"v":{"t":[0,10]}},{"k":[4,0,0,36,0],"v":{"t":[0,10]}},{"k":[3,0,0,37,0],"v":{"t":[0,10]}},{"k":[2,0,0,38,0],"v":{"t":[0,10]}},{"k":[0,0,0,32,0],"v":{"t":[0,10]}}]},"moun":{"a":[{"k":[14,0,0,43,0],"v":{"b":true,"sid":18,"t":true}},{"k":[13,0,0,44,0],"v":{"l":true,"r":true,"sid":18}},{"k":[14,0,0,44,0],"v":{"l":true,"sid":18,"t":true}},{"k":[10,0,0,39,0],"v":{"l":true,"r":true,"sid":18}},{"k":[5,0,0,44,0],"v":{"l":true,"r":true,"sid":18}},{"k":[11,0,0,39,0],"v":{"l":true,"r":true,"sid":18}},{"k":[6,0,0,44,0],"v":{"l":true,"r":true,"sid":18}},{"k":[12,0,0,39,0],"v":{"l":true,"r":true,"sid":18}},{"k":[7,0,0,44,0],"v":{"l":true,"r":true,"sid":18}},{"k":[13,0,0,39,0],"v":{"l":true,"r":true,"sid":18}},{"k":[8,0,0,44,0],"v":{"l":true,"r":true,"sid":18}},{"k":[14,0,0,39,0],"v":{"b":true,"l":true,"sid":18}},{"k":[9,0,0,44,0],"v":{"l":true,"r":true,"sid":18}},{"k":[14,0,0,40,0],"v":{"b":true,"sid":18,"t":true}},{"k":[10,0,0,44,0],"v":{"l":true,"r":true,"sid":18}},{"k":[14,0,0,41,0],"v":{"b":true,"sid":18,"t":true}},{"k":[11,0,0,44,0],"v":{"l":true,"r":true,"sid":18}},{"k":[14,0,0,42,0],"v":{"b":true,"sid":18,"t":true}},{"k":[12,0,0,44,0],"v":{"l":true,"r":true,"sid":18}},{"k":[3,0,0,38,0],"v":{"b":true,"r":true,"sid":18,"t":true}},{"k":[4,0,0,37,0],"v":{"b":true,"l":true,"sid":18,"t":true}},{"k":[7,0,0,34,0],"v":{"l":true,"r":true,"sid":18,"t":true}},{"k":[8,0,0,33,0],"v":{"b":true,"l":true,"r":true,"sid":18}},{"k":[3,0,0,39,0],"v":{"r":true,"sid":18,"t":true}},{"k":[4,0,0,38,0],"v":{"b":true,"l":true,"sid":18,"t":true}},{"k":[8,0,0,34,0],"v":{"l":true,"r":true,"sid":18,"t":true}},{"k":[9,0,0,33,0],"v":{"b":true,"l":true,"r":true,"sid":18}},{"k":[4,0,0,39,0],"v":{"l":true,"sid":18,"t":true}},{"k":[9,0,0,34,0],"v":{"b":true,"l":true,"r":true,"sid":18,"t":true}},{"k":[10,0,0,33,0],"v":{"b":true,"l":true,"r":true,"sid":18}},{"k":[10,0,0,34,0],"v":{"l":true,"r":true,"sid":18,"t":true}},{"k":[11,0,0,33,0],"v":{"b":true,"l":true,"r":true,"sid":18}},{"k":[9,0,0,35,0],"v":{"b":true,"sid":18,"t":true}},{"k":[0,0,0,44,0],"v":{"r":true,"sid":18}},{"k":[11,0,0,34,0],"v":{"l":true,"r":true,"sid":18,"t":true}},{"k":[12,0,0,33,0],"v":{"b":true,"l":true,"r":true,"sid":18}},{"k":[9,0,0,36,0],"v":{"b":true,"sid":18,"t":true}},{"k":[13,0,0,32,0],"v":{"b":true,"r":true,"sid":18,"t":true}},{"k":[1,0,0,44,0],"v":{"l":true,"r":true,"sid":18}},{"k":[12,0,0,34,0],"v":{"l":true,"r":true,"sid":18,"t":true}},{"k":[9,0,0,37,0],"v":{"b":true,"sid":18,"t":true}},{"k":[13,0,0,33,0],"v":{"b":true,"l":true,"sid":18,"t":true}},{"k":[14,0,0,32,0],"v":{"l":true,"r":true,"sid":18}},{"k":[2,0,0,44,0],"v":{"l":true,"r":true,"sid":18}},{"k":[9,0,0,38,0],"v":{"b":true,"sid":18,"t":true}},{"k":[13,0,0,34,0],"v":{"l":true,"sid":18,"t":true}},{"k":[15,0,0,32,0],"v":{"l":true,"r":true,"sid":18}},{"k":[3,0,0,44,0],"v":{"l":true,"r":true,"sid":18}},{"k":[9,0,0,39,0],"v":{"r":true,"sid":18,"t":true}},{"k":[4,0,0,44,0],"v":{"l":true,"r":true,"sid":18}},{"k":[3,0,0,32,0],"v":{"b":true,"sid":18,"t":true}},{"k":[3,0,0,33,0],"v":{"b":true,"r":true,"sid":18,"t":true}},{"k":[3,0,0,34,0],"v":{"b":true,"r":true,"sid":18,"t":true}},{"k":[4,0,0,33,0],"v":{"b":true,"l":true,"r":true,"sid":18}},{"k":[3,0,0,35,0],"v":{"b":true,"r":true,"sid":18,"t":true}},{"k":[4,0,0,34,0],"v":{"b":true,"l":true,"r":true,"sid":18,"t":true}},{"k":[5,0,0,33,0],"v":{"b":true,"l":true,"r":true,"sid":18}},{"k":[3,0,0,36,0],"v":{"b":true,"r":true,"sid":18,"t":true}},{"k":[4,0,0,35,0],"v":{"b":true,"l":true,"sid":18,"t":true}},{"k":[5,0,0,34,0],"v":{"l":true,"r":true,"sid":18,"t":true}},{"k":[6,0,0,33,0],"v":{"b":true,"l":true,"r":true,"sid":18}},{"k":[3,0,0,37,0],"v":{"b":true,"r":true,"sid":18,"t":true}},{"k":[4,0,0,36,0],"v":{"b":true,"l":true,"sid":18,"t":true}},{"k":[6,0,0,34,0],"v":{"l":true,"r":true,"sid":18,"t":true}},{"k":[7,0,0,33,0],"v":{"b":true,"l":true,"r":true,"sid":18}}],"o":[]},"objs":{"list":[]},"objs3d":{"a":[],"o":[]},"sprites":{"list":[],"overflow":[],"walls":[]}}