{"lands":{"autotiles":[],"floors":[{"k":[18,1,0,19,0],"v":{"t":[0,0]}},{"k":[20,1,0,17,0],"v":{"t":[0,0]}},{"k":[22,0,0,16,0],"v":{"t":[0,10]}},{"k":[21,0,0,17,0],"v":{"t":[0,10]}},{"k":[20,0,0,18,0],"v":{"t":[0,10]}},{"k":[19,0,0,19,0],"v":{"t":[0,10]}},{"k":[18,0,0,20,0],"v":{"t":[0,10]}},{"k":[17,0,0,21,0],"v":{"t":[0,10]}},{"k":[16,0,0,22,0],"v":{"t":[0,10]}},{"k":[18,1,0,18,0],"v":{"t":[0,0]}},{"k":[17,1,0,19,0],"v":{"t":[0,0]}},{"k":[20,1,0,16,0],"v":{"t":[0,0]}},{"k":[21,0,0,16,0],"v":{"t":[0,10]}},{"k":[20,0,0,17,0],"v":{"t":[0,10]}},{"k":[19,0,0,18,0],"v":{"t":[0,10]}},{"k":[18,0,0,19,0],"v":{"t":[0,10]}},{"k":[17,0,0,20,0],"v":{"t":[0,10]}},{"k":[16,0,0,21,0],"v":{"t":[0,10]}},{"k":[21,0,0,16,3],"v":{"t":[0,10]}},{"k":[24,0,0,16,0],"v":{"t":[0,10]}},{"k":[16,1,0,23,0],"v":{"t":[0,0]}},{"k":[18,1,0,21,0],"v":{"t":[0,0]}},{"k":[20,1,0,19,0],"v":{"t":[0,0]}},{"k":[23,0,0,17,0],"v":{"t":[0,10]}},{"k":[22,0,0,18,0],"v":{"t":[0,10]}},{"k":[21,0,0,19,0],"v":{"t":[0,10]}},{"k":[20,0,0,20,0],"v":{"t":[0,10]}},{"k":[19,0,0,21,0],"v":{"t":[0,10]}},{"k":[18,0,0,22,0],"v":{"t":[0,10]}},{"k":[17,0,0,23,0],"v":{"t":[0,10]}},{"k":[16,0,0,24,0],"v":{"t":[0,10]}},{"k":[23,0,0,16,0],"v":{"t":[0,10]}},{"k":[18,1,0,20,0],"v":{"t":[0,0]}},{"k":[20,1,0,18,0],"v":{"t":[0,0]}},{"k":[22,0,0,17,0],"v":{"t":[0,10]}},{"k":[21,0,0,18,0],"v":{"t":[0,10]}},{"k":[20,0,0,19,0],"v":{"t":[0,10]}},{"k":[19,0,0,20,0],"v":{"t":[0,10]}},{"k":[18,0,0,21,0],"v":{"t":[0,10]}},{"k":[17,0,0,22,0],"v":{"t":[0,10]}},{"k":[16,0,0,23,0],"v":{"t":[0,10]}},{"k":[18,0,0,16,0],"v":{"t":[0,10]}},{"k":[17,0,0,17,0],"v":{"t":[0,10]}},{"k":[16,0,0,18,0],"v":{"t":[0,10]}},{"k":[17,0,0,16,0],"v":{"t":[0,10]}},{"k":[16,0,0,17,0],"v":{"t":[0,10]}},{"k":[18,1,0,17,0],"v":{"t":[0,0]}},{"k":[16,1,0,19,0],"v":{"t":[0,0]}},{"k":[20,0,0,16,0],"v":{"t":[0,10]}},{"k":[19,0,0,17,0],"v":{"t":[0,10]}},{"k":[18,0,0,18,0],"v":{"t":[0,10]}},{"k":[17,0,0,19,0],"v":{"t":[0,10]}},{"k":[16,0,0,20,0],"v":{"t":[0,10]}},{"k":[18,1,0,16,0],"v":{"t":[0,0]}},{"k":[19,0,0,16,0],"v":{"t":[0,10]}},{"k":[18,0,0,17,0],"v":{"t":[0,10]}},{"k":[17,0,0,18,0],"v":{"t":[0,10]}},{"k":[16,0,0,19,0],"v":{"t":[0,10]}},{"k":[16,0,0,16,0],"v":{"t":[0,10]}},{"k":[26,0,0,28,0],"v":{"t":[0,10]}},{"k":[29,0,0,25,0],"v":{"t":[0,10]}},{"k":[26,1,0,27,0],"v":{"t":[0,0]}},{"k":[31,1,0,22,0],"v":{"t":[0,0]}},{"k":[29,1,0,24,0],"v":{"t":[0,0]}},{"k":[28,1,0,25,0],"v":{"t":[0,0]}},{"k":[31,0,0,23,0],"v":{"t":[0,10]}},{"k":[30,0,0,24,0],"v":{"t":[0,10]}},{"k":[28,0,0,26,0],"v":{"t":[0,10]}},{"k":[27,0,0,27,0],"v":{"t":[0,10]}},{"k":[23,0,0,31,0],"v":{"t":[0,10]}},{"k":[24,0,0,30,0],"v":{"t":[0,10]}},{"k":[25,0,0,29,0],"v":{"t":[0,10]}},{"k":[22,0,0,31,0],"v":{"t":[1,10]}},{"k":[25,0,0,28,0],"v":{"t":[0,10]}},{"k":[25,1,0,27,0],"v":{"t":[0,0]}},{"k":[31,1,0,21,0],"v":{"t":[0,0]}},{"k":[28,1,0,24,0],"v":{"t":[0,0]}},{"k":[31,0,0,22,0],"v":{"t":[0,10]}},{"k":[30,0,0,23,0],"v":{"t":[0,10]}},{"k":[29,0,0,24,0],"v":{"t":[0,10]}},{"k":[28,0,0,25,0],"v":{"t":[0,10]}},{"k":[27,0,0,26,0],"v":{"t":[0,10]}},{"k":[26,0,0,27,0],"v":{"t":[0,10]}},{"k":[23,0,0,30,0],"v":{"t":[0,10]}},{"k":[24,0,0,29,0],"v":{"t":[0,10]}},{"k":[28,0,0,28,0],"v":{"t":[0,10]}},{"k":[29,0,0,27,0],"v":{"t":[0,10]}},{"k":[30,0,0,26,0],"v":{"t":[1,10]}},{"k":[31,0,0,25,0],"v":{"t":[0,10]}},{"k":[24,1,0,31,0],"v":{"t":[0,0]}},{"k":[28,1,0,27,0],"v":{"t":[0,0]}},{"k":[31,1,0,24,0],"v":{"t":[0,0]}},{"k":[25,0,0,31,0],"v":{"t":[0,10]}},{"k":[26,0,0,30,0],"v":{"t":[0,10]}},{"k":[27,0,0,29,0],"v":{"t":[0,10]}},{"k":[27,0,0,28,0],"v":{"t":[0,10]}},{"k":[29,0,0,26,0],"v":{"t":[0,10]}},{"k":[30,0,0,25,0],"v":{"t":[0,10]}},{"k":[23,1,0,31,0],"v":{"t":[0,0]}},{"k":[27,1,0,27,0],"v":{"t":[0,0]}},{"k":[31,1,0,23,0],"v":{"t":[0,0]}},{"k":[30,1,0,24,0],"v":{"t":[0,0]}},{"k":[28,1,0,26,0],"v":{"t":[0,0]}},{"k":[31,0,0,24,0],"v":{"t":[0,10]}},{"k":[28,0,0,27,0],"v":{"t":[0,10]}},{"k":[24,0,0,31,0],"v":{"t":[0,10]}},{"k":[25,0,0,30,0],"v":{"t":[0,10]}},{"k":[26,0,0,29,0],"v":{"t":[0,10]}},{"k":[20,0,0,30,0],"v":{"t":[1,10]}},{"k":[19,0,0,31,0],"v":{"t":[1,10]}},{"k":[21,0,0,29,0],"v":{"t":[0,10]}},{"k":[22,0,0,28,0],"v":{"t":[1,10]}},{"k":[20,1,0,29,0],"v":{"t":[0,0]}},{"k":[23,1,0,26,0],"v":{"t":[0,0]}},{"k":[31,1,0,18,0],"v":{"t":[0,0]}},{"k":[31,0,0,19,0],"v":{"t":[0,10]}},{"k":[30,0,0,20,0],"v":{"t":[0,10]}},{"k":[29,0,0,21,0],"v":{"t":[0,10]}},{"k":[28,0,0,22,0],"v":{"t":[0,10]}},{"k":[27,0,0,23,0],"v":{"t":[0,10]}},{"k":[26,0,0,24,0],"v":{"t":[0,10]}},{"k":[25,0,0,25,0],"v":{"t":[0,10]}},{"k":[24,0,0,26,0],"v":{"t":[0,10]}},{"k":[23,0,0,27,0],"v":{"t":[0,10]}},{"k":[19,0,0,30,0],"v":{"t":[0,10]}},{"k":[18,0,0,31,0],"v":{"t":[0,10]}},{"k":[21,0,0,28,0],"v":{"t":[0,10]}},{"k":[22,0,0,27,0],"v":{"t":[1,10]}},{"k":[22,0,0,24,3],"v":{"t":[1,10]}},{"k":[20,1,0,28,0],"v":{"t":[0,0]}},{"k":[19,1,0,29,0],"v":{"t":[0,0]}},{"k":[23,1,0,25,0],"v":{"t":[0,0]}},{"k":[31,1,0,17,0],"v":{"t":[0,0]}},{"k":[31,0,0,18,0],"v":{"t":[0,10]}},{"k":[30,0,0,19,0],"v":{"t":[0,10]}},{"k":[29,0,0,20,0],"v":{"t":[0,10]}},{"k":[28,0,0,21,0],"v":{"t":[0,10]}},{"k":[27,0,0,22,0],"v":{"t":[0,10]}},{"k":[26,0,0,23,0],"v":{"t":[0,10]}},{"k":[25,0,0,24,0],"v":{"t":[0,10]}},{"k":[24,0,0,25,0],"v":{"t":[0,10]}},{"k":[23,0,0,26,0],"v":{"t":[0,10]}},{"k":[20,0,0,29,0],"v":{"t":[0,10]}},{"k":[21,0,0,31,0],"v":{"t":[0,10]}},{"k":[22,0,0,30,0],"v":{"t":[1,10]}},{"k":[24,0,0,28,0],"v":{"t":[0,10]}},{"k":[24,1,0,27,0],"v":{"t":[0,0]}},{"k":[31,0,0,21,0],"v":{"t":[0,10]}},{"k":[30,0,0,22,0],"v":{"t":[0,10]}},{"k":[29,0,0,23,0],"v":{"t":[0,10]}},{"k":[28,0,0,24,0],"v":{"t":[0,10]}},{"k":[27,0,0,25,0],"v":{"t":[0,10]}},{"k":[26,0,0,26,0],"v":{"t":[0,10]}},{"k":[25,0,0,27,0],"v":{"t":[0,10]}},{"k":[23,0,0,29,0],"v":{"t":[0,10]}},{"k":[20,0,0,31,0],"v":{"t":[1,10]}},{"k":[21,0,0,30,0],"v":{"t":[0,10]}},{"k":[22,0,0,29,0],"v":{"t":[1,10]}},{"k":[23,0,0,28,0],"v":{"t":[0,10]}},{"k":[23,1,0,27,0],"v":{"t":[0,0]}},{"k":[31,0,0,20,0],"v":{"t":[0,10]}},{"k":[30,0,0,21,0],"v":{"t":[0,10]}},{"k":[29,0,0,22,0],"v":{"t":[0,10]}},{"k":[28,0,0,23,0],"v":{"t":[0,10]}},{"k":[27,0,0,24,0],"v":{"t":[0,10]}},{"k":[26,0,0,25,0],"v":{"t":[0,10]}},{"k":[25,0,0,26,0],"v":{"t":[0,10]}},{"k":[24,0,0,27,0],"v":{"t":[0,10]}},{"k":[16,0,0,30,0],"v":{"t":[0,10]}},{"k":[21,0,0,25,0],"v":{"t":[0,10]}},{"k":[20,0,0,25,1],"v":{"t":[1,10]}},{"k":[20,0,0,24,2],"v":{"t":[0,10]}},{"k":[21,0,0,22,3],"v":{"t":[0,10]}},{"k":[22,0,0,21,3],"v":{"t":[1,10]}},{"k":[19,1,0,26,0],"v":{"t":[0,0]}},{"k":[16,1,0,29,0],"v":{"t":[0,0]}},{"k":[23,1,0,22,0],"v":{"t":[0,0]}},{"k":[28,1,0,17,0],"v":{"t":[0,0]}},{"k":[29,0,0,17,0],"v":{"t":[0,10]}},{"k":[28,0,0,18,0],"v":{"t":[0,10]}},{"k":[27,0,0,19,0],"v":{"t":[0,10]}},{"k":[26,0,0,20,0],"v":{"t":[0,10]}},{"k":[25,0,0,21,0],"v":{"t":[0,10]}},{"k":[24,0,0,22,0],"v":{"t":[0,10]}},{"k":[23,0,0,23,0],"v":{"t":[0,10]}},{"k":[22,0,0,24,0],"v":{"t":[0,10]}},{"k":[20,0,0,26,0],"v":{"t":[0,10]}},{"k":[19,0,0,27,0],"v":{"t":[0,10]}},{"k":[18,0,0,28,0],"v":{"t":[0,10]}},{"k":[17,0,0,29,0],"v":{"t":[0,10]}},{"k":[30,0,0,16,0],"v":{"t":[0,10]}},{"k":[19,0,0,25,1],"v":{"t":[1,10]}},{"k":[19,0,0,24,2],"v":{"t":[0,10]}},{"k":[21,0,0,21,3],"v":{"t":[0,10]}},{"k":[22,0,0,20,3],"v":{"t":[1,10]}},{"k":[18,1,0,26,0],"v":{"t":[0,0]}},{"k":[16,1,0,28,0],"v":{"t":[0,0]}},{"k":[23,1,0,21,0],"v":{"t":[0,0]}},{"k":[27,1,0,17,0],"v":{"t":[0,0]}},{"k":[28,1,0,16,0],"v":{"t":[0,0]}},{"k":[28,0,0,17,0],"v":{"t":[0,10]}},{"k":[27,0,0,18,0],"v":{"t":[0,10]}},{"k":[26,0,0,19,0],"v":{"t":[0,10]}},{"k":[25,0,0,20,0],"v":{"t":[0,10]}},{"k":[24,0,0,21,0],"v":{"t":[0,10]}},{"k":[23,0,0,22,0],"v":{"t":[0,10]}},{"k":[22,0,0,23,0],"v":{"t":[0,10]}},{"k":[21,0,0,24,0],"v":{"t":[0,10]}},{"k":[20,0,0,25,0],"v":{"t":[0,10]}},{"k":[19,0,0,26,0],"v":{"t":[0,10]}},{"k":[18,0,0,27,0],"v":{"t":[0,10]}},{"k":[17,0,0,28,0],"v":{"t":[0,10]}},{"k":[16,0,0,29,0],"v":{"t":[0,10]}},{"k":[29,0,0,16,0],"v":{"t":[0,10]}},{"k":[17,0,0,31,0],"v":{"t":[1,10]}},{"k":[18,0,0,30,0],"v":{"t":[0,10]}},{"k":[21,0,0,27,0],"v":{"t":[0,10]}},{"k":[22,0,0,26,0],"v":{"t":[1,10]}},{"k":[22,0,0,25,1],"v":{"t":[1,10]}},{"k":[22,0,0,24,2],"v":{"t":[1,10]}},{"k":[21,0,0,24,3],"v":{"t":[0,10]}},{"k":[22,0,0,23,3],"v":{"t":[1,10]}},{"k":[20,1,0,27,0],"v":{"t":[0,0]}},{"k":[18,1,0,29,0],"v":{"t":[0,0]}},{"k":[23,1,0,24,0],"v":{"t":[0,0]}},{"k":[31,1,0,16,0],"v":{"t":[0,0]}},{"k":[31,0,0,17,0],"v":{"t":[0,10]}},{"k":[30,0,0,18,0],"v":{"t":[0,10]}},{"k":[29,0,0,19,0],"v":{"t":[0,10]}},{"k":[28,0,0,20,0],"v":{"t":[0,10]}},{"k":[27,0,0,21,0],"v":{"t":[0,10]}},{"k":[26,0,0,22,0],"v":{"t":[0,10]}},{"k":[25,0,0,23,0],"v":{"t":[0,10]}},{"k":[24,0,0,24,0],"v":{"t":[0,10]}},{"k":[23,0,0,25,0],"v":{"t":[0,10]}},{"k":[20,0,0,28,0],"v":{"t":[0,10]}},{"k":[19,0,0,29,0],"v":{"t":[0,10]}},{"k":[16,0,0,31,0],"v":{"t":[0,10]}},{"k":[17,0,0,30,0],"v":{"t":[0,10]}},{"k":[21,0,0,26,0],"v":{"t":[0,10]}},{"k":[22,0,0,25,0],"v":{"t":[1,10]}},{"k":[21,0,0,25,1],"v":{"t":[1,10]}},{"k":[21,0,0,24,2],"v":{"t":[0,10]}},{"k":[21,0,0,23,3],"v":{"t":[0,10]}},{"k":[22,0,0,22,3],"v":{"t":[1,10]}},{"k":[20,1,0,26,0],"v":{"t":[0,0]}},{"k":[17,1,0,29,0],"v":{"t":[0,0]}},{"k":[23,1,0,23,0],"v":{"t":[0,0]}},{"k":[30,0,0,17,0],"v":{"t":[0,10]}},{"k":[29,0,0,18,0],"v":{"t":[0,10]}},{"k":[28,0,0,19,0],"v":{"t":[0,10]}},{"k":[27,0,0,20,0],"v":{"t":[0,10]}},{"k":[26,0,0,21,0],"v":{"t":[0,10]}},{"k":[25,0,0,22,0],"v":{"t":[0,10]}},{"k":[24,0,0,23,0],"v":{"t":[0,10]}},{"k":[23,0,0,24,0],"v":{"t":[0,10]}},{"k":[20,0,0,27,0],"v":{"t":[0,10]}},{"k":[19,0,0,28,0],"v":{"t":[0,10]}},{"k":[18,0,0,29,0],"v":{"t":[0,10]}},{"k":[31,0,0,16,0],"v":{"t":[0,10]}},{"k":[17,0,0,24,1],"v":{"t":[1,10]}},{"k":[16,0,0,25,1],"v":{"t":[1,10]}},{"k":[21,0,0,18,3],"v":{"t":[0,10]}},{"k":[22,0,0,17,3],"v":{"t":[1,10]}},{"k":[26,0,0,16,0],"v":{"t":[0,10]}},{"k":[18,1,0,23,0],"v":{"t":[0,0]}},{"k":[23,1,0,18,0],"v":{"t":[0,0]}},{"k":[24,1,0,17,0],"v":{"t":[0,0]}},{"k":[20,1,0,21,0],"v":{"t":[0,0]}},{"k":[25,0,0,17,0],"v":{"t":[0,10]}},{"k":[24,0,0,18,0],"v":{"t":[0,10]}},{"k":[23,0,0,19,0],"v":{"t":[0,10]}},{"k":[22,0,0,20,0],"v":{"t":[0,10]}},{"k":[21,0,0,21,0],"v":{"t":[0,10]}},{"k":[20,0,0,22,0],"v":{"t":[0,10]}},{"k":[19,0,0,23,0],"v":{"t":[0,10]}},{"k":[18,0,0,24,0],"v":{"t":[0,10]}},{"k":[17,0,0,25,0],"v":{"t":[0,10]}},{"k":[16,0,0,26,0],"v":{"t":[0,10]}},{"k":[16,0,0,24,1],"v":{"t":[1,10]}},{"k":[21,0,0,17,3],"v":{"t":[0,10]}},{"k":[22,0,0,16,3],"v":{"t":[1,10]}},{"k":[25,0,0,16,0],"v":{"t":[0,10]}},{"k":[17,1,0,23,0],"v":{"t":[0,0]}},{"k":[18,1,0,22,0],"v":{"t":[0,0]}},{"k":[20,1,0,20,0],"v":{"t":[0,0]}},{"k":[24,0,0,17,0],"v":{"t":[0,10]}},{"k":[23,0,0,18,0],"v":{"t":[0,10]}},{"k":[22,0,0,19,0],"v":{"t":[0,10]}},{"k":[21,0,0,20,0],"v":{"t":[0,10]}},{"k":[20,0,0,21,0],"v":{"t":[0,10]}},{"k":[19,0,0,22,0],"v":{"t":[0,10]}},{"k":[18,0,0,23,0],"v":{"t":[0,10]}},{"k":[17,0,0,24,0],"v":{"t":[0,10]}},{"k":[16,0,0,25,0],"v":{"t":[0,10]}},{"k":[18,0,0,25,1],"v":{"t":[1,10]}},{"k":[18,0,0,24,2],"v":{"t":[0,10]}},{"k":[21,0,0,20,3],"v":{"t":[0,10]}},{"k":[22,0,0,19,3],"v":{"t":[1,10]}},{"k":[20,1,0,23,0],"v":{"t":[0,0]}},{"k":[17,1,0,26,0],"v":{"t":[0,0]}},{"k":[16,1,0,27,0],"v":{"t":[0,0]}},{"k":[23,1,0,20,0],"v":{"t":[0,0]}},{"k":[26,1,0,17,0],"v":{"t":[0,0]}},{"k":[27,0,0,17,0],"v":{"t":[0,10]}},{"k":[26,0,0,18,0],"v":{"t":[0,10]}},{"k":[25,0,0,19,0],"v":{"t":[0,10]}},{"k":[24,0,0,20,0],"v":{"t":[0,10]}},{"k":[23,0,0,21,0],"v":{"t":[0,10]}},{"k":[22,0,0,22,0],"v":{"t":[0,10]}},{"k":[21,0,0,23,0],"v":{"t":[0,10]}},{"k":[20,0,0,24,0],"v":{"t":[0,10]}},{"k":[19,0,0,25,0],"v":{"t":[0,10]}},{"k":[18,0,0,26,0],"v":{"t":[0,10]}},{"k":[17,0,0,27,0],"v":{"t":[0,10]}},{"k":[16,0,0,28,0],"v":{"t":[0,10]}},{"k":[28,0,0,16,0],"v":{"t":[0,10]}},{"k":[17,0,0,25,1],"v":{"t":[0,10]}},{"k":[18,0,0,24,1],"v":{"t":[1,10]}},{"k":[21,0,0,19,3],"v":{"t":[0,10]}},{"k":[22,0,0,18,3],"v":{"t":[1,10]}},{"k":[27,0,0,16,0],"v":{"t":[1,10]}},{"k":[19,1,0,23,0],"v":{"t":[0,0]}},{"k":[16,1,0,26,0],"v":{"t":[0,0]}},{"k":[23,1,0,19,0],"v":{"t":[0,0]}},{"k":[25,1,0,17,0],"v":{"t":[0,0]}},{"k":[20,1,0,22,0],"v":{"t":[0,0]}},{"k":[26,0,0,17,0],"v":{"t":[0,10]}},{"k":[25,0,0,18,0],"v":{"t":[0,10]}},{"k":[24,0,0,19,0],"v":{"t":[0,10]}},{"k":[23,0,0,20,0],"v":{"t":[0,10]}},{"k":[22,0,0,21,0],"v":{"t":[0,10]}},{"k":[21,0,0,22,0],"v":{"t":[0,10]}},{"k":[20,0,0,23,0],"v":{"t":[0,10]}},{"k":[19,0,0,24,0],"v":{"t":[0,10]}},{"k":[18,0,0,25,0],"v":{"t":[0,10]}},{"k":[17,0,0,26,0],"v":{"t":[0,10]}},{"k":[16,0,0,27,0],"v":{"t":[0,10]}},{"k":[31,0,0,31,0],"v":{"t":[0,10]}},{"k":[30,0,0,31,0],"v":{"t":[1,10]}},{"k":[31,0,0,30,0],"v":{"t":[0,10]}},{"k":[29,0,0,29,0],"v":{"t":[0,10]}},{"k":[30,0,0,28,0],"v":{"t":[1,10]}},{"k":[31,0,0,27,0],"v":{"t":[0,10]}},{"k":[26,1,0,31,0],"v":{"t":[0,0]}},{"k":[27,0,0,31,0],"v":{"t":[0,10]}},{"k":[28,0,0,30,0],"v":{"t":[0,10]}},{"k":[29,0,0,28,0],"v":{"t":[0,10]}},{"k":[30,0,0,27,0],"v":{"t":[1,10]}},{"k":[31,0,0,26,0],"v":{"t":[0,10]}},{"k":[25,1,0,31,0],"v":{"t":[0,0]}},{"k":[26,0,0,31,0],"v":{"t":[0,10]}},{"k":[27,0,0,30,0],"v":{"t":[0,10]}},{"k":[28,0,0,29,0],"v":{"t":[0,10]}},{"k":[29,0,0,31,0],"v":{"t":[0,10]}},{"k":[30,0,0,30,0],"v":{"t":[1,10]}},{"k":[31,0,0,29,0],"v":{"t":[0,10]}},{"k":[28,1,0,31,0],"v":{"t":[0,0]}},{"k":[29,0,0,30,0],"v":{"t":[0,10]}},{"k":[30,0,0,29,0],"v":{"t":[1,10]}},{"k":[31,0,0,28,0],"v":{"t":[0,10]}},{"k":[27,1,0,31,0],"v":{"t":[0,0]}},{"k":[28,0,0,31,0],"v":{"t":[0,10]}}]},"moun":{"a":[{"k":[18,0,0,20,0],"v":{"b":true,"sid":18,"t":true}},{"k":[20,0,0,18,0],"v":{"b":true,"sid":18,"t":true}},{"k":[18,0,0,19,0],"v":{"b":true,"l":true,"sid":18,"t":true}},{"k":[20,0,0,17,0],"v":{"b":true,"sid":18,"t":true}},{"k":[17,0,0,23,0],"v":{"l":true,"r":true,"sid":18}},{"k":[18,0,0,22,0],"v":{"b":true,"sid":18,"t":true}},{"k":[20,0,0,20,0],"v":{"b":true,"sid":18,"t":true}},{"k":[16,0,0,23,0],"v":{"l":true,"r":true,"sid":18}},{"k":[18,0,0,21,0],"v":{"b":true,"sid":18,"t":true}},{"k":[20,0,0,19,0],"v":{"b":true,"sid":18,"t":true}},{"k":[18,0,0,16,0],"v":{"b":true,"sid":18,"t":true}},{"k":[18,0,0,18,0],"v":{"b":true,"sid":18,"t":true}},{"k":[17,0,0,19,0],"v":{"l":true,"r":true,"sid":18}},{"k":[20,0,0,16,0],"v":{"b":true,"sid":18,"t":true}},{"k":[18,0,0,17,0],"v":{"b":true,"sid":18,"t":true}},{"k":[16,0,0,19,0],"v":{"l":true,"r":true,"sid":18}},{"k":[23,0,0,31,0],"v":{"b":true,"r":true,"sid":18}},{"k":[27,0,0,27,0],"v":{"l":true,"r":true,"sid":18}},{"k":[31,0,0,23,0],"v":{"b":true,"r":true,"sid":18,"t":true}},{"k":[30,0,0,24,0],"v":{"l":true,"r":true,"sid":18}},{"k":[28,0,0,26,0],"v":{"b":true,"sid":18,"t":true}},{"k":[26,0,0,27,0],"v":{"l":true,"r":true,"sid":18}},{"k":[31,0,0,22,0],"v":{"b":true,"sid":18,"t":true}},{"k":[29,0,0,24,0],"v":{"l":true,"r":true,"sid":18}},{"k":[28,0,0,25,0],"v":{"b":true,"sid":18,"t":true}},{"k":[25,0,0,31,0],"v":{"l":true,"r":true,"sid":18}},{"k":[24,0,0,31,0],"v":{"l":true,"r":true,"sid":18}},{"k":[28,0,0,27,0],"v":{"l":true,"sid":18,"t":true}},{"k":[31,0,0,24,0],"v":{"l":true,"r":true,"sid":18,"t":true}},{"k":[23,0,0,27,0],"v":{"r":true,"sid":18,"t":true}},{"k":[20,0,0,29,0],"v":{"l":true,"sid":18,"t":true}},{"k":[23,0,0,26,0],"v":{"b":true,"sid":18,"t":true}},{"k":[31,0,0,18,0],"v":{"r":true,"sid":18,"t":true}},{"k":[25,0,0,27,0],"v":{"l":true,"r":true,"sid":18}},{"k":[31,0,0,21,0],"v":{"b":true,"r":true,"sid":18}},{"k":[28,0,0,24,0],"v":{"b":true,"r":true,"sid":18}},{"k":[24,0,0,27,0],"v":{"l":true,"r":true,"sid":18}},{"k":[20,0,0,26,0],"v":{"b":true,"l":true,"sid":18}},{"k":[17,0,0,29,0],"v":{"l":true,"r":true,"sid":18}},{"k":[23,0,0,23,0],"v":{"b":true,"sid":18,"t":true}},{"k":[19,0,0,26,0],"v":{"l":true,"r":true,"sid":18}},{"k":[16,0,0,29,0],"v":{"r":true,"sid":18,"t":true}},{"k":[23,0,0,22,0],"v":{"b":true,"sid":18,"t":true}},{"k":[28,0,0,17,0],"v":{"l":true,"sid":18,"t":true}},{"k":[20,0,0,28,0],"v":{"b":true,"sid":18,"t":true}},{"k":[19,0,0,29,0],"v":{"l":true,"r":true,"sid":18}},{"k":[23,0,0,25,0],"v":{"b":true,"sid":18,"t":true}},{"k":[31,0,0,17,0],"v":{"b":true,"sid":18,"t":true}},{"k":[20,0,0,27,0],"v":{"b":true,"sid":18,"t":true}},{"k":[18,0,0,29,0],"v":{"l":true,"r":true,"sid":18}},{"k":[23,0,0,24,0],"v":{"b":true,"sid":18,"t":true}},{"k":[31,0,0,16,0],"v":{"b":true,"sid":18,"t":true}},{"k":[19,0,0,23,0],"v":{"l":true,"r":true,"sid":18}},{"k":[16,0,0,26,0],"v":{"b":true,"r":true,"sid":18}},{"k":[23,0,0,19,0],"v":{"b":true,"sid":18,"t":true}},{"k":[25,0,0,17,0],"v":{"l":true,"r":true,"sid":18}},{"k":[20,0,0,22,0],"v":{"b":true,"sid":18,"t":true}},{"k":[18,0,0,23,0],"v":{"l":true,"r":true,"sid":18,"t":true}},{"k":[23,0,0,18,0],"v":{"b":true,"sid":18}},{"k":[24,0,0,17,0],"v":{"r":true,"sid":18}},{"k":[20,0,0,21,0],"v":{"b":true,"sid":18,"t":true}},{"k":[18,0,0,26,0],"v":{"l":true,"r":true,"sid":18}},{"k":[16,0,0,28,0],"v":{"b":true,"sid":18,"t":true}},{"k":[23,0,0,21,0],"v":{"b":true,"sid":18,"t":true}},{"k":[27,0,0,17,0],"v":{"l":true,"r":true,"sid":18}},{"k":[28,0,0,16,0],"v":{"b":true,"sid":18,"t":true}},{"k":[20,0,0,23,0],"v":{"l":true,"sid":18,"t":true}},{"k":[17,0,0,26,0],"v":{"l":true,"r":true,"sid":18}},{"k":[16,0,0,27,0],"v":{"b":true,"sid":18,"t":true}},{"k":[23,0,0,20,0],"v":{"b":true,"sid":18,"t":true}},{"k":[26,0,0,17,0],"v":{"l":true,"r":true,"sid":18}},{"k":[27,0,0,31,0],"v":{"l":true,"r":true,"sid":18}},{"k":[26,0,0,31,0],"v":{"l":true,"r":true,"sid":18}},{"k":[28,0,0,31,0],"v":{"b":true,"l":true,"sid":18}}],"o":[]},"objs":{"list":[]},"objs3d":{"a":[],"o":[]},"sprites":{"list":[],"overflow":[],"walls":[]}}