{"lands":{"autotiles":[],"floors":[{"k":[29,0,0,44,0],"v":{"t":[1,10]}},{"k":[28,0,0,45,0],"v":{"t":[0,10]}},{"k":[30,0,0,43,0],"v":{"t":[1,10]}},{"k":[25,1,0,47,0],"v":{"t":[0,0]}},{"k":[26,1,0,46,0],"v":{"t":[0,0]}},{"k":[27,0,0,46,0],"v":{"t":[0,10]}},{"k":[26,0,0,47,0],"v":{"t":[0,10]}},{"k":[31,0,0,42,0],"v":{"t":[0,10]}},{"k":[29,0,0,45,0],"v":{"t":[0,10]}},{"k":[30,0,0,44,0],"v":{"t":[1,10]}},{"k":[26,1,0,47,0],"v":{"t":[0,0]}},{"k":[27,1,0,46,0],"v":{"t":[0,0]}},{"k":[28,0,0,46,0],"v":{"t":[0,10]}},{"k":[27,0,0,47,0],"v":{"t":[0,10]}},{"k":[31,0,0,43,0],"v":{"t":[0,10]}},{"k":[30,0,0,45,0],"v":{"t":[0,10]}},{"k":[31,0,0,44,0],"v":{"t":[0,10]}},{"k":[27,1,0,47,0],"v":{"t":[0,0]}},{"k":[28,1,0,46,0],"v":{"t":[0,0]}},{"k":[29,0,0,46,0],"v":{"t":[0,10]}},{"k":[28,0,0,47,0],"v":{"t":[0,10]}},{"k":[31,0,0,45,0],"v":{"t":[0,10]}},{"k":[28,1,0,47,0],"v":{"t":[0,0]}},{"k":[29,1,0,46,0],"v":{"t":[0,0]}},{"k":[30,0,0,46,0],"v":{"t":[0,10]}},{"k":[29,0,0,47,0],"v":{"t":[0,10]}},{"k":[29,1,0,47,0],"v":{"t":[0,0]}},{"k":[30,1,0,46,0],"v":{"t":[0,0]}},{"k":[31,0,0,46,0],"v":{"t":[0,10]}},{"k":[30,0,0,47,0],"v":{"t":[0,10]}},{"k":[30,1,0,47,0],"v":{"t":[0,0]}},{"k":[31,1,0,46,0],"v":{"t":[0,0]}},{"k":[31,0,0,47,0],"v":{"t":[0,10]}},{"k":[31,1,0,47,0],"v":{"t":[0,0]}},{"k":[27,0,0,38,0],"v":{"t":[1,10]}},{"k":[26,0,0,39,0],"v":{"t":[0,10]}},{"k":[25,0,0,40,0],"v":{"t":[1,10]}},{"k":[24,0,0,41,0],"v":{"t":[1,10]}},{"k":[23,0,0,42,0],"v":{"t":[0,10]}},{"k":[20,0,0,45,0],"v":{"t":[1,10]}},{"k":[19,0,0,46,0],"v":{"t":[0,10]}},{"k":[31,1,0,33,0],"v":{"t":[0,0]}},{"k":[21,1,0,43,0],"v":{"t":[0,0]}},{"k":[27,1,0,37,0],"v":{"t":[0,0]}},{"k":[28,1,0,36,0],"v":{"t":[0,0]}},{"k":[18,1,0,46,0],"v":{"t":[0,0]}},{"k":[21,0,0,44,0],"v":{"t":[0,10]}},{"k":[22,0,0,43,0],"v":{"t":[0,10]}},{"k":[18,0,0,47,0],"v":{"t":[0,10]}},{"k":[28,0,0,37,0],"v":{"t":[0,10]}},{"k":[29,0,0,36,0],"v":{"t":[0,10]}},{"k":[30,0,0,35,0],"v":{"t":[0,10]}},{"k":[31,0,0,34,0],"v":{"t":[0,10]}},{"k":[28,0,0,38,0],"v":{"t":[1,10]}},{"k":[27,0,0,39,0],"v":{"t":[0,10]}},{"k":[26,0,0,40,0],"v":{"t":[1,10]}},{"k":[25,0,0,41,0],"v":{"t":[1,10]}},{"k":[24,0,0,42,0],"v":{"t":[1,10]}},{"k":[20,0,0,46,0],"v":{"t":[1,10]}},{"k":[19,0,0,47,0],"v":{"t":[0,10]}},{"k":[21,1,0,44,0],"v":{"t":[0,0]}},{"k":[22,1,0,43,0],"v":{"t":[0,0]}},{"k":[28,1,0,37,0],"v":{"t":[0,0]}},{"k":[29,1,0,36,0],"v":{"t":[0,0]}},{"k":[18,1,0,47,0],"v":{"t":[0,0]}},{"k":[21,0,0,45,0],"v":{"t":[0,10]}},{"k":[22,0,0,44,0],"v":{"t":[0,10]}},{"k":[23,0,0,43,0],"v":{"t":[0,10]}},{"k":[29,0,0,37,0],"v":{"t":[0,10]}},{"k":[30,0,0,36,0],"v":{"t":[0,10]}},{"k":[31,0,0,35,0],"v":{"t":[0,10]}},{"k":[29,0,0,38,0],"v":{"t":[1,10]}},{"k":[28,0,0,39,0],"v":{"t":[1,10]}},{"k":[27,0,0,40,0],"v":{"t":[0,10]}},{"k":[24,0,0,43,0],"v":{"t":[0,10]}},{"k":[25,0,0,42,0],"v":{"t":[0,10]}},{"k":[26,0,0,41,0],"v":{"t":[1,10]}},{"k":[20,0,0,47,0],"v":{"t":[1,10]}},{"k":[21,1,0,45,0],"v":{"t":[0,0]}},{"k":[23,1,0,43,0],"v":{"t":[0,0]}},{"k":[30,1,0,36,0],"v":{"t":[0,0]}},{"k":[29,1,0,37,0],"v":{"t":[0,0]}},{"k":[21,0,0,46,0],"v":{"t":[0,10]}},{"k":[22,0,0,45,0],"v":{"t":[0,10]}},{"k":[23,0,0,44,0],"v":{"t":[0,10]}},{"k":[30,0,0,37,0],"v":{"t":[0,10]}},{"k":[31,0,0,36,0],"v":{"t":[0,10]}},{"k":[29,0,0,39,0],"v":{"t":[0,10]}},{"k":[30,0,0,38,0],"v":{"t":[1,10]}},{"k":[28,0,0,40,0],"v":{"t":[1,10]}},{"k":[27,0,0,41,0],"v":{"t":[0,10]}},{"k":[25,0,0,43,0],"v":{"t":[1,10]}},{"k":[26,0,0,42,0],"v":{"t":[1,10]}},{"k":[24,0,0,44,0],"v":{"t":[0,10]}},{"k":[21,1,0,46,0],"v":{"t":[0,0]}},{"k":[23,1,0,44,0],"v":{"t":[0,0]}},{"k":[30,1,0,37,0],"v":{"t":[0,0]}},{"k":[31,1,0,36,0],"v":{"t":[0,0]}},{"k":[22,0,0,46,0],"v":{"t":[0,10]}},{"k":[23,0,0,45,0],"v":{"t":[0,10]}},{"k":[21,0,0,47,0],"v":{"t":[0,10]}},{"k":[31,0,0,37,0],"v":{"t":[0,10]}},{"k":[29,0,0,40,0],"v":{"t":[0,10]}},{"k":[30,0,0,39,0],"v":{"t":[1,10]}},{"k":[28,0,0,41,0],"v":{"t":[1,10]}},{"k":[26,0,0,43,0],"v":{"t":[1,10]}},{"k":[27,0,0,42,0],"v":{"t":[1,10]}},{"k":[25,0,0,44,0],"v":{"t":[1,10]}},{"k":[24,0,0,45,0],"v":{"t":[0,10]}},{"k":[21,1,0,47,0],"v":{"t":[0,0]}},{"k":[23,1,0,45,0],"v":{"t":[0,0]}},{"k":[31,1,0,37,0],"v":{"t":[0,0]}},{"k":[23,0,0,46,0],"v":{"t":[0,10]}},{"k":[22,0,0,47,0],"v":{"t":[0,10]}},{"k":[31,0,0,38,0],"v":{"t":[0,10]}},{"k":[29,0,0,41,0],"v":{"t":[0,10]}},{"k":[30,0,0,40,0],"v":{"t":[1,10]}},{"k":[28,0,0,42,0],"v":{"t":[1,10]}},{"k":[27,0,0,43,0],"v":{"t":[1,10]}},{"k":[26,0,0,44,0],"v":{"t":[1,10]}},{"k":[25,0,0,45,0],"v":{"t":[0,10]}},{"k":[22,1,0,47,0],"v":{"t":[0,0]}},{"k":[23,1,0,46,0],"v":{"t":[0,0]}},{"k":[24,0,0,46,0],"v":{"t":[0,10]}},{"k":[23,0,0,47,0],"v":{"t":[0,10]}},{"k":[31,0,0,39,0],"v":{"t":[0,10]}},{"k":[27,0,0,44,0],"v":{"t":[0,10]}},{"k":[29,0,0,42,0],"v":{"t":[0,10]}},{"k":[30,0,0,41,0],"v":{"t":[1,10]}},{"k":[28,0,0,43,0],"v":{"t":[1,10]}},{"k":[26,0,0,45,0],"v":{"t":[0,10]}},{"k":[23,1,0,47,0],"v":{"t":[0,0]}},{"k":[24,1,0,46,0],"v":{"t":[0,0]}},{"k":[25,0,0,46,0],"v":{"t":[0,10]}},{"k":[24,0,0,47,0],"v":{"t":[0,10]}},{"k":[31,0,0,40,0],"v":{"t":[0,10]}},{"k":[28,0,0,44,0],"v":{"t":[1,10]}},{"k":[29,0,0,43,0],"v":{"t":[0,10]}},{"k":[30,0,0,42,0],"v":{"t":[1,10]}},{"k":[27,0,0,45,0],"v":{"t":[1,10]}},{"k":[24,1,0,47,0],"v":{"t":[0,0]}},{"k":[25,1,0,46,0],"v":{"t":[0,0]}},{"k":[26,0,0,46,0],"v":{"t":[0,10]}},{"k":[25,0,0,47,0],"v":{"t":[0,10]}},{"k":[31,0,0,41,0],"v":{"t":[0,10]}},{"k":[18,1,0,38,0],"v":{"t":[0,0]}},{"k":[20,1,0,36,0],"v":{"t":[0,0]}},{"k":[23,1,0,33,0],"v":{"t":[0,0]}},{"k":[16,0,0,41,0],"v":{"t":[0,10]}},{"k":[17,0,0,40,0],"v":{"t":[0,10]}},{"k":[18,0,0,39,0],"v":{"t":[0,10]}},{"k":[19,0,0,38,0],"v":{"t":[0,10]}},{"k":[20,0,0,37,0],"v":{"t":[0,10]}},{"k":[21,0,0,36,0],"v":{"t":[0,10]}},{"k":[22,0,0,35,0],"v":{"t":[0,10]}},{"k":[23,0,0,34,0],"v":{"t":[0,10]}},{"k":[24,0,0,33,0],"v":{"t":[0,10]}},{"k":[25,0,0,32,0],"v":{"t":[0,10]}},{"k":[19,1,0,38,0],"v":{"t":[0,0]}},{"k":[20,1,0,37,0],"v":{"t":[0,0]}},{"k":[18,1,0,39,0],"v":{"t":[0,0]}},{"k":[16,0,0,42,0],"v":{"t":[0,10]}},{"k":[17,0,0,41,0],"v":{"t":[0,10]}},{"k":[18,0,0,40,0],"v":{"t":[0,10]}},{"k":[19,0,0,39,0],"v":{"t":[0,10]}},{"k":[20,0,0,38,0],"v":{"t":[0,10]}},{"k":[21,0,0,37,0],"v":{"t":[0,10]}},{"k":[22,0,0,36,0],"v":{"t":[0,10]}},{"k":[23,0,0,35,0],"v":{"t":[0,10]}},{"k":[24,0,0,34,0],"v":{"t":[0,10]}},{"k":[25,0,0,33,0],"v":{"t":[0,10]}},{"k":[26,0,0,32,0],"v":{"t":[0,10]}},{"k":[20,1,0,38,0],"v":{"t":[0,0]}},{"k":[19,1,0,39,0],"v":{"t":[0,0]}},{"k":[18,1,0,40,0],"v":{"t":[0,0]}},{"k":[16,0,0,43,0],"v":{"t":[0,10]}},{"k":[17,0,0,42,0],"v":{"t":[0,10]}},{"k":[18,0,0,41,0],"v":{"t":[0,10]}},{"k":[19,0,0,40,0],"v":{"t":[0,10]}},{"k":[20,0,0,39,0],"v":{"t":[0,10]}},{"k":[21,0,0,38,0],"v":{"t":[0,10]}},{"k":[22,0,0,37,0],"v":{"t":[0,10]}},{"k":[23,0,0,36,0],"v":{"t":[0,10]}},{"k":[24,0,0,35,0],"v":{"t":[0,10]}},{"k":[25,0,0,34,0],"v":{"t":[0,10]}},{"k":[26,0,0,33,0],"v":{"t":[0,10]}},{"k":[27,0,0,32,0],"v":{"t":[0,10]}},{"k":[19,0,0,41,0],"v":{"t":[0,10]}},{"k":[19,1,0,40,0],"v":{"t":[0,0]}},{"k":[18,1,0,41,0],"v":{"t":[0,0]}},{"k":[16,0,0,44,0],"v":{"t":[0,10]}},{"k":[17,0,0,43,0],"v":{"t":[0,10]}},{"k":[18,0,0,42,0],"v":{"t":[0,10]}},{"k":[20,0,0,40,0],"v":{"t":[0,10]}},{"k":[21,0,0,39,0],"v":{"t":[0,10]}},{"k":[22,0,0,38,0],"v":{"t":[0,10]}},{"k":[23,0,0,37,0],"v":{"t":[0,10]}},{"k":[24,0,0,36,0],"v":{"t":[0,10]}},{"k":[25,0,0,35,0],"v":{"t":[0,10]}},{"k":[26,0,0,34,0],"v":{"t":[0,10]}},{"k":[27,0,0,33,0],"v":{"t":[0,10]}},{"k":[28,0,0,32,0],"v":{"t":[0,10]}},{"k":[29,0,0,32,0],"v":{"t":[0,10]}},{"k":[20,0,0,41,0],"v":{"t":[1,10]}},{"k":[19,0,0,42,0],"v":{"t":[0,10]}},{"k":[28,1,0,32,0],"v":{"t":[0,0]}},{"k":[23,1,0,37,0],"v":{"t":[0,0]}},{"k":[20,1,0,40,0],"v":{"t":[0,0]}},{"k":[18,1,0,42,0],"v":{"t":[0,0]}},{"k":[16,0,0,45,0],"v":{"t":[0,10]}},{"k":[17,0,0,44,0],"v":{"t":[0,10]}},{"k":[18,0,0,43,0],"v":{"t":[0,10]}},{"k":[21,0,0,40,0],"v":{"t":[0,10]}},{"k":[22,0,0,39,0],"v":{"t":[0,10]}},{"k":[23,0,0,38,0],"v":{"t":[0,10]}},{"k":[24,0,0,37,0],"v":{"t":[0,10]}},{"k":[25,0,0,36,0],"v":{"t":[0,10]}},{"k":[26,0,0,35,0],"v":{"t":[0,10]}},{"k":[27,0,0,34,0],"v":{"t":[0,10]}},{"k":[28,0,0,33,0],"v":{"t":[0,10]}},{"k":[30,0,0,32,0],"v":{"t":[0,10]}},{"k":[24,0,0,38,0],"v":{"t":[0,10]}},{"k":[21,0,0,41,0],"v":{"t":[1,10]}},{"k":[20,0,0,42,0],"v":{"t":[1,10]}},{"k":[19,0,0,43,0],"v":{"t":[0,10]}},{"k":[28,1,0,33,0],"v":{"t":[0,0]}},{"k":[23,1,0,38,0],"v":{"t":[0,0]}},{"k":[24,1,0,37,0],"v":{"t":[0,0]}},{"k":[21,1,0,40,0],"v":{"t":[0,0]}},{"k":[18,1,0,43,0],"v":{"t":[0,0]}},{"k":[16,0,0,46,0],"v":{"t":[0,10]}},{"k":[17,0,0,45,0],"v":{"t":[0,10]}},{"k":[18,0,0,44,0],"v":{"t":[0,10]}},{"k":[22,0,0,40,0],"v":{"t":[0,10]}},{"k":[23,0,0,39,0],"v":{"t":[0,10]}},{"k":[25,0,0,37,0],"v":{"t":[0,10]}},{"k":[26,0,0,36,0],"v":{"t":[0,10]}},{"k":[27,0,0,35,0],"v":{"t":[0,10]}},{"k":[28,0,0,34,0],"v":{"t":[0,10]}},{"k":[29,0,0,33,0],"v":{"t":[0,10]}},{"k":[31,0,0,32,0],"v":{"t":[0,10]}},{"k":[24,0,0,39,0],"v":{"t":[0,10]}},{"k":[25,0,0,38,0],"v":{"t":[1,10]}},{"k":[22,0,0,41,0],"v":{"t":[1,10]}},{"k":[21,0,0,42,0],"v":{"t":[0,10]}},{"k":[20,0,0,43,0],"v":{"t":[1,10]}},{"k":[19,0,0,44,0],"v":{"t":[0,10]}},{"k":[29,1,0,33,0],"v":{"t":[0,0]}},{"k":[23,1,0,39,0],"v":{"t":[0,0]}},{"k":[25,1,0,37,0],"v":{"t":[0,0]}},{"k":[22,1,0,40,0],"v":{"t":[0,0]}},{"k":[18,1,0,44,0],"v":{"t":[0,0]}},{"k":[16,0,0,47,0],"v":{"t":[0,10]}},{"k":[17,0,0,46,0],"v":{"t":[0,10]}},{"k":[18,0,0,45,0],"v":{"t":[0,10]}},{"k":[23,0,0,40,0],"v":{"t":[0,10]}},{"k":[26,0,0,37,0],"v":{"t":[0,10]}},{"k":[27,0,0,36,0],"v":{"t":[0,10]}},{"k":[28,0,0,35,0],"v":{"t":[0,10]}},{"k":[29,0,0,34,0],"v":{"t":[0,10]}},{"k":[30,0,0,33,0],"v":{"t":[0,10]}},{"k":[26,0,0,38,0],"v":{"t":[1,10]}},{"k":[25,0,0,39,0],"v":{"t":[0,10]}},{"k":[24,0,0,40,0],"v":{"t":[0,10]}},{"k":[23,0,0,41,0],"v":{"t":[1,10]}},{"k":[22,0,0,42,0],"v":{"t":[0,10]}},{"k":[20,0,0,44,0],"v":{"t":[1,10]}},{"k":[19,0,0,45,0],"v":{"t":[0,10]}},{"k":[30,1,0,33,0],"v":{"t":[0,0]}},{"k":[23,1,0,40,0],"v":{"t":[0,0]}},{"k":[26,1,0,37,0],"v":{"t":[0,0]}},{"k":[18,1,0,45,0],"v":{"t":[0,0]}},{"k":[21,0,0,43,0],"v":{"t":[0,10]}},{"k":[17,0,0,47,0],"v":{"t":[0,10]}},{"k":[18,0,0,46,0],"v":{"t":[0,10]}},{"k":[27,0,0,37,0],"v":{"t":[0,10]}},{"k":[28,0,0,36,0],"v":{"t":[0,10]}},{"k":[29,0,0,35,0],"v":{"t":[0,10]}},{"k":[30,0,0,34,0],"v":{"t":[0,10]}},{"k":[31,0,0,33,0],"v":{"t":[0,10]}},{"k":[16,1,0,32,0],"v":{"t":[0,0]}},{"k":[16,0,0,33,0],"v":{"t":[0,10]}},{"k":[17,0,0,32,0],"v":{"t":[0,10]}},{"k":[18,0,0,32,0],"v":{"t":[0,10]}},{"k":[17,1,0,32,0],"v":{"t":[0,0]}},{"k":[16,0,0,34,0],"v":{"t":[0,10]}},{"k":[17,0,0,33,0],"v":{"t":[0,10]}},{"k":[19,0,0,32,0],"v":{"t":[1,10]}},{"k":[18,0,0,33,0],"v":{"t":[0,10]}},{"k":[17,1,0,33,0],"v":{"t":[0,0]}},{"k":[16,0,0,35,0],"v":{"t":[0,10]}},{"k":[17,0,0,34,0],"v":{"t":[0,10]}},{"k":[19,0,0,33,0],"v":{"t":[1,10]}},{"k":[18,0,0,34,0],"v":{"t":[0,10]}},{"k":[17,1,0,34,0],"v":{"t":[0,0]}},{"k":[16,0,0,36,0],"v":{"t":[0,10]}},{"k":[17,0,0,35,0],"v":{"t":[0,10]}},{"k":[20,0,0,32,0],"v":{"t":[0,10]}},{"k":[19,0,0,34,0],"v":{"t":[1,10]}},{"k":[18,0,0,35,0],"v":{"t":[0,10]}},{"k":[17,1,0,35,0],"v":{"t":[0,0]}},{"k":[20,1,0,32,0],"v":{"t":[0,0]}},{"k":[16,0,0,37,0],"v":{"t":[0,10]}},{"k":[17,0,0,36,0],"v":{"t":[0,10]}},{"k":[20,0,0,33,0],"v":{"t":[0,10]}},{"k":[21,0,0,32,0],"v":{"t":[0,10]}},{"k":[19,0,0,35,0],"v":{"t":[1,10]}},{"k":[18,0,0,36,0],"v":{"t":[0,10]}},{"k":[17,1,0,36,0],"v":{"t":[0,0]}},{"k":[20,1,0,33,0],"v":{"t":[0,0]}},{"k":[21,1,0,32,0],"v":{"t":[0,0]}},{"k":[16,0,0,38,0],"v":{"t":[0,10]}},{"k":[17,0,0,37,0],"v":{"t":[0,10]}},{"k":[20,0,0,34,0],"v":{"t":[0,10]}},{"k":[21,0,0,33,0],"v":{"t":[0,10]}},{"k":[22,0,0,32,0],"v":{"t":[0,10]}},{"k":[19,0,0,36,0],"v":{"t":[1,10]}},{"k":[18,0,0,37,0],"v":{"t":[0,10]}},{"k":[17,1,0,37,0],"v":{"t":[0,0]}},{"k":[21,1,0,33,0],"v":{"t":[0,0]}},{"k":[20,1,0,34,0],"v":{"t":[0,0]}},{"k":[16,0,0,39,0],"v":{"t":[0,10]}},{"k":[17,0,0,38,0],"v":{"t":[0,10]}},{"k":[20,0,0,35,0],"v":{"t":[0,10]}},{"k":[21,0,0,34,0],"v":{"t":[0,10]}},{"k":[22,0,0,33,0],"v":{"t":[0,10]}},{"k":[23,0,0,32,0],"v":{"t":[0,10]}},{"k":[19,0,0,37,0],"v":{"t":[1,10]}},{"k":[17,1,0,38,0],"v":{"t":[0,0]}},{"k":[20,1,0,35,0],"v":{"t":[0,0]}},{"k":[21,1,0,34,0],"v":{"t":[0,0]}},{"k":[23,1,0,32,0],"v":{"t":[0,0]}},{"k":[22,1,0,33,0],"v":{"t":[0,0]}},{"k":[16,0,0,40,0],"v":{"t":[0,10]}},{"k":[17,0,0,39,0],"v":{"t":[0,10]}},{"k":[18,0,0,38,0],"v":{"t":[0,10]}},{"k":[20,0,0,36,0],"v":{"t":[0,10]}},{"k":[21,0,0,35,0],"v":{"t":[0,10]}},{"k":[22,0,0,34,0],"v":{"t":[0,10]}},{"k":[23,0,0,33,0],"v":{"t":[0,10]}},{"k":[24,0,0,32,0],"v":{"t":[0,10]}},{"k":[16,0,0,32,0],"v":{"t":[0,10]}}]},"moun":{"a":[{"k":[26,0,0,47,0],"v":{"l":true,"r":true,"sid":18,"t":true}},{"k":[27,0,0,46,0],"v":{"b":true,"l":true,"r":true,"sid":18}},{"k":[27,0,0,47,0],"v":{"l":true,"r":true,"sid":18,"t":true}},{"k":[28,0,0,46,0],"v":{"b":true,"l":true,"r":true,"sid":18}},{"k":[28,0,0,47,0],"v":{"l":true,"r":true,"sid":18,"t":true}},{"k":[29,0,0,46,0],"v":{"b":true,"l":true,"r":true,"sid":18}},{"k":[29,0,0,47,0],"v":{"l":true,"r":true,"sid":18,"t":true}},{"k":[30,0,0,46,0],"v":{"b":true,"l":true,"r":true,"sid":18}},{"k":[30,0,0,47,0],"v":{"l":true,"r":true,"sid":18,"t":true}},{"k":[31,0,0,46,0],"v":{"b":true,"l":true,"r":true,"sid":18}},{"k":[31,0,0,47,0],"v":{"l":true,"r":true,"sid":18,"t":true}},{"k":[21,0,0,44,0],"v":{"b":true,"sid":18,"t":true}},{"k":[22,0,0,43,0],"v":{"l":true,"r":true,"sid":18}},{"k":[28,0,0,37,0],"v":{"l":true,"r":true,"sid":18,"t":true}},{"k":[29,0,0,36,0],"v":{"b":true,"l":true,"r":true,"sid":18}},{"k":[18,0,0,47,0],"v":{"b":true,"sid":18,"t":true}},{"k":[21,0,0,45,0],"v":{"b":true,"sid":18,"t":true}},{"k":[23,0,0,43,0],"v":{"b":true,"l":true,"sid":18}},{"k":[30,0,0,36,0],"v":{"b":true,"l":true,"r":true,"sid":18}},{"k":[29,0,0,37,0],"v":{"l":true,"r":true,"sid":18,"t":true}},{"k":[21,0,0,46,0],"v":{"b":true,"sid":18,"t":true}},{"k":[23,0,0,44,0],"v":{"b":true,"sid":18,"t":true}},{"k":[30,0,0,37,0],"v":{"l":true,"r":true,"sid":18,"t":true}},{"k":[31,0,0,36,0],"v":{"b":true,"l":true,"r":true,"sid":18}},{"k":[21,0,0,47,0],"v":{"r":true,"sid":18,"t":true}},{"k":[23,0,0,45,0],"v":{"b":true,"sid":18,"t":true}},{"k":[31,0,0,37,0],"v":{"l":true,"r":true,"sid":18,"t":true}},{"k":[22,0,0,47,0],"v":{"l":true,"r":true,"sid":18}},{"k":[23,0,0,46,0],"v":{"b":true,"r":true,"sid":18,"t":true}},{"k":[23,0,0,47,0],"v":{"l":true,"r":true,"sid":18,"t":true}},{"k":[24,0,0,46,0],"v":{"b":true,"l":true,"r":true,"sid":18}},{"k":[24,0,0,47,0],"v":{"l":true,"r":true,"sid":18,"t":true}},{"k":[25,0,0,46,0],"v":{"b":true,"l":true,"r":true,"sid":18}},{"k":[25,0,0,47,0],"v":{"l":true,"r":true,"sid":18,"t":true}},{"k":[26,0,0,46,0],"v":{"b":true,"l":true,"r":true,"sid":18}},{"k":[19,0,0,38,0],"v":{"b":true,"l":true,"r":true,"sid":18}},{"k":[20,0,0,37,0],"v":{"b":true,"sid":18,"t":true}},{"k":[18,0,0,39,0],"v":{"b":true,"r":true,"sid":18,"t":true}},{"k":[20,0,0,38,0],"v":{"l":true,"sid":18,"t":true}},{"k":[19,0,0,39,0],"v":{"b":true,"l":true,"sid":18,"t":true}},{"k":[18,0,0,40,0],"v":{"b":true,"r":true,"sid":18,"t":true}},{"k":[19,0,0,40,0],"v":{"l":true,"r":true,"sid":18,"t":true}},{"k":[18,0,0,41,0],"v":{"b":true,"sid":18,"t":true}},{"k":[28,0,0,32,0],"v":{"b":true,"sid":18,"t":true}},{"k":[23,0,0,37,0],"v":{"b":true,"r":true,"sid":18}},{"k":[20,0,0,40,0],"v":{"l":true,"r":true,"sid":18}},{"k":[18,0,0,42,0],"v":{"b":true,"sid":18,"t":true}},{"k":[28,0,0,33,0],"v":{"r":true,"sid":18,"t":true}},{"k":[23,0,0,38,0],"v":{"b":true,"sid":18,"t":true}},{"k":[24,0,0,37,0],"v":{"l":true,"r":true,"sid":18}},{"k":[21,0,0,40,0],"v":{"l":true,"r":true,"sid":18}},{"k":[18,0,0,43,0],"v":{"b":true,"sid":18,"t":true}},{"k":[29,0,0,33,0],"v":{"l":true,"r":true,"sid":18}},{"k":[23,0,0,39,0],"v":{"b":true,"sid":18,"t":true}},{"k":[25,0,0,37,0],"v":{"l":true,"r":true,"sid":18}},{"k":[22,0,0,40,0],"v":{"l":true,"r":true,"sid":18}},{"k":[18,0,0,44,0],"v":{"b":true,"sid":18,"t":true}},{"k":[30,0,0,33,0],"v":{"l":true,"r":true,"sid":18}},{"k":[23,0,0,40,0],"v":{"l":true,"sid":18,"t":true}},{"k":[26,0,0,37,0],"v":{"l":true,"r":true,"sid":18}},{"k":[18,0,0,45,0],"v":{"b":true,"sid":18,"t":true}},{"k":[31,0,0,33,0],"v":{"l":true,"r":true,"sid":18}},{"k":[21,0,0,43,0],"v":{"b":true,"r":true,"sid":18}},{"k":[27,0,0,37,0],"v":{"l":true,"r":true,"sid":18}},{"k":[28,0,0,36,0],"v":{"b":true,"r":true,"sid":18}},{"k":[18,0,0,46,0],"v":{"b":true,"sid":18,"t":true}},{"k":[17,0,0,32,0],"v":{"b":true,"l":true,"sid":18}},{"k":[17,0,0,33,0],"v":{"b":true,"sid":18,"t":true}},{"k":[17,0,0,34,0],"v":{"b":true,"sid":18,"t":true}},{"k":[17,0,0,35,0],"v":{"b":true,"sid":18,"t":true}},{"k":[20,0,0,32,0],"v":{"b":true,"r":true,"sid":18}},{"k":[17,0,0,36,0],"v":{"b":true,"sid":18,"t":true}},{"k":[20,0,0,33,0],"v":{"b":true,"r":true,"sid":18,"t":true}},{"k":[21,0,0,32,0],"v":{"b":true,"l":true,"sid":18}},{"k":[17,0,0,37,0],"v":{"b":true,"sid":18,"t":true}},{"k":[21,0,0,33,0],"v":{"b":true,"l":true,"r":true,"sid":18,"t":true}},{"k":[20,0,0,34,0],"v":{"b":true,"r":true,"sid":18,"t":true}},{"k":[17,0,0,38,0],"v":{"r":true,"sid":18,"t":true}},{"k":[20,0,0,35,0],"v":{"b":true,"sid":18,"t":true}},{"k":[21,0,0,34,0],"v":{"l":true,"sid":18,"t":true}},{"k":[23,0,0,32,0],"v":{"b":true,"sid":18,"t":true}},{"k":[22,0,0,33,0],"v":{"l":true,"r":true,"sid":18}},{"k":[18,0,0,38,0],"v":{"b":true,"l":true,"r":true,"sid":18}},{"k":[20,0,0,36,0],"v":{"b":true,"sid":18,"t":true}},{"k":[23,0,0,33,0],"v":{"l":true,"sid":18,"t":true}},{"k":[16,0,0,32,0],"v":{"l":true,"r":true,"sid":18}}],"o":[]},"objs":{"list":[]},"objs3d":{"a":[],"o":[]},"sprites":{"list":[],"overflow":[],"walls":[]}}