{"lands":{"autotiles":[],"floors":[{"k":[16,0,0,48,0],"v":{"t":[0,10]}},{"k":[18,0,0,48,0],"v":{"t":[0,10]}},{"k":[17,0,0,49,0],"v":{"t":[0,10]}},{"k":[17,0,0,48,0],"v":{"t":[0,10]}},{"k":[16,0,0,49,0],"v":{"t":[0,10]}},{"k":[20,0,0,48,0],"v":{"t":[1,10]}},{"k":[19,0,0,49,0],"v":{"t":[0,10]}},{"k":[18,1,0,49,0],"v":{"t":[0,0]}},{"k":[19,0,0,48,0],"v":{"t":[0,10]}},{"k":[18,1,0,48,0],"v":{"t":[0,0]}},{"k":[18,0,0,49,0],"v":{"t":[0,10]}},{"k":[21,0,0,49,0],"v":{"t":[0,10]}},{"k":[22,0,0,48,0],"v":{"t":[0,10]}},{"k":[20,0,0,49,0],"v":{"t":[0,10]}},{"k":[21,0,0,48,0],"v":{"t":[0,10]}},{"k":[23,0,0,49,0],"v":{"t":[0,10]}},{"k":[24,0,0,48,0],"v":{"t":[0,10]}},{"k":[22,0,0,49,0],"v":{"t":[0,10]}},{"k":[23,0,0,48,0],"v":{"t":[0,10]}},{"k":[25,0,0,49,0],"v":{"t":[0,10]}},{"k":[26,0,0,48,0],"v":{"t":[0,10]}},{"k":[24,0,0,49,0],"v":{"t":[0,10]}},{"k":[25,0,0,48,0],"v":{"t":[0,10]}},{"k":[27,0,0,49,0],"v":{"t":[1,10]}},{"k":[28,0,0,48,0],"v":{"t":[0,10]}},{"k":[26,0,0,49,0],"v":{"t":[0,10]}},{"k":[27,0,0,48,0],"v":{"t":[0,10]}},{"k":[30,0,0,48,0],"v":{"t":[1,10]}},{"k":[29,0,0,49,0],"v":{"t":[0,10]}},{"k":[29,0,0,48,0],"v":{"t":[0,10]}},{"k":[28,0,0,49,0],"v":{"t":[0,10]}},{"k":[31,0,0,49,0],"v":{"t":[0,10]}},{"k":[30,0,0,49,0],"v":{"t":[0,10]}},{"k":[31,0,0,48,0],"v":{"t":[0,10]}}]},"moun":{"a":[{"k":[18,0,0,48,0],"v":{"b":true,"sid":18,"t":true}},{"k":[18,0,0,49,0],"v":{"sid":18,"t":true}}],"o":[]},"objs":{"list":[]},"objs3d":{"a":[],"o":[]},"sprites":{"list":[],"overflow":[],"walls":[]}}