{"lands":{"autotiles":[],"floors":[{"k":[26,0,0,15,0],"v":{"t":[1,10]}},{"k":[27,0,0,14,0],"v":{"t":[1,10]}},{"k":[28,1,0,12,0],"v":{"t":[0,0]}},{"k":[31,1,0,9,0],"v":{"t":[0,0]}},{"k":[28,0,0,13,0],"v":{"t":[0,10]}},{"k":[29,0,0,12,0],"v":{"t":[0,10]}},{"k":[30,0,0,11,0],"v":{"t":[0,10]}},{"k":[31,0,0,10,0],"v":{"t":[0,10]}},{"k":[27,0,0,15,0],"v":{"t":[1,10]}},{"k":[28,1,0,13,0],"v":{"t":[0,0]}},{"k":[31,1,0,10,0],"v":{"t":[0,0]}},{"k":[28,0,0,14,0],"v":{"t":[0,10]}},{"k":[29,0,0,13,0],"v":{"t":[0,10]}},{"k":[30,0,0,12,0],"v":{"t":[0,10]}},{"k":[31,0,0,11,0],"v":{"t":[0,10]}},{"k":[28,1,0,14,0],"v":{"t":[0,0]}},{"k":[31,1,0,11,0],"v":{"t":[0,0]}},{"k":[28,0,0,15,0],"v":{"t":[0,10]}},{"k":[29,0,0,14,0],"v":{"t":[0,10]}},{"k":[30,0,0,13,0],"v":{"t":[0,10]}},{"k":[31,0,0,12,0],"v":{"t":[0,10]}},{"k":[28,1,0,15,0],"v":{"t":[0,0]}},{"k":[31,1,0,12,0],"v":{"t":[0,0]}},{"k":[29,0,0,15,0],"v":{"t":[0,10]}},{"k":[30,0,0,14,0],"v":{"t":[0,10]}},{"k":[31,0,0,13,0],"v":{"t":[0,10]}},{"k":[31,1,0,13,0],"v":{"t":[0,0]}},{"k":[30,0,0,15,0],"v":{"t":[0,10]}},{"k":[31,0,0,14,0],"v":{"t":[0,10]}},{"k":[31,1,0,14,0],"v":{"t":[0,0]}},{"k":[31,0,0,15,0],"v":{"t":[0,10]}},{"k":[31,1,0,15,0],"v":{"t":[0,0]}},{"k":[18,1,0,14,0],"v":{"t":[0,0]}},{"k":[25,0,0,8,0],"v":{"t":[0,10]}},{"k":[27,0,0,6,0],"v":{"t":[1,10]}},{"k":[26,0,0,7,0],"v":{"t":[1,10]}},{"k":[28,0,0,5,0],"v":{"t":[0,10]}},{"k":[24,1,0,8,0],"v":{"t":[0,0]}},{"k":[28,1,0,4,0],"v":{"t":[0,0]}},{"k":[29,1,0,3,0],"v":{"t":[0,0]}},{"k":[23,0,0,10,0],"v":{"t":[0,10]}},{"k":[22,0,0,11,0],"v":{"t":[0,10]}},{"k":[21,0,0,12,0],"v":{"t":[0,10]}},{"k":[20,0,0,13,0],"v":{"t":[0,10]}},{"k":[19,0,0,14,0],"v":{"t":[0,10]}},{"k":[18,0,0,15,0],"v":{"t":[0,10]}},{"k":[24,0,0,9,0],"v":{"t":[0,10]}},{"k":[29,0,0,4,0],"v":{"t":[0,10]}},{"k":[30,0,0,3,0],"v":{"t":[0,10]}},{"k":[31,0,0,2,0],"v":{"t":[0,10]}},{"k":[18,1,0,15,0],"v":{"t":[0,0]}},{"k":[25,0,0,9,0],"v":{"t":[0,10]}},{"k":[26,0,0,8,0],"v":{"t":[0,10]}},{"k":[27,0,0,7,0],"v":{"t":[1,10]}},{"k":[29,0,0,5,0],"v":{"t":[0,10]}},{"k":[28,0,0,6,0],"v":{"t":[0,10]}},{"k":[24,1,0,9,0],"v":{"t":[0,0]}},{"k":[20,1,0,13,0],"v":{"t":[0,0]}},{"k":[29,1,0,4,0],"v":{"t":[0,0]}},{"k":[24,0,0,10,0],"v":{"t":[0,10]}},{"k":[23,0,0,11,0],"v":{"t":[0,10]}},{"k":[22,0,0,12,0],"v":{"t":[0,10]}},{"k":[21,0,0,13,0],"v":{"t":[0,10]}},{"k":[20,0,0,14,0],"v":{"t":[0,10]}},{"k":[19,0,0,15,0],"v":{"t":[0,10]}},{"k":[30,0,0,4,0],"v":{"t":[0,10]}},{"k":[31,0,0,3,0],"v":{"t":[0,10]}},{"k":[25,0,0,10,0],"v":{"t":[0,10]}},{"k":[26,0,0,9,0],"v":{"t":[0,10]}},{"k":[27,0,0,8,0],"v":{"t":[1,10]}},{"k":[30,0,0,5,0],"v":{"t":[0,10]}},{"k":[29,0,0,6,0],"v":{"t":[0,10]}},{"k":[20,1,0,14,0],"v":{"t":[0,0]}},{"k":[24,1,0,10,0],"v":{"t":[0,0]}},{"k":[21,1,0,13,0],"v":{"t":[0,0]}},{"k":[30,1,0,4,0],"v":{"t":[0,0]}},{"k":[24,0,0,11,0],"v":{"t":[0,10]}},{"k":[23,0,0,12,0],"v":{"t":[0,10]}},{"k":[22,0,0,13,0],"v":{"t":[0,10]}},{"k":[21,0,0,14,0],"v":{"t":[0,10]}},{"k":[20,0,0,15,0],"v":{"t":[0,10]}},{"k":[31,0,0,4,0],"v":{"t":[0,10]}},{"k":[28,0,0,7,0],"v":{"t":[0,10]}},{"k":[25,0,0,11,0],"v":{"t":[0,10]}},{"k":[26,0,0,10,0],"v":{"t":[1,10]}},{"k":[27,0,0,9,0],"v":{"t":[1,10]}},{"k":[31,0,0,5,0],"v":{"t":[0,10]}},{"k":[30,0,0,6,0],"v":{"t":[0,10]}},{"k":[28,1,0,7,0],"v":{"t":[0,0]}},{"k":[20,1,0,15,0],"v":{"t":[0,0]}},{"k":[24,1,0,11,0],"v":{"t":[0,0]}},{"k":[22,1,0,13,0],"v":{"t":[0,0]}},{"k":[31,1,0,4,0],"v":{"t":[0,0]}},{"k":[24,0,0,12,0],"v":{"t":[0,10]}},{"k":[23,0,0,13,0],"v":{"t":[0,10]}},{"k":[22,0,0,14,0],"v":{"t":[0,10]}},{"k":[21,0,0,15,0],"v":{"t":[0,10]}},{"k":[28,0,0,8,0],"v":{"t":[0,10]}},{"k":[29,0,0,7,0],"v":{"t":[0,10]}},{"k":[23,0,0,14,0],"v":{"t":[0,10]}},{"k":[25,0,0,12,0],"v":{"t":[0,10]}},{"k":[26,0,0,11,0],"v":{"t":[0,10]}},{"k":[27,0,0,10,0],"v":{"t":[1,10]}},{"k":[31,0,0,6,0],"v":{"t":[0,10]}},{"k":[28,1,0,8,0],"v":{"t":[0,0]}},{"k":[29,1,0,7,0],"v":{"t":[0,0]}},{"k":[24,1,0,12,0],"v":{"t":[0,0]}},{"k":[23,1,0,13,0],"v":{"t":[0,0]}},{"k":[24,0,0,13,0],"v":{"t":[0,10]}},{"k":[22,0,0,15,0],"v":{"t":[0,10]}},{"k":[28,0,0,9,0],"v":{"t":[0,10]}},{"k":[29,0,0,8,0],"v":{"t":[0,10]}},{"k":[30,0,0,7,0],"v":{"t":[0,10]}},{"k":[21,0,0,14,3],"v":{"t":[0,10]}},{"k":[24,0,0,14,0],"v":{"t":[1,10]}},{"k":[23,0,0,15,0],"v":{"t":[0,10]}},{"k":[25,0,0,13,0],"v":{"t":[0,10]}},{"k":[26,0,0,12,0],"v":{"t":[0,10]}},{"k":[27,0,0,11,0],"v":{"t":[1,10]}},{"k":[28,1,0,9,0],"v":{"t":[0,0]}},{"k":[30,1,0,7,0],"v":{"t":[0,0]}},{"k":[24,1,0,13,0],"v":{"t":[0,0]}},{"k":[28,0,0,10,0],"v":{"t":[0,10]}},{"k":[29,0,0,9,0],"v":{"t":[0,10]}},{"k":[30,0,0,8,0],"v":{"t":[0,10]}},{"k":[31,0,0,7,0],"v":{"t":[0,10]}},{"k":[21,0,0,15,3],"v":{"t":[0,10]}},{"k":[22,0,0,14,3],"v":{"t":[1,10]}},{"k":[24,0,0,15,0],"v":{"t":[0,10]}},{"k":[25,0,0,14,0],"v":{"t":[0,10]}},{"k":[26,0,0,13,0],"v":{"t":[1,10]}},{"k":[27,0,0,12,0],"v":{"t":[1,10]}},{"k":[28,1,0,10,0],"v":{"t":[0,0]}},{"k":[31,1,0,7,0],"v":{"t":[0,0]}},{"k":[28,0,0,11,0],"v":{"t":[0,10]}},{"k":[29,0,0,10,0],"v":{"t":[0,10]}},{"k":[30,0,0,9,0],"v":{"t":[0,10]}},{"k":[31,0,0,8,0],"v":{"t":[0,10]}},{"k":[22,0,0,15,3],"v":{"t":[1,10]}},{"k":[25,0,0,15,0],"v":{"t":[0,10]}},{"k":[26,0,0,14,0],"v":{"t":[0,10]}},{"k":[27,0,0,13,0],"v":{"t":[1,10]}},{"k":[28,1,0,11,0],"v":{"t":[0,0]}},{"k":[28,0,0,12,0],"v":{"t":[0,10]}},{"k":[29,0,0,11,0],"v":{"t":[0,10]}},{"k":[30,0,0,10,0],"v":{"t":[0,10]}},{"k":[31,0,0,9,0],"v":{"t":[0,10]}},{"k":[18,1,0,6,0],"v":{"t":[0,0]}},{"k":[16,0,0,9,0],"v":{"t":[0,10]}},{"k":[17,0,0,8,0],"v":{"t":[0,10]}},{"k":[18,0,0,7,0],"v":{"t":[0,10]}},{"k":[19,0,0,6,0],"v":{"t":[0,10]}},{"k":[20,0,0,5,0],"v":{"t":[0,10]}},{"k":[21,0,0,4,0],"v":{"t":[0,10]}},{"k":[22,0,0,3,0],"v":{"t":[0,10]}},{"k":[23,0,0,2,0],"v":{"t":[0,10]}},{"k":[24,0,0,1,0],"v":{"t":[0,10]}},{"k":[25,0,0,0,0],"v":{"t":[0,10]}},{"k":[18,1,0,7,0],"v":{"t":[0,0]}},{"k":[16,0,0,10,0],"v":{"t":[0,10]}},{"k":[17,0,0,9,0],"v":{"t":[0,10]}},{"k":[18,0,0,8,0],"v":{"t":[0,10]}},{"k":[19,0,0,7,0],"v":{"t":[0,10]}},{"k":[20,0,0,6,0],"v":{"t":[0,10]}},{"k":[21,0,0,5,0],"v":{"t":[0,10]}},{"k":[22,0,0,4,0],"v":{"t":[0,10]}},{"k":[23,0,0,3,0],"v":{"t":[0,10]}},{"k":[24,0,0,2,0],"v":{"t":[0,10]}},{"k":[25,0,0,1,0],"v":{"t":[0,10]}},{"k":[26,0,0,0,0],"v":{"t":[0,10]}},{"k":[18,1,0,8,0],"v":{"t":[0,0]}},{"k":[17,0,0,10,0],"v":{"t":[0,10]}},{"k":[16,0,0,11,0],"v":{"t":[0,10]}},{"k":[18,0,0,9,0],"v":{"t":[0,10]}},{"k":[19,0,0,8,0],"v":{"t":[0,10]}},{"k":[20,0,0,7,0],"v":{"t":[0,10]}},{"k":[21,0,0,6,0],"v":{"t":[0,10]}},{"k":[22,0,0,5,0],"v":{"t":[0,10]}},{"k":[23,0,0,4,0],"v":{"t":[0,10]}},{"k":[24,0,0,3,0],"v":{"t":[0,10]}},{"k":[25,0,0,2,0],"v":{"t":[0,10]}},{"k":[26,0,0,1,0],"v":{"t":[0,10]}},{"k":[27,0,0,0,0],"v":{"t":[0,10]}},{"k":[18,1,0,9,0],"v":{"t":[0,0]}},{"k":[18,0,0,10,0],"v":{"t":[0,10]}},{"k":[17,0,0,11,0],"v":{"t":[0,10]}},{"k":[16,0,0,12,0],"v":{"t":[0,10]}},{"k":[19,0,0,9,0],"v":{"t":[0,10]}},{"k":[20,0,0,8,0],"v":{"t":[0,10]}},{"k":[21,0,0,7,0],"v":{"t":[0,10]}},{"k":[22,0,0,6,0],"v":{"t":[0,10]}},{"k":[23,0,0,5,0],"v":{"t":[0,10]}},{"k":[24,0,0,4,0],"v":{"t":[0,10]}},{"k":[25,0,0,3,0],"v":{"t":[0,10]}},{"k":[26,0,0,2,0],"v":{"t":[0,10]}},{"k":[27,0,0,1,0],"v":{"t":[0,10]}},{"k":[28,0,0,0,0],"v":{"t":[0,10]}},{"k":[18,1,0,10,0],"v":{"t":[0,0]}},{"k":[24,1,0,4,0],"v":{"t":[0,0]}},{"k":[19,0,0,10,0],"v":{"t":[0,10]}},{"k":[18,0,0,11,0],"v":{"t":[0,10]}},{"k":[17,0,0,12,0],"v":{"t":[0,10]}},{"k":[16,0,0,13,0],"v":{"t":[0,10]}},{"k":[20,0,0,9,0],"v":{"t":[0,10]}},{"k":[21,0,0,8,0],"v":{"t":[0,10]}},{"k":[22,0,0,7,0],"v":{"t":[0,10]}},{"k":[23,0,0,6,0],"v":{"t":[0,10]}},{"k":[24,0,0,5,0],"v":{"t":[0,10]}},{"k":[25,0,0,4,0],"v":{"t":[0,10]}},{"k":[26,0,0,3,0],"v":{"t":[0,10]}},{"k":[27,0,0,2,0],"v":{"t":[0,10]}},{"k":[28,0,0,1,0],"v":{"t":[0,10]}},{"k":[29,0,0,0,0],"v":{"t":[0,10]}},{"k":[18,1,0,11,0],"v":{"t":[0,0]}},{"k":[25,0,0,5,0],"v":{"t":[0,10]}},{"k":[24,1,0,5,0],"v":{"t":[0,0]}},{"k":[25,1,0,4,0],"v":{"t":[0,0]}},{"k":[20,0,0,10,0],"v":{"t":[0,10]}},{"k":[19,0,0,11,0],"v":{"t":[0,10]}},{"k":[18,0,0,12,0],"v":{"t":[0,10]}},{"k":[17,0,0,13,0],"v":{"t":[0,10]}},{"k":[16,0,0,14,0],"v":{"t":[0,10]}},{"k":[21,0,0,9,0],"v":{"t":[0,10]}},{"k":[22,0,0,8,0],"v":{"t":[0,10]}},{"k":[23,0,0,7,0],"v":{"t":[0,10]}},{"k":[24,0,0,6,0],"v":{"t":[0,10]}},{"k":[26,0,0,4,0],"v":{"t":[0,10]}},{"k":[27,0,0,3,0],"v":{"t":[0,10]}},{"k":[28,0,0,2,0],"v":{"t":[0,10]}},{"k":[29,0,0,1,0],"v":{"t":[0,10]}},{"k":[30,0,0,0,0],"v":{"t":[0,10]}},{"k":[18,1,0,12,0],"v":{"t":[0,0]}},{"k":[25,0,0,6,0],"v":{"t":[0,10]}},{"k":[26,0,0,5,0],"v":{"t":[0,10]}},{"k":[24,1,0,6,0],"v":{"t":[0,0]}},{"k":[26,1,0,4,0],"v":{"t":[0,0]}},{"k":[27,1,0,3,0],"v":{"t":[0,0]}},{"k":[21,0,0,10,0],"v":{"t":[0,10]}},{"k":[20,0,0,11,0],"v":{"t":[0,10]}},{"k":[19,0,0,12,0],"v":{"t":[0,10]}},{"k":[18,0,0,13,0],"v":{"t":[0,10]}},{"k":[17,0,0,14,0],"v":{"t":[0,10]}},{"k":[16,0,0,15,0],"v":{"t":[0,10]}},{"k":[22,0,0,9,0],"v":{"t":[0,10]}},{"k":[23,0,0,8,0],"v":{"t":[0,10]}},{"k":[24,0,0,7,0],"v":{"t":[0,10]}},{"k":[27,0,0,4,0],"v":{"t":[0,10]}},{"k":[28,0,0,3,0],"v":{"t":[0,10]}},{"k":[29,0,0,2,0],"v":{"t":[0,10]}},{"k":[30,0,0,1,0],"v":{"t":[0,10]}},{"k":[31,0,0,0,0],"v":{"t":[0,10]}},{"k":[18,1,0,13,0],"v":{"t":[0,0]}},{"k":[25,0,0,7,0],"v":{"t":[0,10]}},{"k":[26,0,0,6,0],"v":{"t":[1,10]}},{"k":[27,0,0,5,0],"v":{"t":[1,10]}},{"k":[24,1,0,7,0],"v":{"t":[0,0]}},{"k":[27,1,0,4,0],"v":{"t":[0,0]}},{"k":[28,1,0,3,0],"v":{"t":[0,0]}},{"k":[22,0,0,10,0],"v":{"t":[0,10]}},{"k":[21,0,0,11,0],"v":{"t":[0,10]}},{"k":[20,0,0,12,0],"v":{"t":[0,10]}},{"k":[19,0,0,13,0],"v":{"t":[0,10]}},{"k":[18,0,0,14,0],"v":{"t":[0,10]}},{"k":[17,0,0,15,0],"v":{"t":[0,10]}},{"k":[23,0,0,9,0],"v":{"t":[0,10]}},{"k":[24,0,0,8,0],"v":{"t":[0,10]}},{"k":[28,0,0,4,0],"v":{"t":[0,10]}},{"k":[29,0,0,3,0],"v":{"t":[0,10]}},{"k":[30,0,0,2,0],"v":{"t":[0,10]}},{"k":[31,0,0,1,0],"v":{"t":[0,10]}},{"k":[16,0,0,1,0],"v":{"t":[0,10]}},{"k":[17,0,0,0,0],"v":{"t":[0,10]}},{"k":[16,0,0,2,0],"v":{"t":[0,10]}},{"k":[17,0,0,1,0],"v":{"t":[0,10]}},{"k":[18,0,0,0,0],"v":{"t":[0,10]}},{"k":[16,0,0,3,0],"v":{"t":[0,10]}},{"k":[17,0,0,2,0],"v":{"t":[0,10]}},{"k":[18,0,0,1,0],"v":{"t":[0,10]}},{"k":[19,0,0,0,0],"v":{"t":[0,10]}},{"k":[18,1,0,1,0],"v":{"t":[0,0]}},{"k":[16,0,0,4,0],"v":{"t":[0,10]}},{"k":[17,0,0,3,0],"v":{"t":[0,10]}},{"k":[18,0,0,2,0],"v":{"t":[0,10]}},{"k":[19,0,0,1,0],"v":{"t":[0,10]}},{"k":[20,0,0,0,0],"v":{"t":[0,10]}},{"k":[18,1,0,2,0],"v":{"t":[0,0]}},{"k":[16,0,0,5,0],"v":{"t":[0,10]}},{"k":[17,0,0,4,0],"v":{"t":[0,10]}},{"k":[18,0,0,3,0],"v":{"t":[0,10]}},{"k":[19,0,0,2,0],"v":{"t":[0,10]}},{"k":[20,0,0,1,0],"v":{"t":[0,10]}},{"k":[21,0,0,0,0],"v":{"t":[0,10]}},{"k":[18,1,0,3,0],"v":{"t":[0,0]}},{"k":[16,0,0,6,0],"v":{"t":[0,10]}},{"k":[17,0,0,5,0],"v":{"t":[0,10]}},{"k":[18,0,0,4,0],"v":{"t":[0,10]}},{"k":[19,0,0,3,0],"v":{"t":[0,10]}},{"k":[20,0,0,2,0],"v":{"t":[0,10]}},{"k":[21,0,0,1,0],"v":{"t":[0,10]}},{"k":[22,0,0,0,0],"v":{"t":[0,10]}},{"k":[18,1,0,4,0],"v":{"t":[0,0]}},{"k":[16,0,0,7,0],"v":{"t":[0,10]}},{"k":[17,0,0,6,0],"v":{"t":[0,10]}},{"k":[18,0,0,5,0],"v":{"t":[0,10]}},{"k":[19,0,0,4,0],"v":{"t":[0,10]}},{"k":[20,0,0,3,0],"v":{"t":[0,10]}},{"k":[21,0,0,2,0],"v":{"t":[0,10]}},{"k":[22,0,0,1,0],"v":{"t":[0,10]}},{"k":[23,0,0,0,0],"v":{"t":[0,10]}},{"k":[18,1,0,5,0],"v":{"t":[0,0]}},{"k":[16,0,0,8,0],"v":{"t":[0,10]}},{"k":[17,0,0,7,0],"v":{"t":[0,10]}},{"k":[18,0,0,6,0],"v":{"t":[0,10]}},{"k":[19,0,0,5,0],"v":{"t":[0,10]}},{"k":[20,0,0,4,0],"v":{"t":[0,10]}},{"k":[21,0,0,3,0],"v":{"t":[0,10]}},{"k":[22,0,0,2,0],"v":{"t":[0,10]}},{"k":[23,0,0,1,0],"v":{"t":[0,10]}},{"k":[24,0,0,0,0],"v":{"t":[0,10]}},{"k":[16,0,0,0,0],"v":{"t":[0,10]}}]},"moun":{"a":[{"k":[28,0,0,13,0],"v":{"b":true,"sid":18,"t":true}},{"k":[31,0,0,10,0],"v":{"b":true,"sid":18,"t":true}},{"k":[28,0,0,14,0],"v":{"b":true,"sid":18,"t":true}},{"k":[31,0,0,11,0],"v":{"b":true,"sid":18,"t":true}},{"k":[28,0,0,15,0],"v":{"b":true,"sid":18,"t":true}},{"k":[31,0,0,12,0],"v":{"b":true,"sid":18,"t":true}},{"k":[31,0,0,13,0],"v":{"b":true,"sid":18,"t":true}},{"k":[31,0,0,14,0],"v":{"b":true,"sid":18,"t":true}},{"k":[31,0,0,15,0],"v":{"b":true,"sid":18,"t":true}},{"k":[18,0,0,15,0],"v":{"b":true,"sid":18,"t":true}},{"k":[24,0,0,9,0],"v":{"b":true,"sid":18,"t":true}},{"k":[20,0,0,13,0],"v":{"b":true,"r":true,"sid":18}},{"k":[29,0,0,4,0],"v":{"l":true,"r":true,"sid":18,"t":true}},{"k":[20,0,0,14,0],"v":{"b":true,"sid":18,"t":true}},{"k":[24,0,0,10,0],"v":{"b":true,"sid":18,"t":true}},{"k":[21,0,0,13,0],"v":{"l":true,"r":true,"sid":18}},{"k":[30,0,0,4,0],"v":{"l":true,"r":true,"sid":18}},{"k":[28,0,0,7,0],"v":{"b":true,"r":true,"sid":18}},{"k":[20,0,0,15,0],"v":{"b":true,"sid":18,"t":true}},{"k":[24,0,0,11,0],"v":{"b":true,"sid":18,"t":true}},{"k":[22,0,0,13,0],"v":{"l":true,"r":true,"sid":18}},{"k":[31,0,0,4,0],"v":{"l":true,"r":true,"sid":18}},{"k":[28,0,0,8,0],"v":{"b":true,"sid":18,"t":true}},{"k":[29,0,0,7,0],"v":{"l":true,"r":true,"sid":18}},{"k":[24,0,0,12,0],"v":{"b":true,"sid":18,"t":true}},{"k":[23,0,0,13,0],"v":{"l":true,"r":true,"sid":18}},{"k":[28,0,0,9,0],"v":{"b":true,"sid":18,"t":true}},{"k":[30,0,0,7,0],"v":{"l":true,"r":true,"sid":18}},{"k":[24,0,0,13,0],"v":{"l":true,"sid":18,"t":true}},{"k":[28,0,0,10,0],"v":{"b":true,"sid":18,"t":true}},{"k":[31,0,0,7,0],"v":{"l":true,"r":true,"sid":18}},{"k":[28,0,0,11,0],"v":{"b":true,"sid":18,"t":true}},{"k":[28,0,0,12,0],"v":{"b":true,"sid":18,"t":true}},{"k":[31,0,0,9,0],"v":{"b":true,"r":true,"sid":18}},{"k":[18,0,0,7,0],"v":{"b":true,"sid":18,"t":true}},{"k":[18,0,0,8,0],"v":{"b":true,"sid":18,"t":true}},{"k":[18,0,0,9,0],"v":{"b":true,"sid":18,"t":true}},{"k":[18,0,0,10,0],"v":{"b":true,"sid":18,"t":true}},{"k":[24,0,0,4,0],"v":{"b":true,"r":true,"sid":18}},{"k":[18,0,0,11,0],"v":{"b":true,"sid":18,"t":true}},{"k":[24,0,0,5,0],"v":{"b":true,"sid":18,"t":true}},{"k":[25,0,0,4,0],"v":{"l":true,"r":true,"sid":18}},{"k":[18,0,0,1,0],"v":{"b":true,"sid":18}},{"k":[18,0,0,12,0],"v":{"b":true,"sid":18,"t":true}},{"k":[24,0,0,6,0],"v":{"b":true,"sid":18,"t":true}},{"k":[26,0,0,4,0],"v":{"l":true,"r":true,"sid":18}},{"k":[27,0,0,3,0],"v":{"b":true,"r":true,"sid":18}},{"k":[18,0,0,2,0],"v":{"b":true,"sid":18,"t":true}},{"k":[18,0,0,13,0],"v":{"b":true,"sid":18,"t":true}},{"k":[24,0,0,7,0],"v":{"b":true,"sid":18,"t":true}},{"k":[27,0,0,4,0],"v":{"l":true,"r":true,"sid":18,"t":true}},{"k":[28,0,0,3,0],"v":{"b":true,"l":true,"r":true,"sid":18}},{"k":[18,0,0,3,0],"v":{"b":true,"sid":18,"t":true}},{"k":[18,0,0,14,0],"v":{"b":true,"sid":18,"t":true}},{"k":[24,0,0,8,0],"v":{"b":true,"sid":18,"t":true}},{"k":[28,0,0,4,0],"v":{"l":true,"r":true,"sid":18,"t":true}},{"k":[29,0,0,3,0],"v":{"b":true,"l":true,"sid":18}},{"k":[18,0,0,4,0],"v":{"b":true,"sid":18,"t":true}},{"k":[18,0,0,5,0],"v":{"b":true,"sid":18,"t":true}},{"k":[18,0,0,6,0],"v":{"b":true,"sid":18,"t":true}}],"o":[]},"objs":{"list":[]},"objs3d":{"a":[],"o":[]},"sprites":{"list":[],"overflow":[],"walls":[]}}