{"lands":{"autotiles":[],"floors":[{"k":[38,0,0,49,0],"v":{"t":[0,10]}},{"k":[39,0,0,48,0],"v":{"t":[0,10]}},{"k":[39,0,0,49,0],"v":{"t":[0,10]}},{"k":[40,0,0,48,0],"v":{"t":[0,10]}},{"k":[46,0,0,49,0],"v":{"t":[1,10]}},{"k":[47,0,0,48,0],"v":{"t":[0,10]}},{"k":[36,0,0,49,0],"v":{"t":[0,10]}},{"k":[37,0,0,48,0],"v":{"t":[0,10]}},{"k":[47,0,0,49,0],"v":{"t":[1,10]}},{"k":[37,0,0,49,0],"v":{"t":[0,10]}},{"k":[38,0,0,48,0],"v":{"t":[0,10]}},{"k":[44,0,0,49,0],"v":{"t":[0,10]}},{"k":[45,0,0,48,0],"v":{"t":[0,10]}},{"k":[34,0,0,49,0],"v":{"t":[0,10]}},{"k":[35,0,0,48,0],"v":{"t":[0,10]}},{"k":[45,0,0,49,0],"v":{"t":[0,10]}},{"k":[46,0,0,48,0],"v":{"t":[1,10]}},{"k":[35,0,0,49,0],"v":{"t":[0,10]}},{"k":[36,0,0,48,0],"v":{"t":[0,10]}},{"k":[43,0,0,48,0],"v":{"t":[1,10]}},{"k":[42,0,0,49,0],"v":{"t":[1,10]}},{"k":[32,0,0,49,0],"v":{"t":[0,10]}},{"k":[33,0,0,48,0],"v":{"t":[0,10]}},{"k":[43,0,0,49,0],"v":{"t":[1,10]}},{"k":[44,0,0,48,0],"v":{"t":[0,10]}},{"k":[33,0,0,49,0],"v":{"t":[0,10]}},{"k":[34,0,0,48,0],"v":{"t":[0,10]}},{"k":[40,0,0,49,0],"v":{"t":[0,10]}},{"k":[41,0,0,48,0],"v":{"t":[0,10]}},{"k":[41,0,0,49,0],"v":{"t":[0,10]}},{"k":[42,0,0,48,0],"v":{"t":[1,10]}},{"k":[32,0,0,48,0],"v":{"t":[0,10]}}]},"moun":{"a":[],"o":[]},"objs":{"list":[]},"objs3d":{"a":[],"o":[]},"sprites":{"list":[],"overflow":[],"walls":[]}}