{"lands":{"autotiles":[],"floors":[{"k":[38,0,0,43,0],"v":{"t":[1,10]}},{"k":[37,0,0,44,0],"v":{"t":[1,10]}},{"k":[36,0,0,45,0],"v":{"t":[0,10]}},{"k":[39,1,0,41,0],"v":{"t":[0,0]}},{"k":[33,1,0,47,0],"v":{"t":[0,0]}},{"k":[34,1,0,46,0],"v":{"t":[0,0]}},{"k":[41,1,0,39,0],"v":{"t":[0,0]}},{"k":[47,1,0,33,0],"v":{"t":[0,0]}},{"k":[47,0,0,34,0],"v":{"t":[0,10]}},{"k":[46,0,0,35,0],"v":{"t":[0,10]}},{"k":[45,0,0,36,0],"v":{"t":[0,10]}},{"k":[44,0,0,37,0],"v":{"t":[0,10]}},{"k":[43,0,0,38,0],"v":{"t":[0,10]}},{"k":[42,0,0,39,0],"v":{"t":[0,10]}},{"k":[41,0,0,40,0],"v":{"t":[0,10]}},{"k":[40,0,0,41,0],"v":{"t":[0,10]}},{"k":[39,0,0,42,0],"v":{"t":[0,10]}},{"k":[35,0,0,46,0],"v":{"t":[0,10]}},{"k":[34,0,0,47,0],"v":{"t":[0,10]}},{"k":[38,0,0,44,0],"v":{"t":[1,10]}},{"k":[37,0,0,45,0],"v":{"t":[1,10]}},{"k":[39,1,0,42,0],"v":{"t":[0,0]}},{"k":[34,1,0,47,0],"v":{"t":[0,0]}},{"k":[35,1,0,46,0],"v":{"t":[0,0]}},{"k":[41,1,0,40,0],"v":{"t":[0,0]}},{"k":[47,0,0,35,0],"v":{"t":[0,10]}},{"k":[46,0,0,36,0],"v":{"t":[0,10]}},{"k":[45,0,0,37,0],"v":{"t":[0,10]}},{"k":[44,0,0,38,0],"v":{"t":[0,10]}},{"k":[43,0,0,39,0],"v":{"t":[0,10]}},{"k":[42,0,0,40,0],"v":{"t":[0,10]}},{"k":[41,0,0,41,0],"v":{"t":[0,10]}},{"k":[40,0,0,42,0],"v":{"t":[0,10]}},{"k":[39,0,0,43,0],"v":{"t":[0,10]}},{"k":[36,0,0,46,0],"v":{"t":[0,10]}},{"k":[35,0,0,47,0],"v":{"t":[0,10]}},{"k":[42,0,0,41,0],"v":{"t":[0,10]}},{"k":[38,0,0,45,0],"v":{"t":[1,10]}},{"k":[39,1,0,43,0],"v":{"t":[0,0]}},{"k":[35,1,0,47,0],"v":{"t":[0,0]}},{"k":[36,1,0,46,0],"v":{"t":[0,0]}},{"k":[41,1,0,41,0],"v":{"t":[0,0]}},{"k":[47,0,0,36,0],"v":{"t":[0,10]}},{"k":[46,0,0,37,0],"v":{"t":[0,10]}},{"k":[45,0,0,38,0],"v":{"t":[0,10]}},{"k":[44,0,0,39,0],"v":{"t":[0,10]}},{"k":[43,0,0,40,0],"v":{"t":[0,10]}},{"k":[41,0,0,42,0],"v":{"t":[0,10]}},{"k":[40,0,0,43,0],"v":{"t":[0,10]}},{"k":[39,0,0,44,0],"v":{"t":[0,10]}},{"k":[37,0,0,46,0],"v":{"t":[0,10]}},{"k":[36,0,0,47,0],"v":{"t":[0,10]}},{"k":[42,0,0,42,0],"v":{"t":[0,10]}},{"k":[43,0,0,41,0],"v":{"t":[0,10]}},{"k":[39,1,0,44,0],"v":{"t":[0,0]}},{"k":[36,1,0,47,0],"v":{"t":[0,0]}},{"k":[37,1,0,46,0],"v":{"t":[0,0]}},{"k":[41,1,0,42,0],"v":{"t":[0,0]}},{"k":[47,0,0,37,0],"v":{"t":[0,10]}},{"k":[46,0,0,38,0],"v":{"t":[0,10]}},{"k":[45,0,0,39,0],"v":{"t":[0,10]}},{"k":[44,0,0,40,0],"v":{"t":[0,10]}},{"k":[41,0,0,43,0],"v":{"t":[0,10]}},{"k":[40,0,0,44,0],"v":{"t":[0,10]}},{"k":[39,0,0,45,0],"v":{"t":[0,10]}},{"k":[38,0,0,46,0],"v":{"t":[0,10]}},{"k":[37,0,0,47,0],"v":{"t":[0,10]}},{"k":[45,0,0,38,1],"v":{"t":[4,8]}},{"k":[42,0,0,43,0],"v":{"t":[0,10]}},{"k":[43,0,0,42,0],"v":{"t":[1,10]}},{"k":[44,0,0,41,0],"v":{"t":[0,10]}},{"k":[39,1,0,45,0],"v":{"t":[0,0]}},{"k":[38,1,0,46,0],"v":{"t":[0,0]}},{"k":[37,1,0,47,0],"v":{"t":[0,0]}},{"k":[41,1,0,43,0],"v":{"t":[0,0]}},{"k":[47,0,0,38,0],"v":{"t":[0,10]}},{"k":[46,0,0,39,0],"v":{"t":[0,10]}},{"k":[45,0,0,40,0],"v":{"t":[0,10]}},{"k":[41,0,0,44,0],"v":{"t":[0,10]}},{"k":[40,0,0,45,0],"v":{"t":[0,10]}},{"k":[39,0,0,46,0],"v":{"t":[0,10]}},{"k":[38,0,0,47,0],"v":{"t":[0,10]}},{"k":[45,0,0,39,1],"v":{"t":[4,9]}},{"k":[46,0,0,38,1],"v":{"t":[5,8]}},{"k":[42,0,0,44,0],"v":{"t":[0,10]}},{"k":[43,0,0,43,0],"v":{"t":[1,10]}},{"k":[45,0,0,41,0],"v":{"t":[0,10]}},{"k":[44,0,0,42,0],"v":{"t":[1,10]}},{"k":[39,1,0,46,0],"v":{"t":[0,0]}},{"k":[38,1,0,47,0],"v":{"t":[0,0]}},{"k":[41,1,0,44,0],"v":{"t":[0,0]}},{"k":[47,0,0,39,0],"v":{"t":[0,10]}},{"k":[46,0,0,40,0],"v":{"t":[0,10]}},{"k":[41,0,0,45,0],"v":{"t":[0,10]}},{"k":[40,0,0,46,0],"v":{"t":[0,10]}},{"k":[39,0,0,47,0],"v":{"t":[0,10]}},{"k":[46,0,0,39,1],"v":{"t":[5,9]}},{"k":[42,0,0,45,0],"v":{"t":[0,10]}},{"k":[43,0,0,44,0],"v":{"t":[1,10]}},{"k":[46,0,0,41,0],"v":{"t":[0,10]}},{"k":[44,0,0,43,0],"v":{"t":[0,10]}},{"k":[45,0,0,42,0],"v":{"t":[0,10]}},{"k":[39,1,0,47,0],"v":{"t":[0,0]}},{"k":[41,1,0,45,0],"v":{"t":[0,0]}},{"k":[47,0,0,40,0],"v":{"t":[0,10]}},{"k":[41,0,0,46,0],"v":{"t":[0,10]}},{"k":[40,0,0,47,0],"v":{"t":[0,10]}},{"k":[42,0,0,46,0],"v":{"t":[0,10]}},{"k":[43,0,0,45,0],"v":{"t":[1,10]}},{"k":[47,0,0,41,0],"v":{"t":[0,10]}},{"k":[44,0,0,44,0],"v":{"t":[0,10]}},{"k":[45,0,0,43,0],"v":{"t":[1,10]}},{"k":[46,0,0,42,0],"v":{"t":[1,10]}},{"k":[40,1,0,47,0],"v":{"t":[0,0]}},{"k":[41,1,0,46,0],"v":{"t":[0,0]}},{"k":[41,0,0,47,0],"v":{"t":[0,10]}},{"k":[34,0,0,39,0],"v":{"t":[1,10]}},{"k":[38,0,0,35,0],"v":{"t":[1,10]}},{"k":[37,0,0,36,0],"v":{"t":[0,10]}},{"k":[32,1,0,40,0],"v":{"t":[0,0]}},{"k":[36,1,0,36,0],"v":{"t":[0,0]}},{"k":[35,1,0,37,0],"v":{"t":[0,0]}},{"k":[39,1,0,33,0],"v":{"t":[0,0]}},{"k":[41,0,0,32,0],"v":{"t":[0,10]}},{"k":[40,0,0,33,0],"v":{"t":[0,10]}},{"k":[39,0,0,34,0],"v":{"t":[0,10]}},{"k":[33,0,0,40,0],"v":{"t":[0,10]}},{"k":[32,0,0,41,0],"v":{"t":[0,10]}},{"k":[35,0,0,38,0],"v":{"t":[0,10]}},{"k":[36,0,0,37,0],"v":{"t":[0,10]}},{"k":[38,0,0,36,0],"v":{"t":[1,10]}},{"k":[37,0,0,37,0],"v":{"t":[0,10]}},{"k":[33,1,0,40,0],"v":{"t":[0,0]}},{"k":[36,1,0,37,0],"v":{"t":[0,0]}},{"k":[35,1,0,38,0],"v":{"t":[0,0]}},{"k":[32,1,0,41,0],"v":{"t":[0,0]}},{"k":[39,1,0,34,0],"v":{"t":[0,0]}},{"k":[40,1,0,33,0],"v":{"t":[0,0]}},{"k":[42,0,0,32,0],"v":{"t":[0,10]}},{"k":[41,0,0,33,0],"v":{"t":[0,10]}},{"k":[40,0,0,34,0],"v":{"t":[0,10]}},{"k":[39,0,0,35,0],"v":{"t":[0,10]}},{"k":[34,0,0,40,0],"v":{"t":[0,10]}},{"k":[33,0,0,41,0],"v":{"t":[0,10]}},{"k":[32,0,0,42,0],"v":{"t":[0,10]}},{"k":[35,0,0,39,0],"v":{"t":[0,10]}},{"k":[36,0,0,38,0],"v":{"t":[0,10]}},{"k":[38,0,0,37,0],"v":{"t":[1,10]}},{"k":[37,0,0,38,0],"v":{"t":[0,10]}},{"k":[34,1,0,40,0],"v":{"t":[0,0]}},{"k":[35,1,0,39,0],"v":{"t":[0,0]}},{"k":[36,1,0,38,0],"v":{"t":[0,0]}},{"k":[32,1,0,42,0],"v":{"t":[0,0]}},{"k":[39,1,0,35,0],"v":{"t":[0,0]}},{"k":[41,1,0,33,0],"v":{"t":[0,0]}},{"k":[43,0,0,32,0],"v":{"t":[0,10]}},{"k":[42,0,0,33,0],"v":{"t":[0,10]}},{"k":[41,0,0,34,0],"v":{"t":[0,10]}},{"k":[40,0,0,35,0],"v":{"t":[0,10]}},{"k":[39,0,0,36,0],"v":{"t":[0,10]}},{"k":[35,0,0,40,0],"v":{"t":[0,10]}},{"k":[34,0,0,41,0],"v":{"t":[0,10]}},{"k":[33,0,0,42,0],"v":{"t":[0,10]}},{"k":[32,0,0,43,0],"v":{"t":[0,10]}},{"k":[36,0,0,39,0],"v":{"t":[0,10]}},{"k":[38,0,0,38,0],"v":{"t":[1,10]}},{"k":[37,0,0,39,0],"v":{"t":[0,10]}},{"k":[32,0,0,44,0],"v":{"t":[1,10]}},{"k":[35,1,0,40,0],"v":{"t":[0,0]}},{"k":[36,1,0,39,0],"v":{"t":[0,0]}},{"k":[32,1,0,43,0],"v":{"t":[0,0]}},{"k":[39,1,0,36,0],"v":{"t":[0,0]}},{"k":[41,1,0,34,0],"v":{"t":[0,0]}},{"k":[42,1,0,33,0],"v":{"t":[0,0]}},{"k":[44,0,0,32,0],"v":{"t":[0,10]}},{"k":[43,0,0,33,0],"v":{"t":[0,10]}},{"k":[42,0,0,34,0],"v":{"t":[0,10]}},{"k":[41,0,0,35,0],"v":{"t":[0,10]}},{"k":[40,0,0,36,0],"v":{"t":[0,10]}},{"k":[39,0,0,37,0],"v":{"t":[0,10]}},{"k":[36,0,0,40,0],"v":{"t":[0,10]}},{"k":[35,0,0,41,0],"v":{"t":[0,10]}},{"k":[34,0,0,42,0],"v":{"t":[0,10]}},{"k":[33,0,0,43,0],"v":{"t":[0,10]}},{"k":[38,0,0,39,0],"v":{"t":[1,10]}},{"k":[37,0,0,40,0],"v":{"t":[0,10]}},{"k":[33,0,0,44,0],"v":{"t":[0,10]}},{"k":[32,0,0,45,0],"v":{"t":[1,10]}},{"k":[36,1,0,40,0],"v":{"t":[0,0]}},{"k":[33,1,0,43,0],"v":{"t":[0,0]}},{"k":[39,1,0,37,0],"v":{"t":[0,0]}},{"k":[41,1,0,35,0],"v":{"t":[0,0]}},{"k":[43,1,0,33,0],"v":{"t":[0,0]}},{"k":[45,0,0,32,0],"v":{"t":[0,10]}},{"k":[44,0,0,33,0],"v":{"t":[0,10]}},{"k":[43,0,0,34,0],"v":{"t":[0,10]}},{"k":[42,0,0,35,0],"v":{"t":[0,10]}},{"k":[41,0,0,36,0],"v":{"t":[0,10]}},{"k":[40,0,0,37,0],"v":{"t":[0,10]}},{"k":[39,0,0,38,0],"v":{"t":[0,10]}},{"k":[36,0,0,41,0],"v":{"t":[0,10]}},{"k":[35,0,0,42,0],"v":{"t":[0,10]}},{"k":[34,0,0,43,0],"v":{"t":[0,10]}},{"k":[38,0,0,40,0],"v":{"t":[1,10]}},{"k":[37,0,0,41,0],"v":{"t":[0,10]}},{"k":[34,0,0,44,0],"v":{"t":[1,10]}},{"k":[33,0,0,45,0],"v":{"t":[0,10]}},{"k":[34,1,0,43,0],"v":{"t":[0,0]}},{"k":[36,1,0,41,0],"v":{"t":[0,0]}},{"k":[39,1,0,38,0],"v":{"t":[0,0]}},{"k":[41,1,0,36,0],"v":{"t":[0,0]}},{"k":[44,1,0,33,0],"v":{"t":[0,0]}},{"k":[46,0,0,32,0],"v":{"t":[0,10]}},{"k":[45,0,0,33,0],"v":{"t":[0,10]}},{"k":[44,0,0,34,0],"v":{"t":[0,10]}},{"k":[43,0,0,35,0],"v":{"t":[0,10]}},{"k":[42,0,0,36,0],"v":{"t":[0,10]}},{"k":[41,0,0,37,0],"v":{"t":[0,10]}},{"k":[40,0,0,38,0],"v":{"t":[0,10]}},{"k":[39,0,0,39,0],"v":{"t":[0,10]}},{"k":[32,0,0,46,0],"v":{"t":[0,10]}},{"k":[36,0,0,42,0],"v":{"t":[0,10]}},{"k":[35,0,0,43,0],"v":{"t":[0,10]}},{"k":[38,0,0,41,0],"v":{"t":[1,10]}},{"k":[37,0,0,42,0],"v":{"t":[0,10]}},{"k":[35,0,0,44,0],"v":{"t":[1,10]}},{"k":[34,0,0,45,0],"v":{"t":[0,10]}},{"k":[35,1,0,43,0],"v":{"t":[0,0]}},{"k":[36,1,0,42,0],"v":{"t":[0,0]}},{"k":[39,1,0,39,0],"v":{"t":[0,0]}},{"k":[32,1,0,46,0],"v":{"t":[0,0]}},{"k":[41,1,0,37,0],"v":{"t":[0,0]}},{"k":[45,1,0,33,0],"v":{"t":[0,0]}},{"k":[47,0,0,32,0],"v":{"t":[0,10]}},{"k":[46,0,0,33,0],"v":{"t":[0,10]}},{"k":[45,0,0,34,0],"v":{"t":[0,10]}},{"k":[44,0,0,35,0],"v":{"t":[0,10]}},{"k":[43,0,0,36,0],"v":{"t":[0,10]}},{"k":[42,0,0,37,0],"v":{"t":[0,10]}},{"k":[41,0,0,38,0],"v":{"t":[0,10]}},{"k":[40,0,0,39,0],"v":{"t":[0,10]}},{"k":[39,0,0,40,0],"v":{"t":[0,10]}},{"k":[33,0,0,46,0],"v":{"t":[0,10]}},{"k":[32,0,0,47,0],"v":{"t":[0,10]}},{"k":[36,0,0,43,0],"v":{"t":[0,10]}},{"k":[38,0,0,42,0],"v":{"t":[1,10]}},{"k":[37,0,0,43,0],"v":{"t":[0,10]}},{"k":[36,0,0,44,0],"v":{"t":[1,10]}},{"k":[35,0,0,45,0],"v":{"t":[0,10]}},{"k":[36,1,0,43,0],"v":{"t":[0,0]}},{"k":[39,1,0,40,0],"v":{"t":[0,0]}},{"k":[32,1,0,47,0],"v":{"t":[0,0]}},{"k":[33,1,0,46,0],"v":{"t":[0,0]}},{"k":[41,1,0,38,0],"v":{"t":[0,0]}},{"k":[46,1,0,33,0],"v":{"t":[0,0]}},{"k":[47,0,0,33,0],"v":{"t":[0,10]}},{"k":[46,0,0,34,0],"v":{"t":[0,10]}},{"k":[45,0,0,35,0],"v":{"t":[0,10]}},{"k":[44,0,0,36,0],"v":{"t":[0,10]}},{"k":[43,0,0,37,0],"v":{"t":[0,10]}},{"k":[42,0,0,38,0],"v":{"t":[0,10]}},{"k":[41,0,0,39,0],"v":{"t":[0,10]}},{"k":[40,0,0,40,0],"v":{"t":[0,10]}},{"k":[39,0,0,41,0],"v":{"t":[0,10]}},{"k":[34,0,0,46,0],"v":{"t":[0,10]}},{"k":[33,0,0,47,0],"v":{"t":[0,10]}},{"k":[33,0,0,32,0],"v":{"t":[1,10]}},{"k":[32,0,0,33,0],"v":{"t":[0,10]}},{"k":[34,0,0,32,0],"v":{"t":[1,10]}},{"k":[33,0,0,33,0],"v":{"t":[0,10]}},{"k":[32,1,0,33,0],"v":{"t":[0,0]}},{"k":[32,0,0,34,0],"v":{"t":[0,10]}},{"k":[34,0,0,33,0],"v":{"t":[1,10]}},{"k":[33,0,0,34,0],"v":{"t":[0,10]}},{"k":[32,1,0,34,0],"v":{"t":[0,0]}},{"k":[32,0,0,35,0],"v":{"t":[0,10]}},{"k":[35,0,0,32,0],"v":{"t":[0,10]}},{"k":[34,0,0,34,0],"v":{"t":[1,10]}},{"k":[33,0,0,35,0],"v":{"t":[0,10]}},{"k":[32,1,0,35,0],"v":{"t":[0,0]}},{"k":[35,1,0,32,0],"v":{"t":[0,0]}},{"k":[32,0,0,36,0],"v":{"t":[0,10]}},{"k":[35,0,0,33,0],"v":{"t":[0,10]}},{"k":[36,0,0,32,0],"v":{"t":[0,10]}},{"k":[34,0,0,35,0],"v":{"t":[1,10]}},{"k":[33,0,0,36,0],"v":{"t":[0,10]}},{"k":[37,0,0,32,0],"v":{"t":[0,10]}},{"k":[32,1,0,36,0],"v":{"t":[0,0]}},{"k":[35,1,0,33,0],"v":{"t":[0,0]}},{"k":[36,1,0,32,0],"v":{"t":[0,0]}},{"k":[32,0,0,37,0],"v":{"t":[0,10]}},{"k":[35,0,0,34,0],"v":{"t":[0,10]}},{"k":[36,0,0,33,0],"v":{"t":[0,10]}},{"k":[34,0,0,36,0],"v":{"t":[1,10]}},{"k":[33,0,0,37,0],"v":{"t":[0,10]}},{"k":[38,0,0,32,0],"v":{"t":[1,10]}},{"k":[37,0,0,33,0],"v":{"t":[0,10]}},{"k":[32,1,0,37,0],"v":{"t":[0,0]}},{"k":[35,1,0,34,0],"v":{"t":[0,0]}},{"k":[36,1,0,33,0],"v":{"t":[0,0]}},{"k":[32,0,0,38,0],"v":{"t":[0,10]}},{"k":[35,0,0,35,0],"v":{"t":[0,10]}},{"k":[36,0,0,34,0],"v":{"t":[0,10]}},{"k":[34,0,0,37,0],"v":{"t":[1,10]}},{"k":[33,0,0,38,0],"v":{"t":[0,10]}},{"k":[38,0,0,33,0],"v":{"t":[1,10]}},{"k":[37,0,0,34,0],"v":{"t":[0,10]}},{"k":[32,1,0,38,0],"v":{"t":[0,0]}},{"k":[35,1,0,35,0],"v":{"t":[0,0]}},{"k":[36,1,0,34,0],"v":{"t":[0,0]}},{"k":[39,0,0,32,0],"v":{"t":[0,10]}},{"k":[32,0,0,39,0],"v":{"t":[0,10]}},{"k":[35,0,0,36,0],"v":{"t":[0,10]}},{"k":[36,0,0,35,0],"v":{"t":[0,10]}},{"k":[34,0,0,38,0],"v":{"t":[1,10]}},{"k":[33,0,0,39,0],"v":{"t":[0,10]}},{"k":[38,0,0,34,0],"v":{"t":[1,10]}},{"k":[37,0,0,35,0],"v":{"t":[0,10]}},{"k":[32,1,0,39,0],"v":{"t":[0,0]}},{"k":[35,1,0,36,0],"v":{"t":[0,0]}},{"k":[36,1,0,35,0],"v":{"t":[0,0]}},{"k":[39,1,0,32,0],"v":{"t":[0,0]}},{"k":[40,0,0,32,0],"v":{"t":[0,10]}},{"k":[39,0,0,33,0],"v":{"t":[0,10]}},{"k":[32,0,0,40,0],"v":{"t":[0,10]}},{"k":[35,0,0,37,0],"v":{"t":[0,10]}},{"k":[36,0,0,36,0],"v":{"t":[0,10]}},{"k":[32,0,0,32,0],"v":{"t":[1,10]}},{"k":[42,0,0,47,0],"v":{"t":[0,10]}},{"k":[43,0,0,46,0],"v":{"t":[1,10]}},{"k":[44,0,0,45,0],"v":{"t":[0,10]}},{"k":[45,0,0,44,0],"v":{"t":[1,10]}},{"k":[46,0,0,43,0],"v":{"t":[1,10]}},{"k":[47,0,0,42,0],"v":{"t":[0,10]}},{"k":[41,1,0,47,0],"v":{"t":[0,0]}},{"k":[43,0,0,47,0],"v":{"t":[1,10]}},{"k":[44,0,0,46,0],"v":{"t":[0,10]}},{"k":[45,0,0,45,0],"v":{"t":[1,10]}},{"k":[46,0,0,44,0],"v":{"t":[1,10]}},{"k":[47,0,0,43,0],"v":{"t":[0,10]}},{"k":[42,1,0,47,0],"v":{"t":[0,0]}},{"k":[45,0,0,46,0],"v":{"t":[1,10]}},{"k":[46,0,0,45,0],"v":{"t":[1,10]}},{"k":[47,0,0,44,0],"v":{"t":[0,10]}},{"k":[44,0,0,47,0],"v":{"t":[0,10]}},{"k":[43,1,0,47,0],"v":{"t":[0,0]}},{"k":[45,0,0,47,0],"v":{"t":[0,10]}},{"k":[47,0,0,45,0],"v":{"t":[0,10]}},{"k":[46,0,0,46,0],"v":{"t":[1,10]}},{"k":[44,1,0,47,0],"v":{"t":[0,0]}},{"k":[46,0,0,47,0],"v":{"t":[1,10]}},{"k":[47,0,0,46,0],"v":{"t":[0,10]}},{"k":[45,1,0,47,0],"v":{"t":[0,0]}},{"k":[47,0,0,47,0],"v":{"t":[0,10]}},{"k":[46,1,0,47,0],"v":{"t":[0,0]}}]},"moun":{"a":[{"k":[39,0,0,43,0],"v":{"b":true,"sid":18,"t":true}},{"k":[35,0,0,47,0],"v":{"l":true,"r":true,"sid":18,"t":true}},{"k":[36,0,0,46,0],"v":{"b":true,"l":true,"r":true,"sid":18}},{"k":[41,0,0,41,0],"v":{"b":true,"sid":18,"t":true}},{"k":[39,0,0,44,0],"v":{"b":true,"sid":18,"t":true}},{"k":[36,0,0,47,0],"v":{"l":true,"r":true,"sid":18,"t":true}},{"k":[37,0,0,46,0],"v":{"b":true,"l":true,"r":true,"sid":18}},{"k":[41,0,0,42,0],"v":{"b":true,"sid":18,"t":true}},{"k":[39,0,0,45,0],"v":{"b":true,"sid":18,"t":true}},{"k":[38,0,0,46,0],"v":{"b":true,"l":true,"r":true,"sid":18}},{"k":[37,0,0,47,0],"v":{"l":true,"r":true,"sid":18,"t":true}},{"k":[41,0,0,43,0],"v":{"b":true,"sid":18,"t":true}},{"k":[39,0,0,46,0],"v":{"b":true,"l":true,"sid":18,"t":true}},{"k":[38,0,0,47,0],"v":{"l":true,"r":true,"sid":18,"t":true}},{"k":[41,0,0,44,0],"v":{"b":true,"sid":18,"t":true}},{"k":[39,0,0,47,0],"v":{"l":true,"r":true,"sid":18,"t":true}},{"k":[41,0,0,45,0],"v":{"b":true,"sid":18,"t":true}},{"k":[40,0,0,47,0],"v":{"l":true,"r":true,"sid":18}},{"k":[41,0,0,46,0],"v":{"b":true,"sid":18,"t":true}},{"k":[41,0,0,47,0],"v":{"l":true,"r":true,"sid":18,"t":true}},{"k":[33,0,0,40,0],"v":{"l":true,"r":true,"sid":18}},{"k":[36,0,0,37,0],"v":{"b":true,"l":true,"sid":18,"t":true}},{"k":[35,0,0,38,0],"v":{"b":true,"r":true,"sid":18,"t":true}},{"k":[32,0,0,41,0],"v":{"b":true,"sid":18,"t":true}},{"k":[39,0,0,34,0],"v":{"b":true,"sid":18,"t":true}},{"k":[40,0,0,33,0],"v":{"l":true,"r":true,"sid":18}},{"k":[34,0,0,40,0],"v":{"l":true,"r":true,"sid":18}},{"k":[35,0,0,39,0],"v":{"b":true,"r":true,"sid":18,"t":true}},{"k":[36,0,0,38,0],"v":{"b":true,"l":true,"sid":18,"t":true}},{"k":[32,0,0,42,0],"v":{"b":true,"sid":18,"t":true}},{"k":[39,0,0,35,0],"v":{"b":true,"sid":18,"t":true}},{"k":[41,0,0,33,0],"v":{"b":true,"l":true,"r":true,"sid":18}},{"k":[35,0,0,40,0],"v":{"l":true,"r":true,"sid":18,"t":true}},{"k":[36,0,0,39,0],"v":{"b":true,"l":true,"sid":18,"t":true}},{"k":[32,0,0,43,0],"v":{"r":true,"sid":18,"t":true}},{"k":[39,0,0,36,0],"v":{"b":true,"sid":18,"t":true}},{"k":[41,0,0,34,0],"v":{"b":true,"sid":18,"t":true}},{"k":[42,0,0,33,0],"v":{"l":true,"r":true,"sid":18}},{"k":[36,0,0,40,0],"v":{"b":true,"l":true,"sid":18,"t":true}},{"k":[33,0,0,43,0],"v":{"l":true,"r":true,"sid":18}},{"k":[39,0,0,37,0],"v":{"b":true,"sid":18,"t":true}},{"k":[41,0,0,35,0],"v":{"b":true,"sid":18,"t":true}},{"k":[43,0,0,33,0],"v":{"l":true,"r":true,"sid":18}},{"k":[34,0,0,43,0],"v":{"l":true,"r":true,"sid":18}},{"k":[36,0,0,41,0],"v":{"b":true,"sid":18,"t":true}},{"k":[39,0,0,38,0],"v":{"b":true,"sid":18,"t":true}},{"k":[41,0,0,36,0],"v":{"b":true,"sid":18,"t":true}},{"k":[44,0,0,33,0],"v":{"l":true,"r":true,"sid":18}},{"k":[35,0,0,43,0],"v":{"l":true,"r":true,"sid":18}},{"k":[36,0,0,42,0],"v":{"b":true,"sid":18,"t":true}},{"k":[39,0,0,39,0],"v":{"b":true,"sid":18,"t":true}},{"k":[32,0,0,46,0],"v":{"b":true,"l":true,"r":true,"sid":18}},{"k":[41,0,0,37,0],"v":{"b":true,"sid":18,"t":true}},{"k":[45,0,0,33,0],"v":{"l":true,"r":true,"sid":18}},{"k":[36,0,0,43,0],"v":{"l":true,"sid":18,"t":true}},{"k":[39,0,0,40,0],"v":{"b":true,"sid":18,"t":true}},{"k":[32,0,0,47,0],"v":{"l":true,"r":true,"sid":18,"t":true}},{"k":[33,0,0,46,0],"v":{"b":true,"l":true,"r":true,"sid":18}},{"k":[41,0,0,38,0],"v":{"b":true,"sid":18,"t":true}},{"k":[46,0,0,33,0],"v":{"l":true,"r":true,"sid":18}},{"k":[39,0,0,41,0],"v":{"b":true,"sid":18,"t":true}},{"k":[33,0,0,47,0],"v":{"l":true,"r":true,"sid":18,"t":true}},{"k":[34,0,0,46,0],"v":{"b":true,"l":true,"r":true,"sid":18}},{"k":[41,0,0,39,0],"v":{"b":true,"sid":18,"t":true}},{"k":[47,0,0,33,0],"v":{"l":true,"r":true,"sid":18}},{"k":[32,0,0,33,0],"v":{"b":true,"l":true,"sid":18}},{"k":[32,0,0,34,0],"v":{"b":true,"sid":18,"t":true}},{"k":[32,0,0,35,0],"v":{"b":true,"sid":18,"t":true}},{"k":[35,0,0,32,0],"v":{"b":true,"r":true,"sid":18,"t":true}},{"k":[32,0,0,36,0],"v":{"b":true,"sid":18,"t":true}},{"k":[35,0,0,33,0],"v":{"b":true,"r":true,"sid":18,"t":true}},{"k":[36,0,0,32,0],"v":{"b":true,"l":true,"sid":18,"t":true}},{"k":[32,0,0,37,0],"v":{"b":true,"sid":18,"t":true}},{"k":[35,0,0,34,0],"v":{"b":true,"r":true,"sid":18,"t":true}},{"k":[36,0,0,33,0],"v":{"b":true,"l":true,"sid":18,"t":true}},{"k":[32,0,0,38,0],"v":{"b":true,"sid":18,"t":true}},{"k":[35,0,0,35,0],"v":{"b":true,"r":true,"sid":18,"t":true}},{"k":[36,0,0,34,0],"v":{"b":true,"l":true,"sid":18,"t":true}},{"k":[32,0,0,39,0],"v":{"b":true,"sid":18,"t":true}},{"k":[35,0,0,36,0],"v":{"b":true,"r":true,"sid":18,"t":true}},{"k":[36,0,0,35,0],"v":{"b":true,"l":true,"sid":18,"t":true}},{"k":[39,0,0,32,0],"v":{"b":true,"sid":18,"t":true}},{"k":[32,0,0,40,0],"v":{"b":true,"r":true,"sid":18,"t":true}},{"k":[36,0,0,36,0],"v":{"b":true,"l":true,"sid":18,"t":true}},{"k":[35,0,0,37,0],"v":{"b":true,"r":true,"sid":18,"t":true}},{"k":[39,0,0,33,0],"v":{"b":true,"r":true,"sid":18,"t":true}},{"k":[42,0,0,47,0],"v":{"l":true,"r":true,"sid":18}},{"k":[43,0,0,47,0],"v":{"l":true,"r":true,"sid":18}},{"k":[44,0,0,47,0],"v":{"l":true,"r":true,"sid":18}},{"k":[45,0,0,47,0],"v":{"l":true,"r":true,"sid":18}},{"k":[46,0,0,47,0],"v":{"l":true,"sid":18}},{"k":[39,0,0,42,0],"v":{"b":true,"sid":18,"t":true}},{"k":[34,0,0,47,0],"v":{"l":true,"r":true,"sid":18,"t":true}},{"k":[35,0,0,46,0],"v":{"b":true,"l":true,"r":true,"sid":18}},{"k":[41,0,0,40,0],"v":{"b":true,"sid":18,"t":true}}],"o":[]},"objs":{"list":[{"k":[46,0,0,38,0],"v":{"events":[{"id":2,"name":"Hero touch","p":[],"r":{"1":{"bh":true,"c":[{"command":[7,0,0,10,4,0,0,1,0,0,0],"kind":20}]}},"sys":false}],"hId":-1,"id":8,"name":"OBJ0007","ooepf":false,"states":[{"cam":true,"climb":false,"dir":false,"gid":-1,"gk":0,"id":1,"move":true,"name":"Normal","pix":true,"pos":false,"stop":false,"sx":{"k":12,"v":1},"sy":{"k":12,"v":1},"sz":{"k":12,"v":1},"through":false,"x":0,"y":0}]}},{"k":[45,0,0,39,0],"v":{"events":[{"id":2,"name":"Hero touch","p":[],"r":{"1":{"bh":true,"c":[{"command":[7,0,0,10,4,0,0,1,0,0,0],"kind":20}]}},"sys":false}],"hId":-1,"id":10,"name":"OBJ0007","ooepf":false,"states":[{"cam":true,"climb":false,"dir":false,"gid":-1,"gk":0,"id":1,"move":true,"name":"Normal","pix":true,"pos":false,"stop":false,"sx":{"k":12,"v":1},"sy":{"k":12,"v":1},"sz":{"k":12,"v":1},"through":false,"x":0,"y":0}]}},{"k":[46,0,0,39,0],"v":{"events":[{"id":2,"name":"Hero touch","p":[],"r":{"1":{"bh":true,"c":[{"command":[7,0,0,10,4,0,0,1,0,0,0],"kind":20}]}},"sys":false}],"hId":-1,"id":9,"name":"OBJ0007","ooepf":false,"states":[{"cam":true,"climb":false,"dir":false,"gid":-1,"gk":0,"id":1,"move":true,"name":"Normal","pix":true,"pos":false,"stop":false,"sx":{"k":12,"v":1},"sy":{"k":12,"v":1},"sz":{"k":12,"v":1},"through":false,"x":0,"y":0}]}},{"k":[45,0,0,38,0],"v":{"events":[{"id":2,"name":"Hero touch","p":[],"r":{"1":{"bh":true,"c":[{"command":[7,0,0,10,4,0,0,1,0,0,0],"kind":20}]}},"sys":false}],"hId":-1,"id":7,"name":"OBJ0007","ooepf":false,"states":[{"cam":true,"climb":false,"dir":false,"gid":-1,"gk":0,"id":1,"move":true,"name":"Normal","pix":true,"pos":false,"stop":false,"sx":{"k":12,"v":1},"sy":{"k":12,"v":1},"sz":{"k":12,"v":1},"through":false,"x":0,"y":0}]}}]},"objs3d":{"a":[],"o":[]},"sprites":{"list":[],"overflow":[],"walls":[]}}