{"lands":{"autotiles":[],"floors":[{"k":[47,0,0,26,0],"v":{"t":[0,10]}},{"k":[44,0,0,29,0],"v":{"t":[1,10]}},{"k":[43,0,0,30,0],"v":{"t":[0,10]}},{"k":[41,1,0,31,0],"v":{"t":[0,0]}},{"k":[46,1,0,26,0],"v":{"t":[0,0]}},{"k":[44,1,0,28,0],"v":{"t":[0,0]}},{"k":[42,0,0,31,0],"v":{"t":[0,10]}},{"k":[45,0,0,28,0],"v":{"t":[0,10]}},{"k":[46,0,0,27,0],"v":{"t":[0,10]}},{"k":[47,0,0,27,0],"v":{"t":[0,10]}},{"k":[45,0,0,29,0],"v":{"t":[1,10]}},{"k":[44,0,0,30,0],"v":{"t":[0,10]}},{"k":[42,1,0,31,0],"v":{"t":[0,0]}},{"k":[46,1,0,27,0],"v":{"t":[0,0]}},{"k":[45,1,0,28,0],"v":{"t":[0,0]}},{"k":[43,0,0,31,0],"v":{"t":[0,10]}},{"k":[46,0,0,28,0],"v":{"t":[0,10]}},{"k":[47,0,0,28,0],"v":{"t":[0,10]}},{"k":[46,0,0,29,0],"v":{"t":[1,10]}},{"k":[45,0,0,30,0],"v":{"t":[1,10]}},{"k":[43,1,0,31,0],"v":{"t":[0,0]}},{"k":[46,1,0,28,0],"v":{"t":[0,0]}},{"k":[44,0,0,31,0],"v":{"t":[0,10]}},{"k":[47,0,0,29,0],"v":{"t":[0,10]}},{"k":[46,0,0,30,0],"v":{"t":[1,10]}},{"k":[44,1,0,31,0],"v":{"t":[0,0]}},{"k":[45,0,0,31,0],"v":{"t":[0,10]}},{"k":[47,0,0,30,0],"v":{"t":[1,10]}},{"k":[45,1,0,31,0],"v":{"t":[0,0]}},{"k":[46,0,0,31,0],"v":{"t":[0,10]}},{"k":[46,1,0,31,0],"v":{"t":[0,0]}},{"k":[47,0,0,31,0],"v":{"t":[0,10]}},{"k":[47,1,0,31,0],"v":{"t":[0,0]}},{"k":[34,0,0,31,0],"v":{"t":[1,10]}},{"k":[47,0,0,18,0],"v":{"t":[0,10]}},{"k":[43,1,0,21,0],"v":{"t":[0,0]}},{"k":[35,1,0,29,0],"v":{"t":[0,0]}},{"k":[36,1,0,28,0],"v":{"t":[0,0]}},{"k":[46,1,0,18,0],"v":{"t":[0,0]}},{"k":[37,1,0,27,0],"v":{"t":[0,0]}},{"k":[35,0,0,30,0],"v":{"t":[0,10]}},{"k":[36,0,0,29,0],"v":{"t":[0,10]}},{"k":[37,0,0,28,0],"v":{"t":[0,10]}},{"k":[38,0,0,27,0],"v":{"t":[0,10]}},{"k":[39,0,0,26,0],"v":{"t":[0,10]}},{"k":[40,0,0,25,0],"v":{"t":[0,10]}},{"k":[41,0,0,24,0],"v":{"t":[0,10]}},{"k":[42,0,0,23,0],"v":{"t":[0,10]}},{"k":[43,0,0,22,0],"v":{"t":[0,10]}},{"k":[44,0,0,21,0],"v":{"t":[0,10]}},{"k":[45,0,0,20,0],"v":{"t":[0,10]}},{"k":[46,0,0,19,0],"v":{"t":[0,10]}},{"k":[47,0,0,19,0],"v":{"t":[0,10]}},{"k":[37,0,0,29,0],"v":{"t":[0,10]}},{"k":[35,1,0,30,0],"v":{"t":[0,0]}},{"k":[36,1,0,29,0],"v":{"t":[0,0]}},{"k":[46,1,0,19,0],"v":{"t":[0,0]}},{"k":[37,1,0,28,0],"v":{"t":[0,0]}},{"k":[35,0,0,31,0],"v":{"t":[0,10]}},{"k":[36,0,0,30,0],"v":{"t":[0,10]}},{"k":[38,0,0,28,0],"v":{"t":[0,10]}},{"k":[39,0,0,27,0],"v":{"t":[0,10]}},{"k":[40,0,0,26,0],"v":{"t":[0,10]}},{"k":[41,0,0,25,0],"v":{"t":[0,10]}},{"k":[42,0,0,24,0],"v":{"t":[0,10]}},{"k":[43,0,0,23,0],"v":{"t":[0,10]}},{"k":[44,0,0,22,0],"v":{"t":[0,10]}},{"k":[45,0,0,21,0],"v":{"t":[0,10]}},{"k":[46,0,0,20,0],"v":{"t":[0,10]}},{"k":[47,0,0,20,0],"v":{"t":[0,10]}},{"k":[38,0,0,29,0],"v":{"t":[1,10]}},{"k":[37,0,0,30,0],"v":{"t":[0,10]}},{"k":[35,1,0,31,0],"v":{"t":[0,0]}},{"k":[36,1,0,30,0],"v":{"t":[0,0]}},{"k":[46,1,0,20,0],"v":{"t":[0,0]}},{"k":[38,1,0,28,0],"v":{"t":[0,0]}},{"k":[36,0,0,31,0],"v":{"t":[0,10]}},{"k":[39,0,0,28,0],"v":{"t":[0,10]}},{"k":[40,0,0,27,0],"v":{"t":[0,10]}},{"k":[41,0,0,26,0],"v":{"t":[0,10]}},{"k":[42,0,0,25,0],"v":{"t":[0,10]}},{"k":[43,0,0,24,0],"v":{"t":[0,10]}},{"k":[44,0,0,23,0],"v":{"t":[0,10]}},{"k":[45,0,0,22,0],"v":{"t":[0,10]}},{"k":[46,0,0,21,0],"v":{"t":[0,10]}},{"k":[47,0,0,21,0],"v":{"t":[0,10]}},{"k":[39,0,0,29,0],"v":{"t":[1,10]}},{"k":[37,0,0,31,0],"v":{"t":[0,10]}},{"k":[38,0,0,30,0],"v":{"t":[1,10]}},{"k":[36,1,0,31,0],"v":{"t":[0,0]}},{"k":[46,1,0,21,0],"v":{"t":[0,0]}},{"k":[39,1,0,28,0],"v":{"t":[0,0]}},{"k":[40,0,0,28,0],"v":{"t":[0,10]}},{"k":[41,0,0,27,0],"v":{"t":[0,10]}},{"k":[42,0,0,26,0],"v":{"t":[0,10]}},{"k":[43,0,0,25,0],"v":{"t":[0,10]}},{"k":[44,0,0,24,0],"v":{"t":[0,10]}},{"k":[45,0,0,23,0],"v":{"t":[0,10]}},{"k":[46,0,0,22,0],"v":{"t":[0,10]}},{"k":[47,0,0,22,0],"v":{"t":[0,10]}},{"k":[40,0,0,29,0],"v":{"t":[0,10]}},{"k":[38,0,0,31,0],"v":{"t":[1,10]}},{"k":[39,0,0,30,0],"v":{"t":[1,10]}},{"k":[46,1,0,22,0],"v":{"t":[0,0]}},{"k":[40,1,0,28,0],"v":{"t":[0,0]}},{"k":[41,0,0,28,0],"v":{"t":[0,10]}},{"k":[42,0,0,27,0],"v":{"t":[0,10]}},{"k":[43,0,0,26,0],"v":{"t":[0,10]}},{"k":[44,0,0,25,0],"v":{"t":[0,10]}},{"k":[45,0,0,24,0],"v":{"t":[0,10]}},{"k":[46,0,0,23,0],"v":{"t":[0,10]}},{"k":[47,0,0,23,0],"v":{"t":[0,10]}},{"k":[41,0,0,29,0],"v":{"t":[1,10]}},{"k":[40,0,0,30,0],"v":{"t":[1,10]}},{"k":[46,1,0,23,0],"v":{"t":[0,0]}},{"k":[41,1,0,28,0],"v":{"t":[0,0]}},{"k":[39,0,0,31,0],"v":{"t":[0,10]}},{"k":[42,0,0,28,0],"v":{"t":[0,10]}},{"k":[43,0,0,27,0],"v":{"t":[0,10]}},{"k":[44,0,0,26,0],"v":{"t":[0,10]}},{"k":[45,0,0,25,0],"v":{"t":[0,10]}},{"k":[46,0,0,24,0],"v":{"t":[0,10]}},{"k":[47,0,0,24,0],"v":{"t":[1,10]}},{"k":[42,0,0,29,0],"v":{"t":[1,10]}},{"k":[41,0,0,30,0],"v":{"t":[0,10]}},{"k":[46,1,0,24,0],"v":{"t":[0,0]}},{"k":[42,1,0,28,0],"v":{"t":[0,0]}},{"k":[39,1,0,31,0],"v":{"t":[0,0]}},{"k":[40,0,0,31,0],"v":{"t":[0,10]}},{"k":[43,0,0,28,0],"v":{"t":[0,10]}},{"k":[44,0,0,27,0],"v":{"t":[0,10]}},{"k":[45,0,0,26,0],"v":{"t":[0,10]}},{"k":[46,0,0,25,0],"v":{"t":[0,10]}},{"k":[47,0,0,25,0],"v":{"t":[0,10]}},{"k":[43,0,0,29,0],"v":{"t":[1,10]}},{"k":[42,0,0,30,0],"v":{"t":[0,10]}},{"k":[40,1,0,31,0],"v":{"t":[0,0]}},{"k":[46,1,0,25,0],"v":{"t":[0,0]}},{"k":[43,1,0,28,0],"v":{"t":[0,0]}},{"k":[41,0,0,31,0],"v":{"t":[0,10]}},{"k":[44,0,0,28,0],"v":{"t":[0,10]}},{"k":[45,0,0,27,0],"v":{"t":[0,10]}},{"k":[46,0,0,26,0],"v":{"t":[0,10]}},{"k":[32,0,0,25,0],"v":{"t":[0,10]}},{"k":[40,0,0,17,0],"v":{"t":[0,10]}},{"k":[41,0,0,16,0],"v":{"t":[0,10]}},{"k":[38,1,0,18,0],"v":{"t":[0,0]}},{"k":[40,1,0,16,0],"v":{"t":[0,0]}},{"k":[33,0,0,24,0],"v":{"t":[0,10]}},{"k":[34,0,0,23,0],"v":{"t":[1,10]}},{"k":[38,0,0,19,0],"v":{"t":[0,10]}},{"k":[37,0,0,20,0],"v":{"t":[1,10]}},{"k":[35,1,0,21,0],"v":{"t":[0,0]}},{"k":[32,1,0,24,0],"v":{"t":[0,0]}},{"k":[39,0,0,18,0],"v":{"t":[0,10]}},{"k":[35,0,0,22,0],"v":{"t":[0,10]}},{"k":[36,0,0,21,0],"v":{"t":[0,10]}},{"k":[33,0,0,25,0],"v":{"t":[0,10]}},{"k":[32,0,0,26,0],"v":{"t":[1,10]}},{"k":[41,0,0,17,0],"v":{"t":[0,10]}},{"k":[42,0,0,16,0],"v":{"t":[1,10]}},{"k":[39,1,0,18,0],"v":{"t":[0,0]}},{"k":[40,1,0,17,0],"v":{"t":[0,0]}},{"k":[34,0,0,24,0],"v":{"t":[1,10]}},{"k":[39,0,0,19,0],"v":{"t":[0,10]}},{"k":[38,0,0,20,0],"v":{"t":[1,10]}},{"k":[36,1,0,21,0],"v":{"t":[0,0]}},{"k":[35,1,0,22,0],"v":{"t":[0,0]}},{"k":[40,0,0,18,0],"v":{"t":[0,10]}},{"k":[35,0,0,23,0],"v":{"t":[0,10]}},{"k":[36,0,0,22,0],"v":{"t":[0,10]}},{"k":[37,0,0,21,0],"v":{"t":[0,10]}},{"k":[34,0,0,25,0],"v":{"t":[1,10]}},{"k":[33,0,0,26,0],"v":{"t":[0,10]}},{"k":[32,0,0,27,0],"v":{"t":[1,10]}},{"k":[42,0,0,17,0],"v":{"t":[1,10]}},{"k":[40,1,0,18,0],"v":{"t":[0,0]}},{"k":[40,0,0,19,0],"v":{"t":[0,10]}},{"k":[41,0,0,18,0],"v":{"t":[0,10]}},{"k":[39,0,0,20,0],"v":{"t":[1,10]}},{"k":[37,1,0,21,0],"v":{"t":[0,0]}},{"k":[35,1,0,23,0],"v":{"t":[0,0]}},{"k":[36,1,0,22,0],"v":{"t":[0,0]}},{"k":[35,0,0,24,0],"v":{"t":[0,10]}},{"k":[36,0,0,23,0],"v":{"t":[0,10]}},{"k":[37,0,0,22,0],"v":{"t":[0,10]}},{"k":[38,0,0,21,0],"v":{"t":[0,10]}},{"k":[43,0,0,16,0],"v":{"t":[0,10]}},{"k":[34,0,0,26,0],"v":{"t":[1,10]}},{"k":[33,0,0,27,0],"v":{"t":[0,10]}},{"k":[32,0,0,28,0],"v":{"t":[1,10]}},{"k":[41,0,0,19,0],"v":{"t":[0,10]}},{"k":[42,0,0,18,0],"v":{"t":[1,10]}},{"k":[40,0,0,20,0],"v":{"t":[1,10]}},{"k":[43,1,0,16,0],"v":{"t":[0,0]}},{"k":[38,1,0,21,0],"v":{"t":[0,0]}},{"k":[35,1,0,24,0],"v":{"t":[0,0]}},{"k":[36,1,0,23,0],"v":{"t":[0,0]}},{"k":[35,0,0,25,0],"v":{"t":[0,10]}},{"k":[36,0,0,24,0],"v":{"t":[0,10]}},{"k":[37,0,0,23,0],"v":{"t":[0,10]}},{"k":[38,0,0,22,0],"v":{"t":[0,10]}},{"k":[39,0,0,21,0],"v":{"t":[0,10]}},{"k":[43,0,0,17,0],"v":{"t":[0,10]}},{"k":[44,0,0,16,0],"v":{"t":[0,10]}},{"k":[34,0,0,27,0],"v":{"t":[1,10]}},{"k":[33,0,0,28,0],"v":{"t":[0,10]}},{"k":[32,0,0,29,0],"v":{"t":[1,10]}},{"k":[42,0,0,19,0],"v":{"t":[1,10]}},{"k":[41,0,0,20,0],"v":{"t":[1,10]}},{"k":[43,1,0,17,0],"v":{"t":[0,0]}},{"k":[39,1,0,21,0],"v":{"t":[0,0]}},{"k":[35,1,0,25,0],"v":{"t":[0,0]}},{"k":[36,1,0,24,0],"v":{"t":[0,0]}},{"k":[35,0,0,26,0],"v":{"t":[0,10]}},{"k":[36,0,0,25,0],"v":{"t":[0,10]}},{"k":[37,0,0,24,0],"v":{"t":[0,10]}},{"k":[38,0,0,23,0],"v":{"t":[0,10]}},{"k":[39,0,0,22,0],"v":{"t":[0,10]}},{"k":[40,0,0,21,0],"v":{"t":[0,10]}},{"k":[43,0,0,18,0],"v":{"t":[0,10]}},{"k":[44,0,0,17,0],"v":{"t":[0,10]}},{"k":[45,0,0,16,0],"v":{"t":[0,10]}},{"k":[34,0,0,28,0],"v":{"t":[1,10]}},{"k":[33,0,0,29,0],"v":{"t":[0,10]}},{"k":[32,0,0,30,0],"v":{"t":[1,10]}},{"k":[42,0,0,20,0],"v":{"t":[1,10]}},{"k":[43,1,0,18,0],"v":{"t":[0,0]}},{"k":[40,1,0,21,0],"v":{"t":[0,0]}},{"k":[35,1,0,26,0],"v":{"t":[0,0]}},{"k":[36,1,0,25,0],"v":{"t":[0,0]}},{"k":[35,0,0,27,0],"v":{"t":[0,10]}},{"k":[36,0,0,26,0],"v":{"t":[0,10]}},{"k":[37,0,0,25,0],"v":{"t":[0,10]}},{"k":[38,0,0,24,0],"v":{"t":[0,10]}},{"k":[39,0,0,23,0],"v":{"t":[0,10]}},{"k":[40,0,0,22,0],"v":{"t":[0,10]}},{"k":[41,0,0,21,0],"v":{"t":[0,10]}},{"k":[43,0,0,19,0],"v":{"t":[0,10]}},{"k":[44,0,0,18,0],"v":{"t":[0,10]}},{"k":[45,0,0,17,0],"v":{"t":[0,10]}},{"k":[46,0,0,16,0],"v":{"t":[0,10]}},{"k":[34,0,0,29,0],"v":{"t":[1,10]}},{"k":[33,0,0,30,0],"v":{"t":[0,10]}},{"k":[32,0,0,31,0],"v":{"t":[1,10]}},{"k":[47,0,0,16,0],"v":{"t":[0,10]}},{"k":[43,1,0,19,0],"v":{"t":[0,0]}},{"k":[41,1,0,21,0],"v":{"t":[0,0]}},{"k":[35,1,0,27,0],"v":{"t":[0,0]}},{"k":[36,1,0,26,0],"v":{"t":[0,0]}},{"k":[46,1,0,16,0],"v":{"t":[0,0]}},{"k":[35,0,0,28,0],"v":{"t":[0,10]}},{"k":[36,0,0,27,0],"v":{"t":[0,10]}},{"k":[37,0,0,26,0],"v":{"t":[0,10]}},{"k":[38,0,0,25,0],"v":{"t":[0,10]}},{"k":[39,0,0,24,0],"v":{"t":[0,10]}},{"k":[40,0,0,23,0],"v":{"t":[0,10]}},{"k":[41,0,0,22,0],"v":{"t":[0,10]}},{"k":[42,0,0,21,0],"v":{"t":[0,10]}},{"k":[43,0,0,20,0],"v":{"t":[0,10]}},{"k":[44,0,0,19,0],"v":{"t":[0,10]}},{"k":[45,0,0,18,0],"v":{"t":[0,10]}},{"k":[46,0,0,17,0],"v":{"t":[0,10]}},{"k":[34,0,0,30,0],"v":{"t":[1,10]}},{"k":[33,0,0,31,0],"v":{"t":[0,10]}},{"k":[47,0,0,17,0],"v":{"t":[0,10]}},{"k":[43,1,0,20,0],"v":{"t":[0,0]}},{"k":[42,1,0,21,0],"v":{"t":[0,0]}},{"k":[35,1,0,28,0],"v":{"t":[0,0]}},{"k":[36,1,0,27,0],"v":{"t":[0,0]}},{"k":[46,1,0,17,0],"v":{"t":[0,0]}},{"k":[35,0,0,29,0],"v":{"t":[0,10]}},{"k":[36,0,0,28,0],"v":{"t":[0,10]}},{"k":[37,0,0,27,0],"v":{"t":[0,10]}},{"k":[38,0,0,26,0],"v":{"t":[0,10]}},{"k":[39,0,0,25,0],"v":{"t":[0,10]}},{"k":[40,0,0,24,0],"v":{"t":[0,10]}},{"k":[41,0,0,23,0],"v":{"t":[0,10]}},{"k":[42,0,0,22,0],"v":{"t":[0,10]}},{"k":[43,0,0,21,0],"v":{"t":[0,10]}},{"k":[44,0,0,20,0],"v":{"t":[0,10]}},{"k":[45,0,0,19,0],"v":{"t":[0,10]}},{"k":[46,0,0,18,0],"v":{"t":[0,10]}},{"k":[33,0,0,16,0],"v":{"t":[1,10]}},{"k":[32,0,0,17,0],"v":{"t":[0,10]}},{"k":[33,0,0,17,0],"v":{"t":[0,10]}},{"k":[34,0,0,16,0],"v":{"t":[0,0]}},{"k":[32,0,0,18,0],"v":{"t":[0,10]}},{"k":[34,0,0,17,0],"v":{"t":[0,10]}},{"k":[32,1,0,18,0],"v":{"t":[0,0]}},{"k":[34,1,0,16,0],"v":{"t":[0,0]}},{"k":[35,0,0,16,0],"v":{"t":[0,0]}},{"k":[33,0,0,18,0],"v":{"t":[0,10]}},{"k":[32,0,0,19,0],"v":{"t":[0,10]}},{"k":[35,0,0,17,0],"v":{"t":[1,10]}},{"k":[33,1,0,18,0],"v":{"t":[0,0]}},{"k":[34,1,0,17,0],"v":{"t":[0,0]}},{"k":[33,0,0,19,0],"v":{"t":[0,10]}},{"k":[32,1,0,19,0],"v":{"t":[0,0]}},{"k":[36,0,0,16,0],"v":{"t":[0,0]}},{"k":[34,0,0,18,0],"v":{"t":[0,10]}},{"k":[32,0,0,20,0],"v":{"t":[0,10]}},{"k":[36,0,0,17,0],"v":{"t":[0,10]}},{"k":[34,1,0,18,0],"v":{"t":[0,0]}},{"k":[33,0,0,20,0],"v":{"t":[0,10]}},{"k":[34,0,0,19,0],"v":{"t":[0,10]}},{"k":[32,1,0,20,0],"v":{"t":[0,0]}},{"k":[37,0,0,16,0],"v":{"t":[0,0]}},{"k":[35,0,0,18,0],"v":{"t":[0,10]}},{"k":[32,0,0,21,0],"v":{"t":[0,10]}},{"k":[37,0,0,17,0],"v":{"t":[0,10]}},{"k":[35,1,0,18,0],"v":{"t":[0,0]}},{"k":[33,0,0,21,0],"v":{"t":[0,10]}},{"k":[34,0,0,20,0],"v":{"t":[1,10]}},{"k":[35,0,0,19,0],"v":{"t":[0,10]}},{"k":[32,1,0,21,0],"v":{"t":[0,0]}},{"k":[38,0,0,16,0],"v":{"t":[0,0]}},{"k":[36,0,0,18,0],"v":{"t":[0,10]}},{"k":[32,0,0,22,0],"v":{"t":[0,10]}},{"k":[38,0,0,17,0],"v":{"t":[0,10]}},{"k":[36,1,0,18,0],"v":{"t":[0,0]}},{"k":[33,0,0,22,0],"v":{"t":[0,10]}},{"k":[34,0,0,21,0],"v":{"t":[1,10]}},{"k":[36,0,0,19,0],"v":{"t":[0,10]}},{"k":[35,0,0,20,0],"v":{"t":[0,10]}},{"k":[32,1,0,22,0],"v":{"t":[0,0]}},{"k":[39,0,0,16,0],"v":{"t":[0,0]}},{"k":[37,0,0,18,0],"v":{"t":[0,10]}},{"k":[32,0,0,23,0],"v":{"t":[0,10]}},{"k":[39,0,0,17,0],"v":{"t":[0,10]}},{"k":[37,1,0,18,0],"v":{"t":[0,0]}},{"k":[33,0,0,23,0],"v":{"t":[0,10]}},{"k":[34,0,0,22,0],"v":{"t":[1,10]}},{"k":[37,0,0,19,0],"v":{"t":[0,10]}},{"k":[36,0,0,20,0],"v":{"t":[1,10]}},{"k":[32,1,0,23,0],"v":{"t":[0,0]}},{"k":[40,0,0,16,0],"v":{"t":[0,0]}},{"k":[38,0,0,18,0],"v":{"t":[0,10]}},{"k":[32,0,0,24,0],"v":{"t":[0,10]}},{"k":[35,0,0,21,0],"v":{"t":[0,10]}},{"k":[32,0,0,16,0],"v":{"t":[0,10]}}]},"moun":{"a":[{"k":[42,0,0,31,0],"v":{"l":true,"r":true,"sid":18}},{"k":[46,0,0,27,0],"v":{"b":true,"sid":18,"t":true}},{"k":[45,0,0,28,0],"v":{"l":true,"r":true,"sid":18}},{"k":[43,0,0,31,0],"v":{"l":true,"r":true,"sid":18}},{"k":[46,0,0,28,0],"v":{"l":true,"sid":18,"t":true}},{"k":[44,0,0,31,0],"v":{"l":true,"r":true,"sid":18}},{"k":[45,0,0,31,0],"v":{"l":true,"r":true,"sid":18}},{"k":[46,0,0,31,0],"v":{"l":true,"r":true,"sid":18}},{"k":[47,0,0,31,0],"v":{"l":true,"r":true,"sid":18}},{"k":[35,0,0,30,0],"v":{"b":true,"r":true,"sid":18,"t":true}},{"k":[36,0,0,29,0],"v":{"b":true,"l":true,"sid":18,"t":true}},{"k":[46,0,0,19,0],"v":{"b":true,"sid":18,"t":true}},{"k":[37,0,0,28,0],"v":{"l":true,"r":true,"sid":18,"t":true}},{"k":[35,0,0,31,0],"v":{"b":true,"r":true,"sid":18,"t":true}},{"k":[36,0,0,30,0],"v":{"b":true,"l":true,"sid":18,"t":true}},{"k":[46,0,0,20,0],"v":{"b":true,"sid":18,"t":true}},{"k":[38,0,0,28,0],"v":{"l":true,"r":true,"sid":18}},{"k":[36,0,0,31,0],"v":{"b":true,"l":true,"sid":18,"t":true}},{"k":[46,0,0,21,0],"v":{"b":true,"sid":18,"t":true}},{"k":[39,0,0,28,0],"v":{"l":true,"r":true,"sid":18}},{"k":[46,0,0,22,0],"v":{"b":true,"sid":18,"t":true}},{"k":[40,0,0,28,0],"v":{"l":true,"r":true,"sid":18}},{"k":[46,0,0,23,0],"v":{"b":true,"sid":18,"t":true}},{"k":[41,0,0,28,0],"v":{"l":true,"r":true,"sid":18}},{"k":[46,0,0,24,0],"v":{"b":true,"sid":18,"t":true}},{"k":[42,0,0,28,0],"v":{"l":true,"r":true,"sid":18}},{"k":[39,0,0,31,0],"v":{"b":true,"r":true,"sid":18}},{"k":[40,0,0,31,0],"v":{"l":true,"r":true,"sid":18}},{"k":[46,0,0,25,0],"v":{"b":true,"sid":18,"t":true}},{"k":[43,0,0,28,0],"v":{"l":true,"r":true,"sid":18}},{"k":[41,0,0,31,0],"v":{"l":true,"r":true,"sid":18}},{"k":[46,0,0,26,0],"v":{"b":true,"sid":18,"t":true}},{"k":[44,0,0,28,0],"v":{"l":true,"r":true,"sid":18}},{"k":[39,0,0,18,0],"v":{"l":true,"r":true,"sid":18}},{"k":[40,0,0,17,0],"v":{"b":true,"sid":18,"t":true}},{"k":[36,0,0,21,0],"v":{"b":true,"l":true,"r":true,"sid":18}},{"k":[35,0,0,22,0],"v":{"b":true,"r":true,"sid":18,"t":true}},{"k":[40,0,0,18,0],"v":{"l":true,"sid":18,"t":true}},{"k":[37,0,0,21,0],"v":{"l":true,"r":true,"sid":18}},{"k":[35,0,0,23,0],"v":{"b":true,"r":true,"sid":18,"t":true}},{"k":[36,0,0,22,0],"v":{"b":true,"l":true,"sid":18,"t":true}},{"k":[43,0,0,16,0],"v":{"b":true,"sid":18,"t":true}},{"k":[38,0,0,21,0],"v":{"l":true,"r":true,"sid":18}},{"k":[35,0,0,24,0],"v":{"b":true,"r":true,"sid":18,"t":true}},{"k":[36,0,0,23,0],"v":{"b":true,"l":true,"sid":18,"t":true}},{"k":[43,0,0,17,0],"v":{"b":true,"sid":18,"t":true}},{"k":[39,0,0,21,0],"v":{"l":true,"r":true,"sid":18}},{"k":[35,0,0,25,0],"v":{"b":true,"r":true,"sid":18,"t":true}},{"k":[36,0,0,24,0],"v":{"b":true,"l":true,"sid":18,"t":true}},{"k":[43,0,0,18,0],"v":{"b":true,"sid":18,"t":true}},{"k":[40,0,0,21,0],"v":{"l":true,"r":true,"sid":18}},{"k":[35,0,0,26,0],"v":{"b":true,"r":true,"sid":18,"t":true}},{"k":[36,0,0,25,0],"v":{"b":true,"l":true,"sid":18,"t":true}},{"k":[43,0,0,19,0],"v":{"b":true,"sid":18,"t":true}},{"k":[41,0,0,21,0],"v":{"l":true,"r":true,"sid":18}},{"k":[35,0,0,27,0],"v":{"b":true,"r":true,"sid":18,"t":true}},{"k":[36,0,0,26,0],"v":{"b":true,"l":true,"sid":18,"t":true}},{"k":[46,0,0,16,0],"v":{"b":true,"sid":18,"t":true}},{"k":[43,0,0,20,0],"v":{"b":true,"sid":18,"t":true}},{"k":[42,0,0,21,0],"v":{"l":true,"r":true,"sid":18}},{"k":[35,0,0,28,0],"v":{"b":true,"r":true,"sid":18,"t":true}},{"k":[36,0,0,27,0],"v":{"b":true,"l":true,"r":true,"sid":18,"t":true}},{"k":[46,0,0,17,0],"v":{"b":true,"sid":18,"t":true}},{"k":[43,0,0,21,0],"v":{"l":true,"sid":18,"t":true}},{"k":[35,0,0,29,0],"v":{"b":true,"r":true,"sid":18,"t":true}},{"k":[36,0,0,28,0],"v":{"b":true,"l":true,"r":true,"sid":18,"t":true}},{"k":[46,0,0,18,0],"v":{"b":true,"sid":18,"t":true}},{"k":[37,0,0,27,0],"v":{"b":true,"l":true,"sid":18}},{"k":[32,0,0,18,0],"v":{"b":true,"l":true,"r":true,"sid":18}},{"k":[34,0,0,16,0],"v":{"b":true,"sid":18,"t":true}},{"k":[33,0,0,18,0],"v":{"l":true,"r":true,"sid":18}},{"k":[34,0,0,17,0],"v":{"b":true,"sid":18,"t":true}},{"k":[32,0,0,19,0],"v":{"b":true,"sid":18,"t":true}},{"k":[34,0,0,18,0],"v":{"l":true,"r":true,"sid":18,"t":true}},{"k":[32,0,0,20,0],"v":{"b":true,"sid":18,"t":true}},{"k":[35,0,0,18,0],"v":{"l":true,"r":true,"sid":18}},{"k":[32,0,0,21,0],"v":{"b":true,"l":true,"sid":18,"t":true}},{"k":[36,0,0,18,0],"v":{"l":true,"r":true,"sid":18}},{"k":[32,0,0,22,0],"v":{"b":true,"l":true,"sid":18,"t":true}},{"k":[37,0,0,18,0],"v":{"l":true,"r":true,"sid":18}},{"k":[32,0,0,23,0],"v":{"b":true,"l":true,"sid":18,"t":true}},{"k":[38,0,0,18,0],"v":{"l":true,"r":true,"sid":18}},{"k":[40,0,0,16,0],"v":{"b":true,"sid":18,"t":true}},{"k":[35,0,0,21,0],"v":{"b":true,"r":true,"sid":18}},{"k":[32,0,0,24,0],"v":{"l":true,"sid":18,"t":true}}],"o":[]},"objs":{"list":[]},"objs3d":{"a":[],"o":[]},"sprites":{"list":[],"overflow":[],"walls":[]}}