{"lands":{"autotiles":[],"floors":[{"k":[49,1,0,15,0],"v":{"t":[0,0]}},{"k":[48,0,0,9,0],"v":{"t":[1,10]}},{"k":[49,1,0,7,0],"v":{"t":[0,0]}},{"k":[49,0,0,8,0],"v":{"t":[0,10]}},{"k":[48,0,0,10,0],"v":{"t":[1,10]}},{"k":[49,1,0,8,0],"v":{"t":[0,0]}},{"k":[49,0,0,9,0],"v":{"t":[0,10]}},{"k":[48,0,0,11,0],"v":{"t":[1,10]}},{"k":[49,1,0,9,0],"v":{"t":[0,0]}},{"k":[49,0,0,10,0],"v":{"t":[0,10]}},{"k":[48,0,0,12,0],"v":{"t":[1,10]}},{"k":[49,1,0,10,0],"v":{"t":[0,0]}},{"k":[49,0,0,11,0],"v":{"t":[0,10]}},{"k":[48,0,0,13,0],"v":{"t":[1,10]}},{"k":[49,1,0,11,0],"v":{"t":[0,0]}},{"k":[49,0,0,12,0],"v":{"t":[0,10]}},{"k":[48,0,0,14,0],"v":{"t":[1,10]}},{"k":[49,1,0,12,0],"v":{"t":[0,0]}},{"k":[49,0,0,13,0],"v":{"t":[0,10]}},{"k":[48,0,0,15,0],"v":{"t":[1,10]}},{"k":[49,1,0,13,0],"v":{"t":[0,0]}},{"k":[49,0,0,14,0],"v":{"t":[0,10]}},{"k":[49,1,0,14,0],"v":{"t":[0,0]}},{"k":[49,0,0,15,0],"v":{"t":[0,10]}},{"k":[48,0,0,1,0],"v":{"t":[0,10]}},{"k":[49,0,0,0,0],"v":{"t":[0,10]}},{"k":[48,0,0,2,0],"v":{"t":[0,10]}},{"k":[49,0,0,1,0],"v":{"t":[0,10]}},{"k":[48,0,0,3,0],"v":{"t":[1,10]}},{"k":[48,1,0,2,0],"v":{"t":[0,0]}},{"k":[49,0,0,2,0],"v":{"t":[0,10]}},{"k":[48,0,0,4,0],"v":{"t":[1,10]}},{"k":[49,1,0,2,0],"v":{"t":[0,0]}},{"k":[49,0,0,3,0],"v":{"t":[0,10]}},{"k":[48,0,0,5,0],"v":{"t":[1,10]}},{"k":[49,1,0,3,0],"v":{"t":[0,0]}},{"k":[49,0,0,4,0],"v":{"t":[0,10]}},{"k":[48,0,0,6,0],"v":{"t":[1,10]}},{"k":[49,1,0,4,0],"v":{"t":[0,0]}},{"k":[49,0,0,5,0],"v":{"t":[0,10]}},{"k":[48,0,0,7,0],"v":{"t":[1,10]}},{"k":[49,1,0,5,0],"v":{"t":[0,0]}},{"k":[49,0,0,6,0],"v":{"t":[0,10]}},{"k":[48,0,0,8,0],"v":{"t":[1,10]}},{"k":[49,1,0,6,0],"v":{"t":[0,0]}},{"k":[49,0,0,7,0],"v":{"t":[0,10]}},{"k":[48,0,0,0,0],"v":{"t":[0,10]}}]},"moun":{"a":[{"k":[49,0,0,5,0],"v":{"b":true,"sid":18,"t":true}},{"k":[49,0,0,6,0],"v":{"b":true,"sid":18,"t":true}},{"k":[49,0,0,7,0],"v":{"b":true,"sid":18,"t":true}},{"k":[49,0,0,8,0],"v":{"b":true,"sid":18,"t":true}},{"k":[49,0,0,9,0],"v":{"b":true,"sid":18,"t":true}},{"k":[49,0,0,10,0],"v":{"b":true,"sid":18,"t":true}},{"k":[49,0,0,11,0],"v":{"b":true,"sid":18,"t":true}},{"k":[49,0,0,12,0],"v":{"b":true,"sid":18,"t":true}},{"k":[49,0,0,13,0],"v":{"b":true,"sid":18,"t":true}},{"k":[49,0,0,14,0],"v":{"b":true,"sid":18,"t":true}},{"k":[49,0,0,15,0],"v":{"b":true,"sid":18,"t":true}},{"k":[48,0,0,2,0],"v":{"l":true,"r":true,"sid":18}},{"k":[49,0,0,2,0],"v":{"b":true,"l":true,"sid":18}},{"k":[49,0,0,3,0],"v":{"b":true,"sid":18,"t":true}},{"k":[49,0,0,4,0],"v":{"b":true,"sid":18,"t":true}}],"o":[]},"objs":{"list":[]},"objs3d":{"a":[],"o":[]},"sprites":{"list":[],"overflow":[],"walls":[]}}