{"lands":{"autotiles":[],"floors":[{"k":[48,0,0,29,0],"v":{"t":[1,10]}},{"k":[49,1,0,27,0],"v":{"t":[0,0]}},{"k":[49,0,0,28,0],"v":{"t":[0,10]}},{"k":[48,0,0,30,0],"v":{"t":[1,10]}},{"k":[49,1,0,28,0],"v":{"t":[0,0]}},{"k":[49,0,0,29,0],"v":{"t":[0,10]}},{"k":[49,1,0,29,0],"v":{"t":[0,0]}},{"k":[49,0,0,30,0],"v":{"t":[0,10]}},{"k":[48,0,0,31,0],"v":{"t":[0,10]}},{"k":[49,1,0,30,0],"v":{"t":[0,0]}},{"k":[48,1,0,31,0],"v":{"t":[0,0]}},{"k":[49,0,0,31,0],"v":{"t":[0,10]}},{"k":[48,0,0,17,0],"v":{"t":[1,10]}},{"k":[49,0,0,16,0],"v":{"t":[0,10]}},{"k":[48,0,0,18,0],"v":{"t":[1,10]}},{"k":[49,1,0,16,0],"v":{"t":[0,0]}},{"k":[49,0,0,17,0],"v":{"t":[0,10]}},{"k":[48,0,0,19,0],"v":{"t":[1,10]}},{"k":[49,1,0,17,0],"v":{"t":[0,0]}},{"k":[49,0,0,18,0],"v":{"t":[0,10]}},{"k":[48,0,0,20,0],"v":{"t":[1,10]}},{"k":[49,1,0,18,0],"v":{"t":[0,0]}},{"k":[49,0,0,19,0],"v":{"t":[0,10]}},{"k":[48,0,0,21,0],"v":{"t":[1,10]}},{"k":[49,1,0,19,0],"v":{"t":[0,0]}},{"k":[49,0,0,20,0],"v":{"t":[0,10]}},{"k":[48,0,0,22,0],"v":{"t":[1,10]}},{"k":[49,1,0,20,0],"v":{"t":[0,0]}},{"k":[49,0,0,21,0],"v":{"t":[0,10]}},{"k":[48,0,0,23,0],"v":{"t":[1,10]}},{"k":[49,1,0,21,0],"v":{"t":[0,0]}},{"k":[49,0,0,22,0],"v":{"t":[0,10]}},{"k":[48,0,0,24,0],"v":{"t":[1,10]}},{"k":[49,1,0,22,0],"v":{"t":[0,0]}},{"k":[49,0,0,23,0],"v":{"t":[0,10]}},{"k":[48,0,0,16,0],"v":{"t":[1,10]}},{"k":[49,1,0,31,0],"v":{"t":[0,0]}},{"k":[48,0,0,25,0],"v":{"t":[1,10]}},{"k":[49,1,0,23,0],"v":{"t":[0,0]}},{"k":[49,0,0,24,0],"v":{"t":[0,10]}},{"k":[48,0,0,26,0],"v":{"t":[1,10]}},{"k":[49,1,0,24,0],"v":{"t":[0,0]}},{"k":[49,0,0,25,0],"v":{"t":[0,10]}},{"k":[48,0,0,27,0],"v":{"t":[1,10]}},{"k":[49,1,0,25,0],"v":{"t":[0,0]}},{"k":[49,0,0,26,0],"v":{"t":[0,10]}},{"k":[48,0,0,28,0],"v":{"t":[1,10]}},{"k":[49,1,0,26,0],"v":{"t":[0,0]}},{"k":[49,0,0,27,0],"v":{"t":[0,10]}}]},"moun":{"a":[{"k":[49,0,0,20,0],"v":{"b":true,"sid":18,"t":true}},{"k":[49,0,0,21,0],"v":{"b":true,"sid":18,"t":true}},{"k":[49,0,0,22,0],"v":{"b":true,"sid":18,"t":true}},{"k":[49,0,0,23,0],"v":{"b":true,"sid":18,"t":true}},{"k":[49,0,0,24,0],"v":{"b":true,"sid":18,"t":true}},{"k":[49,0,0,25,0],"v":{"b":true,"sid":18,"t":true}},{"k":[49,0,0,26,0],"v":{"b":true,"sid":18,"t":true}},{"k":[49,0,0,27,0],"v":{"b":true,"sid":18,"t":true}},{"k":[49,0,0,28,0],"v":{"b":true,"sid":18,"t":true}},{"k":[49,0,0,29,0],"v":{"b":true,"sid":18,"t":true}},{"k":[49,0,0,30,0],"v":{"b":true,"sid":18,"t":true}},{"k":[48,0,0,31,0],"v":{"b":true,"l":true,"r":true,"sid":18}},{"k":[49,0,0,31,0],"v":{"b":true,"l":true,"sid":18,"t":true}},{"k":[49,0,0,16,0],"v":{"b":true,"sid":18,"t":true}},{"k":[49,0,0,17,0],"v":{"b":true,"sid":18,"t":true}},{"k":[49,0,0,18,0],"v":{"b":true,"sid":18,"t":true}},{"k":[49,0,0,19,0],"v":{"b":true,"sid":18,"t":true}}],"o":[]},"objs":{"list":[]},"objs3d":{"a":[],"o":[]},"sprites":{"list":[],"overflow":[],"walls":[]}}