{"lands":{"autotiles":[],"floors":[{"k":[48,1,0,32,0],"v":{"t":[0,0]}},{"k":[49,0,0,32,0],"v":{"t":[0,10]}},{"k":[48,0,0,33,0],"v":{"t":[0,10]}},{"k":[49,1,0,32,0],"v":{"t":[0,0]}},{"k":[48,1,0,33,0],"v":{"t":[0,0]}},{"k":[49,0,0,33,0],"v":{"t":[0,10]}},{"k":[48,0,0,34,0],"v":{"t":[0,10]}},{"k":[49,1,0,33,0],"v":{"t":[0,0]}},{"k":[49,0,0,34,0],"v":{"t":[0,10]}},{"k":[48,0,0,35,0],"v":{"t":[0,10]}},{"k":[49,0,0,35,0],"v":{"t":[0,10]}},{"k":[48,0,0,36,0],"v":{"t":[0,10]}},{"k":[49,0,0,36,0],"v":{"t":[0,10]}},{"k":[48,0,0,37,0],"v":{"t":[0,10]}},{"k":[49,0,0,37,0],"v":{"t":[0,10]}},{"k":[48,0,0,38,0],"v":{"t":[0,10]}},{"k":[49,0,0,38,0],"v":{"t":[0,10]}},{"k":[48,0,0,39,0],"v":{"t":[0,10]}},{"k":[49,0,0,39,0],"v":{"t":[0,10]}},{"k":[48,0,0,40,0],"v":{"t":[0,10]}},{"k":[48,0,0,41,0],"v":{"t":[0,10]}},{"k":[49,0,0,40,0],"v":{"t":[0,10]}},{"k":[49,0,0,41,0],"v":{"t":[0,10]}},{"k":[48,0,0,42,0],"v":{"t":[1,10]}},{"k":[49,0,0,42,0],"v":{"t":[0,10]}},{"k":[48,0,0,43,0],"v":{"t":[1,10]}},{"k":[48,0,0,44,0],"v":{"t":[1,10]}},{"k":[49,0,0,43,0],"v":{"t":[0,10]}},{"k":[49,0,0,44,0],"v":{"t":[0,10]}},{"k":[48,0,0,45,0],"v":{"t":[1,10]}},{"k":[49,0,0,45,0],"v":{"t":[0,10]}},{"k":[48,0,0,46,0],"v":{"t":[0,10]}},{"k":[49,0,0,46,0],"v":{"t":[1,10]}},{"k":[48,0,0,47,0],"v":{"t":[0,10]}},{"k":[48,0,0,32,0],"v":{"t":[0,10]}},{"k":[49,0,0,47,0],"v":{"t":[1,10]}}]},"moun":{"a":[{"k":[48,0,0,32,0],"v":{"b":true,"r":true,"sid":18,"t":true}},{"k":[49,0,0,32,0],"v":{"b":true,"l":true,"sid":18,"t":true}},{"k":[48,0,0,33,0],"v":{"l":true,"r":true,"sid":18,"t":true}},{"k":[49,0,0,33,0],"v":{"l":true,"sid":18,"t":true}}],"o":[]},"objs":{"list":[]},"objs3d":{"a":[],"o":[]},"sprites":{"list":[],"overflow":[],"walls":[]}}