{"lands":{"autotiles":[],"floors":[{"k":[6,0,0,15,0],"v":{"t":[3,0]}},{"k":[7,0,0,14,0],"v":{"t":[3,0]}},{"k":[8,0,0,13,0],"v":{"t":[3,0]}},{"k":[9,0,0,12,0],"v":{"t":[3,0]}},{"k":[10,0,0,11,0],"v":{"t":[3,0]}},{"k":[11,0,0,10,0],"v":{"t":[3,0]}},{"k":[12,0,0,9,0],"v":{"t":[3,0]}},{"k":[13,0,0,8,0],"v":{"t":[3,0]}},{"k":[14,0,0,7,0],"v":{"t":[3,0]}},{"k":[15,0,0,6,0],"v":{"t":[3,0]}},{"k":[7,0,0,15,0],"v":{"t":[3,0]}},{"k":[8,0,0,14,0],"v":{"t":[3,0]}},{"k":[9,0,0,13,0],"v":{"t":[3,0]}},{"k":[10,0,0,12,0],"v":{"t":[3,0]}},{"k":[11,0,0,11,0],"v":{"t":[3,0]}},{"k":[12,0,0,10,0],"v":{"t":[3,0]}},{"k":[13,0,0,9,0],"v":{"t":[3,0]}},{"k":[15,0,0,7,0],"v":{"t":[3,0]}},{"k":[14,0,0,8,0],"v":{"t":[5,2]}},{"k":[8,0,0,15,0],"v":{"t":[3,0]}},{"k":[9,0,0,14,0],"v":{"t":[3,0]}},{"k":[10,0,0,13,0],"v":{"t":[3,0]}},{"k":[11,0,0,12,0],"v":{"t":[3,0]}},{"k":[12,0,0,11,0],"v":{"t":[3,0]}},{"k":[13,0,0,10,0],"v":{"t":[3,0]}},{"k":[14,0,0,9,0],"v":{"t":[3,0]}},{"k":[15,0,0,8,0],"v":{"t":[3,0]}},{"k":[4,10,0,9,0],"v":{"t":[0,0]}},{"k":[9,0,0,15,0],"v":{"t":[3,0]}},{"k":[10,0,0,14,0],"v":{"t":[3,0]}},{"k":[11,0,0,13,0],"v":{"t":[3,0]}},{"k":[12,0,0,12,0],"v":{"t":[3,0]}},{"k":[13,0,0,11,0],"v":{"t":[3,0]}},{"k":[14,0,0,10,0],"v":{"t":[3,0]}},{"k":[15,0,0,9,0],"v":{"t":[3,0]}},{"k":[2,0,0,15,0],"v":{"t":[3,0]}},{"k":[3,0,0,14,0],"v":{"t":[3,0]}},{"k":[4,0,0,13,0],"v":{"t":[3,0]}},{"k":[5,0,0,12,0],"v":{"t":[3,0]}},{"k":[6,0,0,11,0],"v":{"t":[3,0]}},{"k":[7,0,0,10,0],"v":{"t":[3,0]}},{"k":[8,0,0,9,0],"v":{"t":[3,0]}},{"k":[9,0,0,8,0],"v":{"t":[3,0]}},{"k":[10,0,0,7,0],"v":{"t":[3,0]}},{"k":[11,0,0,6,0],"v":{"t":[3,0]}},{"k":[12,0,0,5,0],"v":{"t":[3,0]}},{"k":[13,0,0,4,0],"v":{"t":[3,0]}},{"k":[14,0,0,3,0],"v":{"t":[3,0]}},{"k":[15,0,0,2,0],"v":{"t":[3,0]}},{"k":[3,0,0,15,0],"v":{"t":[3,0]}},{"k":[4,0,0,14,0],"v":{"t":[3,0]}},{"k":[5,0,0,13,0],"v":{"t":[3,0]}},{"k":[6,0,0,12,0],"v":{"t":[3,0]}},{"k":[7,0,0,11,0],"v":{"t":[3,0]}},{"k":[8,0,0,10,0],"v":{"t":[3,0]}},{"k":[9,0,0,9,0],"v":{"t":[3,0]}},{"k":[11,0,0,7,0],"v":{"t":[3,0]}},{"k":[12,0,0,6,0],"v":{"t":[3,0]}},{"k":[13,0,0,5,0],"v":{"t":[3,0]}},{"k":[14,0,0,4,0],"v":{"t":[3,0]}},{"k":[15,0,0,3,0],"v":{"t":[3,0]}},{"k":[10,0,0,8,0],"v":{"t":[0,0]}},{"k":[4,0,0,15,0],"v":{"t":[3,0]}},{"k":[5,0,0,14,0],"v":{"t":[3,0]}},{"k":[6,0,0,13,0],"v":{"t":[3,0]}},{"k":[7,0,0,12,0],"v":{"t":[3,0]}},{"k":[8,0,0,11,0],"v":{"t":[3,0]}},{"k":[9,0,0,10,0],"v":{"t":[3,0]}},{"k":[10,0,0,9,0],"v":{"t":[3,0]}},{"k":[11,0,0,8,0],"v":{"t":[3,0]}},{"k":[12,0,0,7,0],"v":{"t":[3,0]}},{"k":[13,0,0,6,0],"v":{"t":[3,0]}},{"k":[14,0,0,5,0],"v":{"t":[3,0]}},{"k":[15,0,0,4,0],"v":{"t":[3,0]}},{"k":[5,0,0,15,0],"v":{"t":[3,0]}},{"k":[6,0,0,14,0],"v":{"t":[3,0]}},{"k":[7,0,0,13,0],"v":{"t":[3,0]}},{"k":[8,0,0,12,0],"v":{"t":[3,0]}},{"k":[9,0,0,11,0],"v":{"t":[3,0]}},{"k":[10,0,0,10,0],"v":{"t":[3,0]}},{"k":[11,0,0,9,0],"v":{"t":[3,0]}},{"k":[12,0,0,8,0],"v":{"t":[3,0]}},{"k":[13,0,0,7,0],"v":{"t":[3,0]}},{"k":[14,0,0,6,0],"v":{"t":[3,0]}},{"k":[15,0,0,5,0],"v":{"t":[3,0]}},{"k":[0,0,0,13,0],"v":{"t":[3,0]}},{"k":[1,0,0,12,0],"v":{"t":[3,0]}},{"k":[2,0,0,11,0],"v":{"t":[3,0]}},{"k":[3,0,0,10,0],"v":{"t":[3,0]}},{"k":[4,0,0,9,0],"v":{"t":[3,0]}},{"k":[5,0,0,8,0],"v":{"t":[3,0]}},{"k":[6,0,0,7,0],"v":{"t":[3,0]}},{"k":[7,0,0,6,0],"v":{"t":[3,0]}},{"k":[8,0,0,5,0],"v":{"t":[3,0]}},{"k":[9,0,0,4,0],"v":{"t":[3,0]}},{"k":[10,0,0,3,0],"v":{"t":[3,0]}},{"k":[11,0,0,2,0],"v":{"t":[3,0]}},{"k":[12,0,0,1,0],"v":{"t":[3,0]}},{"k":[13,0,0,0,0],"v":{"t":[3,0]}},{"k":[0,0,0,14,0],"v":{"t":[3,0]}},{"k":[1,0,0,13,0],"v":{"t":[3,0]}},{"k":[2,0,0,12,0],"v":{"t":[3,0]}},{"k":[3,0,0,11,0],"v":{"t":[3,0]}},{"k":[4,0,0,10,0],"v":{"t":[3,0]}},{"k":[5,0,0,9,0],"v":{"t":[3,0]}},{"k":[6,0,0,8,0],"v":{"t":[3,0]}},{"k":[7,0,0,7,0],"v":{"t":[3,0]}},{"k":[8,0,0,6,0],"v":{"t":[3,0]}},{"k":[9,0,0,5,0],"v":{"t":[3,0]}},{"k":[10,0,0,4,0],"v":{"t":[3,0]}},{"k":[11,0,0,3,0],"v":{"t":[3,0]}},{"k":[12,0,0,2,0],"v":{"t":[3,0]}},{"k":[13,0,0,1,0],"v":{"t":[3,0]}},{"k":[14,0,0,0,0],"v":{"t":[3,0]}},{"k":[0,0,0,15,0],"v":{"t":[3,0]}},{"k":[1,0,0,14,0],"v":{"t":[3,0]}},{"k":[2,0,0,13,0],"v":{"t":[3,0]}},{"k":[3,0,0,12,0],"v":{"t":[3,0]}},{"k":[4,0,0,11,0],"v":{"t":[3,0]}},{"k":[5,0,0,10,0],"v":{"t":[3,0]}},{"k":[6,0,0,9,0],"v":{"t":[3,0]}},{"k":[7,0,0,8,0],"v":{"t":[3,0]}},{"k":[8,0,0,7,0],"v":{"t":[3,0]}},{"k":[9,0,0,6,0],"v":{"t":[3,0]}},{"k":[10,0,0,5,0],"v":{"t":[3,0]}},{"k":[11,0,0,4,0],"v":{"t":[3,0]}},{"k":[12,0,0,3,0],"v":{"t":[3,0]}},{"k":[13,0,0,2,0],"v":{"t":[3,0]}},{"k":[14,0,0,1,0],"v":{"t":[3,0]}},{"k":[15,0,0,0,0],"v":{"t":[3,0]}},{"k":[1,0,0,15,0],"v":{"t":[3,0]}},{"k":[2,0,0,14,0],"v":{"t":[3,0]}},{"k":[3,0,0,13,0],"v":{"t":[3,0]}},{"k":[4,0,0,12,0],"v":{"t":[3,0]}},{"k":[5,0,0,11,0],"v":{"t":[3,0]}},{"k":[6,0,0,10,0],"v":{"t":[3,0]}},{"k":[7,0,0,9,0],"v":{"t":[3,0]}},{"k":[8,0,0,8,0],"v":{"t":[3,0]}},{"k":[9,0,0,7,0],"v":{"t":[3,0]}},{"k":[10,0,0,6,0],"v":{"t":[3,0]}},{"k":[11,0,0,5,0],"v":{"t":[3,0]}},{"k":[12,0,0,4,0],"v":{"t":[3,0]}},{"k":[13,0,0,3,0],"v":{"t":[3,0]}},{"k":[14,0,0,2,0],"v":{"t":[3,0]}},{"k":[15,0,0,1,0],"v":{"t":[3,0]}},{"k":[0,0,0,9,0],"v":{"t":[3,0]}},{"k":[1,0,0,8,0],"v":{"t":[3,0]}},{"k":[2,0,0,7,0],"v":{"t":[3,0]}},{"k":[3,0,0,6,0],"v":{"t":[3,0]}},{"k":[4,0,0,5,0],"v":{"t":[3,0]}},{"k":[5,0,0,4,0],"v":{"t":[3,0]}},{"k":[6,0,0,3,0],"v":{"t":[3,0]}},{"k":[7,0,0,2,0],"v":{"t":[3,0]}},{"k":[8,0,0,1,0],"v":{"t":[3,0]}},{"k":[9,0,0,0,0],"v":{"t":[3,0]}},{"k":[0,0,0,10,0],"v":{"t":[3,0]}},{"k":[1,0,0,9,0],"v":{"t":[3,0]}},{"k":[2,0,0,8,0],"v":{"t":[3,0]}},{"k":[3,0,0,7,0],"v":{"t":[3,0]}},{"k":[4,0,0,6,0],"v":{"t":[3,0]}},{"k":[5,0,0,5,0],"v":{"t":[3,0]}},{"k":[6,0,0,4,0],"v":{"t":[3,0]}},{"k":[7,0,0,3,0],"v":{"t":[3,0]}},{"k":[8,0,0,2,0],"v":{"t":[3,0]}},{"k":[9,0,0,1,0],"v":{"t":[3,0]}},{"k":[10,0,0,0,0],"v":{"t":[3,0]}},{"k":[0,0,0,11,0],"v":{"t":[3,0]}},{"k":[1,0,0,10,0],"v":{"t":[3,0]}},{"k":[2,0,0,9,0],"v":{"t":[3,0]}},{"k":[3,0,0,8,0],"v":{"t":[3,0]}},{"k":[4,0,0,7,0],"v":{"t":[3,0]}},{"k":[5,0,0,6,0],"v":{"t":[3,0]}},{"k":[6,0,0,5,0],"v":{"t":[3,0]}},{"k":[7,0,0,4,0],"v":{"t":[3,0]}},{"k":[8,0,0,3,0],"v":{"t":[3,0]}},{"k":[9,0,0,2,0],"v":{"t":[3,0]}},{"k":[10,0,0,1,0],"v":{"t":[3,0]}},{"k":[11,0,0,0,0],"v":{"t":[3,0]}},{"k":[0,0,0,12,0],"v":{"t":[3,0]}},{"k":[1,0,0,11,0],"v":{"t":[3,0]}},{"k":[2,0,0,10,0],"v":{"t":[3,0]}},{"k":[3,0,0,9,0],"v":{"t":[3,0]}},{"k":[4,0,0,8,0],"v":{"t":[3,0]}},{"k":[5,0,0,7,0],"v":{"t":[3,0]}},{"k":[6,0,0,6,0],"v":{"t":[3,0]}},{"k":[7,0,0,5,0],"v":{"t":[3,0]}},{"k":[8,0,0,4,0],"v":{"t":[3,0]}},{"k":[9,0,0,3,0],"v":{"t":[3,0]}},{"k":[10,0,0,2,0],"v":{"t":[3,0]}},{"k":[11,0,0,1,0],"v":{"t":[3,0]}},{"k":[12,0,0,0,0],"v":{"t":[3,0]}},{"k":[0,0,0,5,0],"v":{"t":[3,0]}},{"k":[1,0,0,4,0],"v":{"t":[3,0]}},{"k":[2,0,0,3,0],"v":{"t":[3,0]}},{"k":[3,0,0,2,0],"v":{"t":[3,0]}},{"k":[4,0,0,1,0],"v":{"t":[3,0]}},{"k":[5,0,0,0,0],"v":{"t":[3,0]}},{"k":[0,0,0,6,0],"v":{"t":[3,0]}},{"k":[1,0,0,5,0],"v":{"t":[3,0]}},{"k":[2,0,0,4,0],"v":{"t":[3,0]}},{"k":[3,0,0,3,0],"v":{"t":[3,0]}},{"k":[4,0,0,2,0],"v":{"t":[3,0]}},{"k":[5,0,0,1,0],"v":{"t":[3,0]}},{"k":[6,0,0,0,0],"v":{"t":[3,0]}},{"k":[0,0,0,7,0],"v":{"t":[3,0]}},{"k":[1,0,0,6,0],"v":{"t":[3,0]}},{"k":[2,0,0,5,0],"v":{"t":[3,0]}},{"k":[3,0,0,4,0],"v":{"t":[3,0]}},{"k":[4,0,0,3,0],"v":{"t":[3,0]}},{"k":[5,0,0,2,0],"v":{"t":[3,0]}},{"k":[6,0,0,1,0],"v":{"t":[3,0]}},{"k":[7,0,0,0,0],"v":{"t":[3,0]}},{"k":[0,0,0,8,0],"v":{"t":[3,0]}},{"k":[1,0,0,7,0],"v":{"t":[3,0]}},{"k":[2,0,0,6,0],"v":{"t":[3,0]}},{"k":[3,0,0,5,0],"v":{"t":[3,0]}},{"k":[4,0,0,4,0],"v":{"t":[3,0]}},{"k":[5,0,0,3,0],"v":{"t":[3,0]}},{"k":[6,0,0,2,0],"v":{"t":[3,0]}},{"k":[7,0,0,1,0],"v":{"t":[3,0]}},{"k":[8,0,0,0,0],"v":{"t":[3,0]}},{"k":[0,0,0,1,0],"v":{"t":[3,0]}},{"k":[1,0,0,0,0],"v":{"t":[3,0]}},{"k":[0,0,0,2,0],"v":{"t":[3,0]}},{"k":[1,0,0,1,0],"v":{"t":[3,0]}},{"k":[2,0,0,0,0],"v":{"t":[3,0]}},{"k":[0,0,0,3,0],"v":{"t":[3,0]}},{"k":[1,0,0,2,0],"v":{"t":[3,0]}},{"k":[2,0,0,1,0],"v":{"t":[3,0]}},{"k":[3,0,0,0,0],"v":{"t":[3,0]}},{"k":[0,0,0,4,0],"v":{"t":[3,0]}},{"k":[1,0,0,3,0],"v":{"t":[3,0]}},{"k":[2,0,0,2,0],"v":{"t":[3,0]}},{"k":[3,0,0,1,0],"v":{"t":[3,0]}},{"k":[4,0,0,0,0],"v":{"t":[3,0]}},{"k":[0,0,0,0,0],"v":{"t":[3,0]}},{"k":[14,0,0,15,0],"v":{"t":[3,0]}},{"k":[15,0,0,14,0],"v":{"t":[3,0]}},{"k":[15,0,0,15,0],"v":{"t":[3,0]}},{"k":[10,0,0,15,0],"v":{"t":[3,0]}},{"k":[11,0,0,14,0],"v":{"t":[3,0]}},{"k":[12,0,0,13,0],"v":{"t":[3,0]}},{"k":[13,0,0,12,0],"v":{"t":[3,0]}},{"k":[14,0,0,11,0],"v":{"t":[3,0]}},{"k":[15,0,0,10,0],"v":{"t":[3,0]}},{"k":[11,0,0,15,0],"v":{"t":[3,0]}},{"k":[12,0,0,14,0],"v":{"t":[3,0]}},{"k":[13,0,0,13,0],"v":{"t":[3,0]}},{"k":[14,0,0,12,0],"v":{"t":[3,0]}},{"k":[15,0,0,11,0],"v":{"t":[3,0]}},{"k":[12,0,0,15,0],"v":{"t":[3,0]}},{"k":[13,0,0,14,0],"v":{"t":[3,0]}},{"k":[14,0,0,13,0],"v":{"t":[3,0]}},{"k":[15,0,0,12,0],"v":{"t":[3,0]}},{"k":[13,0,0,15,0],"v":{"t":[3,0]}},{"k":[14,0,0,14,0],"v":{"t":[3,0]}},{"k":[15,0,0,13,0],"v":{"t":[3,0]}}]},"moun":{"a":[{"k":[4,0,0,9,0],"v":{"hs":10,"sid":1}}],"o":[]},"objs":{"list":[{"k":[10,0,0,9,0],"v":{"events":[{"id":1,"name":"Hero action","p":[],"r":{"1":{"bh":true,"c":[{"command":[8,"",1,2,0,1,"Hello! What do you think of this place? Nifty, huh?"],"kind":1},{"command":[3,2,3,5,"-",1,"Wow! It's great here! ","-",1,"I don't like it!"],"kind":31},{"children":[{"command":[8,"",1,2,0,1,"Yes! Please enjoy your time exploring!"],"kind":1}],"command":[1],"kind":32},{"children":[{"command":[8,"",1,2,0,1,"Silly little lad! It is lovely here! You'll get used to it!"],"kind":1}],"command":[2],"kind":32},{"command":[],"kind":33},{"command":[3,2,3,5,"-",1,"Who are you? What is this place?","-",1,"uhh... okay bye"],"kind":31},{"children":[{"command":[8,"",-1,0,0,1,"the universe is but a great beast that consumes us! so let us consume!"],"kind":1},{"command":[8,"",1,2,0,1,"I am green person! our lives are meaningless! we are nothing in the grand scheme of it all!"],"kind":1},{"command":[3,2,3,5,"-",1,"Cool. ","-",1,"I'm gonna go now."],"kind":31},{"children":[{"command":[8,"",1,2,0,1,"Do you wanna see a cool picture?"],"kind":1},{"command":[3,2,3,5,"-",1,"I would love to!!!","-",1,"No"],"kind":31},{"children":[{"command":[8,"",1,2,0,1,"okay!"],"kind":1},{"command":[3,1,0,3,0,1,12,0,12,0,12,50,12,100,12,0,0],"kind":35},{"command":[8,"",-1,0,0,1,"Do you like this picture?"],"kind":1},{"command":[3,2,3,5,"-",1,"woooaah yeah!! That's so cool!","-",1,"Get that out of my face!"],"kind":31},{"children":[{"command":[8,"",-1,0,0,1,"Yeah!"],"kind":1},{"command":[8,"",-1,0,0,1,"I have to get going now! Haha! HAhahahA! Goodbye!!"],"kind":1},{"command":[3,0],"kind":37}],"command":[1],"kind":32},{"children":[{"command":[3,0],"kind":37},{"command":[8,"",-1,0,0,1,"Art is subjective! It is my favorite picture!"],"kind":1},{"command":[8,"",-1,0,0,1,"I have to get going now! Haha! HAhahahA! Goodbye!!"],"kind":1},{"command":[7,-1,0,1,0,25,1,0,0,0,0,0,0,0,0,0,0,0,0,0,0,0,0,0,0,0,0,0],"kind":21}],"command":[2],"kind":32},{"command":[],"kind":33},{"command":[7,-1,0,1,0,25,1,0,0,0,0,0,0,0,0,0,0,0,0,0,0,0,0,0,0,0,0,0],"kind":21}],"command":[1],"kind":32},{"children":[{"command":[8,"",-1,0,0,1,"haha! silly lad! silly lad! "],"kind":1},{"command":[8,"",-1,0,0,1,"I have to get going now! Haha! HAhahahA! Goodbye!!"],"kind":1},{"command":[7,-1,0,1,0,25,1,0,0,0,0,0,0,0,0,0,0,0,0,0,0,0,0,0,0,0,0,0],"kind":21}],"command":[2],"kind":32},{"command":[],"kind":33},{"command":[7,-1,0,1,0,25,1,0,0,0,0,0,0,0,0,0,0,0,0,0,0,0,0,0,0,0,0,0],"kind":21}],"command":[1],"kind":32},{"children":[{"command":[8,"",1,2,0,1,"Silly, silly lad.  What a hoot you are! Have fun! It is so fun here!"],"kind":1},{"command":[8,"",-1,0,0,1,"I have to get going now! Haha! HAhahahA! Goodbye!!"],"kind":1},{"command":[7,-1,0,1,0,25,1,0,0,0,0,0,0,0,0,0,0,0,0,0,0,0,0,0,0,0,0,0],"kind":21}],"command":[2],"kind":32},{"command":[],"kind":33},{"command":[7,-1,0,1,0,25,1,0,0,0,0,0,0,0,0,0,0,0,0,0,0,0,0,0,0,0,0,0],"kind":21}],"command":[1],"kind":32},{"children":[{"command":[8,"",-1,0,0,1,"Silly, silly lad.  What a hoot you are! Have fun! It is so fun here!"],"kind":1},{"command":[8,"",-1,0,0,1,"I have to get going now! Haha! HAhahahA! Goodbye!!"],"kind":1},{"command":[7,-1,0,1,0,25,1,0,0,0,0,0,0,0,0,0,0,0,0,0,0,0,0,0,0,0,0,0],"kind":21}],"command":[2],"kind":32},{"command":[],"kind":33},{"command":[7,-1,0,1,0,25,1,0,0,0,0,0,0,0,0,0,0,0,0,0,0,0,0,0,0,0,0,0],"kind":21},{"command":[7,-1,7,-1,7,7,0],"kind":18},{"command":[7,13,7,1,7,2,0],"kind":18}]},"2":{"bh":true,"c":[]},"3":{"bh":true,"c":[]},"4":{"bh":true,"c":[]},"5":{"bh":true,"c":[]}},"sys":false}],"hId":-1,"id":4,"name":"green guyds","ooepf":false,"states":[{"cam":true,"climb":false,"dir":false,"gid":71,"gk":4,"id":1,"move":true,"name":"Normal","pix":true,"pos":false,"stop":false,"sx":{"k":12,"v":0.7},"sy":{"k":12,"v":0.7},"sz":{"k":12,"v":1},"through":false,"x":0,"y":0},{"cam":true,"climb":false,"dir":false,"gid":-1,"gk":0,"id":2,"move":true,"name":"NO EXISTO","pix":true,"pos":false,"stop":false,"sx":{"k":12,"v":1},"sy":{"k":12,"v":1},"sz":{"k":12,"v":1},"through":false,"x":0,"y":0},{"cam":true,"climb":false,"dir":false,"gid":-1,"gk":0,"id":3,"move":true,"name":"third","pix":true,"pos":false,"stop":false,"sx":{"k":12,"v":1},"sy":{"k":12,"v":1},"sz":{"k":12,"v":1},"through":false,"x":0,"y":0},{"cam":true,"climb":false,"dir":false,"gid":-1,"gk":0,"id":5,"move":true,"name":"5","pix":true,"pos":false,"stop":false,"sx":{"k":12,"v":1},"sy":{"k":12,"v":1},"sz":{"k":12,"v":1},"through":false,"x":0,"y":0},{"cam":true,"climb":false,"dir":false,"gid":-1,"gk":0,"id":4,"move":true,"name":"fourth","pix":true,"pos":false,"stop":false,"sx":{"k":12,"v":1},"sy":{"k":12,"v":1},"sz":{"k":12,"v":1},"through":false,"x":0,"y":0}]}}]},"objs3d":{"a":[],"o":[]},"sprites":{"list":[],"overflow":[],"walls":[{"k":[11,0,0,0,0,50,0,0],"v":{"k":1,"w":2}},{"k":[12,0,0,0,0,50,0,0],"v":{"k":1,"w":2}},{"k":[0,0,0,13,0,0,50,90],"v":{"k":1,"w":2}},{"k":[13,0,0,0,0,50,0,0],"v":{"k":1,"w":2}},{"k":[0,0,0,14,0,0,50,90],"v":{"k":1,"w":2}},{"k":[14,0,0,0,0,50,0,0],"v":{"k":1,"w":2}},{"k":[0,0,0,15,0,0,50,90],"v":{"k":1,"w":2}},{"k":[0,0,0,9,0,0,50,90],"v":{"k":1,"w":2}},{"k":[0,0,0,10,0,0,50,90],"v":{"k":1,"w":2}},{"k":[0,0,0,11,0,0,50,90],"v":{"k":1,"w":2}},{"k":[0,0,0,12,0,0,50,90],"v":{"k":1,"w":2}},{"k":[0,0,0,5,0,0,50,90],"v":{"k":1,"w":2}},{"k":[0,0,0,6,0,0,50,90],"v":{"k":1,"w":2}},{"k":[0,0,0,7,0,0,50,90],"v":{"k":1,"w":2}},{"k":[0,0,0,8,0,0,50,90],"v":{"k":1,"w":2}},{"k":[0,0,0,1,0,0,50,90],"v":{"k":1,"w":2}},{"k":[7,0,0,0,0,50,0,0],"v":{"k":1,"w":2}},{"k":[0,0,0,2,0,0,50,90],"v":{"k":1,"w":2}},{"k":[8,0,0,0,0,50,0,0],"v":{"k":1,"w":2}},{"k":[0,0,0,3,0,0,50,90],"v":{"k":1,"w":2}},{"k":[9,0,0,0,0,50,0,0],"v":{"k":1,"w":2}},{"k":[0,0,0,4,0,0,50,90],"v":{"k":1,"w":2}},{"k":[10,0,0,0,0,50,0,0],"v":{"k":1,"w":2}},{"k":[3,0,0,0,0,50,0,0],"v":{"k":1,"w":2}},{"k":[4,0,0,0,0,50,0,0],"v":{"k":1,"w":2}},{"k":[5,0,0,0,0,50,0,0],"v":{"k":1,"w":2}},{"k":[6,0,0,0,0,50,0,0],"v":{"k":1,"w":2}},{"k":[0,0,0,0,0,0,50,90],"v":{"k":2,"w":2}},{"k":[0,0,0,0,0,50,0,0],"v":{"k":0,"w":2}},{"k":[1,0,0,0,0,50,0,0],"v":{"k":1,"w":2}},{"k":[2,0,0,0,0,50,0,0],"v":{"k":1,"w":2}},{"k":[15,0,0,0,0,50,0,0],"v":{"k":1,"w":2}}]}}