{"lands":{"autotiles":[],"floors":[{"k":[15,0,0,45,0],"v":{"t":[3,0]}},{"k":[13,0,0,47,0],"v":{"t":[3,0]}},{"k":[14,0,0,46,0],"v":{"t":[7,0]}},{"k":[15,0,0,44,0],"v":{"t":[3,0]}},{"k":[14,0,0,45,0],"v":{"t":[3,0]}},{"k":[12,0,0,47,0],"v":{"t":[3,0]}},{"k":[13,0,0,46,0],"v":{"t":[7,0]}},{"k":[15,0,0,43,0],"v":{"t":[3,0]}},{"k":[14,0,0,44,0],"v":{"t":[3,0]}},{"k":[13,0,0,45,0],"v":{"t":[3,0]}},{"k":[11,0,0,47,0],"v":{"t":[3,0]}},{"k":[12,0,0,46,0],"v":{"t":[7,0]}},{"k":[15,0,0,42,0],"v":{"t":[3,0]}},{"k":[14,0,0,43,0],"v":{"t":[3,0]}},{"k":[13,0,0,44,0],"v":{"t":[3,0]}},{"k":[12,0,0,45,0],"v":{"t":[3,0]}},{"k":[10,0,0,47,0],"v":{"t":[3,0]}},{"k":[11,0,0,46,0],"v":{"t":[7,0]}},{"k":[15,0,0,47,0],"v":{"t":[3,0]}},{"k":[14,0,0,47,0],"v":{"t":[3,0]}},{"k":[15,0,0,46,0],"v":{"t":[7,0]}},{"k":[12,0,0,32,0],"v":{"t":[3,0]}},{"k":[11,0,0,33,0],"v":{"t":[3,0]}},{"k":[10,0,0,34,0],"v":{"t":[3,0]}},{"k":[9,0,0,35,0],"v":{"t":[3,0]}},{"k":[8,0,0,36,0],"v":{"t":[3,0]}},{"k":[7,0,0,37,0],"v":{"t":[3,0]}},{"k":[6,0,0,38,0],"v":{"t":[3,0]}},{"k":[5,0,0,39,0],"v":{"t":[3,0]}},{"k":[4,0,0,40,0],"v":{"t":[3,0]}},{"k":[3,0,0,41,0],"v":{"t":[3,0]}},{"k":[2,0,0,42,0],"v":{"t":[3,0]}},{"k":[1,0,0,43,0],"v":{"t":[3,0]}},{"k":[0,0,0,44,0],"v":{"t":[3,0]}},{"k":[11,0,0,32,0],"v":{"t":[3,0]}},{"k":[10,0,0,33,0],"v":{"t":[3,0]}},{"k":[8,0,0,35,0],"v":{"t":[3,0]}},{"k":[7,0,0,36,0],"v":{"t":[3,0]}},{"k":[6,0,0,37,0],"v":{"t":[3,0]}},{"k":[5,0,0,38,0],"v":{"t":[3,0]}},{"k":[4,0,0,39,0],"v":{"t":[3,0]}},{"k":[3,0,0,40,0],"v":{"t":[3,0]}},{"k":[2,0,0,41,0],"v":{"t":[3,0]}},{"k":[1,0,0,42,0],"v":{"t":[3,0]}},{"k":[0,0,0,43,0],"v":{"t":[3,0]}},{"k":[9,0,0,34,0],"v":{"t":[5,2]}},{"k":[10,0,0,32,0],"v":{"t":[3,0]}},{"k":[9,0,0,33,0],"v":{"t":[3,0]}},{"k":[8,0,0,34,0],"v":{"t":[3,0]}},{"k":[7,0,0,35,0],"v":{"t":[3,0]}},{"k":[6,0,0,36,0],"v":{"t":[3,0]}},{"k":[5,0,0,37,0],"v":{"t":[3,0]}},{"k":[4,0,0,38,0],"v":{"t":[3,0]}},{"k":[3,0,0,39,0],"v":{"t":[3,0]}},{"k":[2,0,0,40,0],"v":{"t":[3,0]}},{"k":[1,0,0,41,0],"v":{"t":[3,0]}},{"k":[0,0,0,42,0],"v":{"t":[3,0]}},{"k":[9,0,0,32,0],"v":{"t":[3,0]}},{"k":[8,0,0,33,0],"v":{"t":[3,0]}},{"k":[7,0,0,34,0],"v":{"t":[3,0]}},{"k":[6,0,0,35,0],"v":{"t":[3,0]}},{"k":[5,0,0,36,0],"v":{"t":[3,0]}},{"k":[4,0,0,37,0],"v":{"t":[3,0]}},{"k":[3,0,0,38,0],"v":{"t":[3,0]}},{"k":[2,0,0,39,0],"v":{"t":[3,0]}},{"k":[1,0,0,40,0],"v":{"t":[3,0]}},{"k":[0,0,0,41,0],"v":{"t":[3,0]}},{"k":[15,0,0,33,0],"v":{"t":[3,0]}},{"k":[14,0,0,34,0],"v":{"t":[3,0]}},{"k":[13,0,0,35,0],"v":{"t":[3,0]}},{"k":[12,0,0,36,0],"v":{"t":[3,0]}},{"k":[11,0,0,37,0],"v":{"t":[3,0]}},{"k":[10,0,0,38,0],"v":{"t":[3,0]}},{"k":[9,0,0,39,0],"v":{"t":[3,0]}},{"k":[8,0,0,40,0],"v":{"t":[3,0]}},{"k":[7,0,0,41,0],"v":{"t":[3,0]}},{"k":[6,0,0,42,0],"v":{"t":[3,0]}},{"k":[5,0,0,43,0],"v":{"t":[3,0]}},{"k":[1,0,0,47,0],"v":{"t":[3,0]}},{"k":[4,0,0,44,0],"v":{"t":[7,0]}},{"k":[3,0,0,45,0],"v":{"t":[7,0]}},{"k":[2,0,0,46,0],"v":{"t":[7,0]}},{"k":[15,0,0,32,0],"v":{"t":[3,0]}},{"k":[14,0,0,33,0],"v":{"t":[3,0]}},{"k":[13,0,0,34,0],"v":{"t":[3,0]}},{"k":[12,0,0,35,0],"v":{"t":[3,0]}},{"k":[10,0,0,37,0],"v":{"t":[3,0]}},{"k":[9,0,0,38,0],"v":{"t":[3,0]}},{"k":[8,0,0,39,0],"v":{"t":[3,0]}},{"k":[7,0,0,40,0],"v":{"t":[3,0]}},{"k":[6,0,0,41,0],"v":{"t":[3,0]}},{"k":[5,0,0,42,0],"v":{"t":[3,0]}},{"k":[4,0,0,43,0],"v":{"t":[3,0]}},{"k":[3,0,0,44,0],"v":{"t":[3,0]}},{"k":[2,0,0,45,0],"v":{"t":[3,0]}},{"k":[0,0,0,47,0],"v":{"t":[3,0]}},{"k":[1,0,0,46,0],"v":{"t":[7,0]}},{"k":[11,0,0,36,0],"v":{"t":[0,0]}},{"k":[14,0,0,32,0],"v":{"t":[3,0]}},{"k":[13,0,0,33,0],"v":{"t":[3,0]}},{"k":[12,0,0,34,0],"v":{"t":[3,0]}},{"k":[11,0,0,35,0],"v":{"t":[3,0]}},{"k":[10,0,0,36,0],"v":{"t":[3,0]}},{"k":[9,0,0,37,0],"v":{"t":[3,0]}},{"k":[8,0,0,38,0],"v":{"t":[3,0]}},{"k":[7,0,0,39,0],"v":{"t":[3,0]}},{"k":[6,0,0,40,0],"v":{"t":[3,0]}},{"k":[5,0,0,41,0],"v":{"t":[3,0]}},{"k":[4,0,0,42,0],"v":{"t":[3,0]}},{"k":[3,0,0,43,0],"v":{"t":[3,0]}},{"k":[2,0,0,44,0],"v":{"t":[3,0]}},{"k":[1,0,0,45,0],"v":{"t":[3,0]}},{"k":[0,0,0,46,0],"v":{"t":[7,0]}},{"k":[13,0,0,32,0],"v":{"t":[3,0]}},{"k":[12,0,0,33,0],"v":{"t":[3,0]}},{"k":[11,0,0,34,0],"v":{"t":[3,0]}},{"k":[10,0,0,35,0],"v":{"t":[3,0]}},{"k":[9,0,0,36,0],"v":{"t":[3,0]}},{"k":[8,0,0,37,0],"v":{"t":[3,0]}},{"k":[7,0,0,38,0],"v":{"t":[3,0]}},{"k":[6,0,0,39,0],"v":{"t":[3,0]}},{"k":[4,0,0,41,0],"v":{"t":[3,0]}},{"k":[3,0,0,42,0],"v":{"t":[3,0]}},{"k":[2,0,0,43,0],"v":{"t":[3,0]}},{"k":[1,0,0,44,0],"v":{"t":[3,0]}},{"k":[0,0,0,45,0],"v":{"t":[3,0]}},{"k":[5,0,0,40,0],"v":{"t":[5,2]}},{"k":[15,0,0,37,0],"v":{"t":[3,0]}},{"k":[14,0,0,38,0],"v":{"t":[3,0]}},{"k":[13,0,0,39,0],"v":{"t":[3,0]}},{"k":[12,0,0,40,0],"v":{"t":[3,0]}},{"k":[11,0,0,41,0],"v":{"t":[3,0]}},{"k":[10,0,0,42,0],"v":{"t":[3,0]}},{"k":[9,0,0,43,0],"v":{"t":[3,0]}},{"k":[8,0,0,44,0],"v":{"t":[3,0]}},{"k":[6,0,0,46,0],"v":{"t":[3,0]}},{"k":[5,0,0,47,0],"v":{"t":[3,0]}},{"k":[7,0,0,45,0],"v":{"t":[7,0]}},{"k":[15,0,0,36,0],"v":{"t":[3,0]}},{"k":[14,0,0,37,0],"v":{"t":[3,0]}},{"k":[13,0,0,38,0],"v":{"t":[3,0]}},{"k":[12,0,0,39,0],"v":{"t":[3,0]}},{"k":[11,0,0,40,0],"v":{"t":[3,0]}},{"k":[10,0,0,41,0],"v":{"t":[3,0]}},{"k":[9,0,0,42,0],"v":{"t":[3,0]}},{"k":[8,0,0,43,0],"v":{"t":[3,0]}},{"k":[7,0,0,44,0],"v":{"t":[3,0]}},{"k":[6,0,0,45,0],"v":{"t":[3,0]}},{"k":[5,0,0,46,0],"v":{"t":[3,0]}},{"k":[4,0,0,47,0],"v":{"t":[3,0]}},{"k":[15,0,0,35,0],"v":{"t":[3,0]}},{"k":[14,0,0,36,0],"v":{"t":[3,0]}},{"k":[13,0,0,37,0],"v":{"t":[3,0]}},{"k":[12,0,0,38,0],"v":{"t":[3,0]}},{"k":[11,0,0,39,0],"v":{"t":[3,0]}},{"k":[10,0,0,40,0],"v":{"t":[3,0]}},{"k":[9,0,0,41,0],"v":{"t":[3,0]}},{"k":[8,0,0,42,0],"v":{"t":[3,0]}},{"k":[7,0,0,43,0],"v":{"t":[3,0]}},{"k":[5,0,0,45,0],"v":{"t":[3,0]}},{"k":[4,0,0,46,0],"v":{"t":[3,0]}},{"k":[3,0,0,47,0],"v":{"t":[3,0]}},{"k":[6,0,0,44,0],"v":{"t":[7,0]}},{"k":[15,0,0,34,0],"v":{"t":[3,0]}},{"k":[14,0,0,35,0],"v":{"t":[3,0]}},{"k":[13,0,0,36,0],"v":{"t":[3,0]}},{"k":[12,0,0,37,0],"v":{"t":[3,0]}},{"k":[11,0,0,38,0],"v":{"t":[3,0]}},{"k":[10,0,0,39,0],"v":{"t":[3,0]}},{"k":[9,0,0,40,0],"v":{"t":[3,0]}},{"k":[8,0,0,41,0],"v":{"t":[3,0]}},{"k":[7,0,0,42,0],"v":{"t":[3,0]}},{"k":[6,0,0,43,0],"v":{"t":[3,0]}},{"k":[2,0,0,47,0],"v":{"t":[3,0]}},{"k":[5,0,0,44,0],"v":{"t":[7,0]}},{"k":[4,0,0,45,0],"v":{"t":[7,0]}},{"k":[3,0,0,46,0],"v":{"t":[7,0]}},{"k":[15,0,0,41,0],"v":{"t":[3,0]}},{"k":[14,0,0,42,0],"v":{"t":[3,0]}},{"k":[13,0,0,43,0],"v":{"t":[3,0]}},{"k":[12,0,0,44,0],"v":{"t":[3,0]}},{"k":[11,0,0,45,0],"v":{"t":[3,0]}},{"k":[9,0,0,47,0],"v":{"t":[3,0]}},{"k":[10,0,0,46,0],"v":{"t":[7,0]}},{"k":[15,0,0,40,0],"v":{"t":[3,0]}},{"k":[14,0,0,41,0],"v":{"t":[3,0]}},{"k":[13,0,0,42,0],"v":{"t":[3,0]}},{"k":[12,0,0,43,0],"v":{"t":[3,0]}},{"k":[11,0,0,44,0],"v":{"t":[3,0]}},{"k":[10,0,0,45,0],"v":{"t":[3,0]}},{"k":[8,0,0,47,0],"v":{"t":[3,0]}},{"k":[9,0,0,46,0],"v":{"t":[7,0]}},{"k":[15,0,0,39,0],"v":{"t":[3,0]}},{"k":[14,0,0,40,0],"v":{"t":[3,0]}},{"k":[13,0,0,41,0],"v":{"t":[3,0]}},{"k":[12,0,0,42,0],"v":{"t":[3,0]}},{"k":[11,0,0,43,0],"v":{"t":[3,0]}},{"k":[10,0,0,44,0],"v":{"t":[3,0]}},{"k":[9,0,0,45,0],"v":{"t":[3,0]}},{"k":[8,0,0,46,0],"v":{"t":[3,0]}},{"k":[7,0,0,47,0],"v":{"t":[3,0]}},{"k":[15,0,0,38,0],"v":{"t":[3,0]}},{"k":[14,0,0,39,0],"v":{"t":[3,0]}},{"k":[13,0,0,40,0],"v":{"t":[3,0]}},{"k":[12,0,0,41,0],"v":{"t":[3,0]}},{"k":[11,0,0,42,0],"v":{"t":[3,0]}},{"k":[10,0,0,43,0],"v":{"t":[3,0]}},{"k":[9,0,0,44,0],"v":{"t":[3,0]}},{"k":[7,0,0,46,0],"v":{"t":[3,0]}},{"k":[6,0,0,47,0],"v":{"t":[3,0]}},{"k":[8,0,0,45,0],"v":{"t":[7,0]}},{"k":[0,0,0,32,0],"v":{"t":[3,0]}},{"k":[4,0,0,32,0],"v":{"t":[3,0]}},{"k":[3,0,0,33,0],"v":{"t":[3,0]}},{"k":[2,0,0,34,0],"v":{"t":[3,0]}},{"k":[1,0,0,35,0],"v":{"t":[3,0]}},{"k":[0,0,0,36,0],"v":{"t":[3,0]}},{"k":[3,0,0,32,0],"v":{"t":[3,0]}},{"k":[2,0,0,33,0],"v":{"t":[3,0]}},{"k":[1,0,0,34,0],"v":{"t":[3,0]}},{"k":[0,0,0,35,0],"v":{"t":[3,0]}},{"k":[2,0,0,32,0],"v":{"t":[3,0]}},{"k":[1,0,0,33,0],"v":{"t":[3,0]}},{"k":[0,0,0,34,0],"v":{"t":[3,0]}},{"k":[1,0,0,32,0],"v":{"t":[3,0]}},{"k":[0,0,0,33,0],"v":{"t":[3,0]}},{"k":[8,0,0,32,0],"v":{"t":[3,0]}},{"k":[7,0,0,33,0],"v":{"t":[3,0]}},{"k":[6,0,0,34,0],"v":{"t":[3,0]}},{"k":[5,0,0,35,0],"v":{"t":[3,0]}},{"k":[4,0,0,36,0],"v":{"t":[3,0]}},{"k":[3,0,0,37,0],"v":{"t":[3,0]}},{"k":[2,0,0,38,0],"v":{"t":[3,0]}},{"k":[1,0,0,39,0],"v":{"t":[3,0]}},{"k":[0,0,0,40,0],"v":{"t":[3,0]}},{"k":[7,0,0,32,0],"v":{"t":[3,0]}},{"k":[6,0,0,33,0],"v":{"t":[3,0]}},{"k":[5,0,0,34,0],"v":{"t":[3,0]}},{"k":[4,0,0,35,0],"v":{"t":[3,0]}},{"k":[3,0,0,36,0],"v":{"t":[3,0]}},{"k":[2,0,0,37,0],"v":{"t":[3,0]}},{"k":[1,0,0,38,0],"v":{"t":[3,0]}},{"k":[0,0,0,39,0],"v":{"t":[3,0]}},{"k":[6,0,0,32,0],"v":{"t":[3,0]}},{"k":[5,0,0,33,0],"v":{"t":[3,0]}},{"k":[4,0,0,34,0],"v":{"t":[3,0]}},{"k":[3,0,0,35,0],"v":{"t":[3,0]}},{"k":[2,0,0,36,0],"v":{"t":[3,0]}},{"k":[1,0,0,37,0],"v":{"t":[3,0]}},{"k":[0,0,0,38,0],"v":{"t":[3,0]}},{"k":[5,0,0,32,0],"v":{"t":[3,0]}},{"k":[4,0,0,33,0],"v":{"t":[3,0]}},{"k":[3,0,0,34,0],"v":{"t":[3,0]}},{"k":[2,0,0,35,0],"v":{"t":[3,0]}},{"k":[1,0,0,36,0],"v":{"t":[3,0]}},{"k":[0,0,0,37,0],"v":{"t":[3,0]}}]},"moun":{"a":[],"o":[]},"objs":{"list":[{"k":[0,0,0,46,0],"v":{"events":[{"id":2,"name":"Hero touch","p":[],"r":{"1":{"bh":true,"c":[{"command":[8,"",-1,0,0,1,"Area closed for religious ceremony.  No entry at this time.  Peace and Love."],"kind":1}]},"2":{"bh":true,"c":[{"command":[7,0,0,9,36,0,0,35,0,0,0],"kind":20}]}},"sys":false}],"hId":-1,"id":7,"name":"closed sign","ooepf":false,"states":[{"cam":true,"climb":false,"dir":false,"ecd":{"command":[1,7,1,1,0,1,2],"kind":19},"gid":68,"gk":5,"id":1,"move":true,"name":"Normal","pix":true,"pos":false,"stop":false,"sx":{"k":12,"v":2},"sy":{"k":12,"v":2},"sz":{"k":12,"v":1},"through":false,"x":0,"y":0},{"cam":true,"climb":false,"dir":false,"gid":-1,"gk":0,"id":2,"move":true,"name":"second","pix":true,"pos":false,"stop":false,"sx":{"k":12,"v":1},"sy":{"k":12,"v":1},"sz":{"k":12,"v":1},"through":false,"x":0,"y":0}]}}]},"objs3d":{"a":[],"o":[]},"sprites":{"list":[],"overflow":[],"walls":[{"k":[0,0,0,42,0,0,50,90],"v":{"k":1,"w":2}},{"k":[0,0,0,41,0,0,50,90],"v":{"k":1,"w":2}},{"k":[0,0,0,32,0,0,50,90],"v":{"k":1,"w":2}},{"k":[0,0,0,47,0,0,50,90],"v":{"k":2,"w":2}},{"k":[0,0,0,45,0,0,50,90],"v":{"k":0,"w":2}},{"k":[0,0,0,36,0,0,50,90],"v":{"k":1,"w":2}},{"k":[0,0,0,35,0,0,50,90],"v":{"k":1,"w":2}},{"k":[0,0,0,34,0,0,50,90],"v":{"k":1,"w":2}},{"k":[0,0,0,33,0,0,50,90],"v":{"k":1,"w":2}},{"k":[0,0,0,40,0,0,50,90],"v":{"k":1,"w":2}},{"k":[0,0,0,39,0,0,50,90],"v":{"k":1,"w":2}},{"k":[0,0,0,38,0,0,50,90],"v":{"k":1,"w":2}},{"k":[0,0,0,37,0,0,50,90],"v":{"k":1,"w":2}},{"k":[0,0,0,44,0,0,50,90],"v":{"k":1,"w":2}},{"k":[0,0,0,43,0,0,50,90],"v":{"k":1,"w":2}}]}}