{"lands":{"autotiles":[],"floors":[{"k":[31,0,0,34,0],"v":{"t":[3,0]}},{"k":[30,0,0,35,0],"v":{"t":[3,0]}},{"k":[29,0,0,36,0],"v":{"t":[3,0]}},{"k":[28,0,0,37,0],"v":{"t":[3,0]}},{"k":[26,0,0,39,0],"v":{"t":[3,0]}},{"k":[25,0,0,40,0],"v":{"t":[3,0]}},{"k":[23,0,0,42,0],"v":{"t":[3,0]}},{"k":[22,0,0,43,0],"v":{"t":[3,0]}},{"k":[21,0,0,44,0],"v":{"t":[3,0]}},{"k":[20,0,0,45,0],"v":{"t":[3,0]}},{"k":[19,0,0,46,0],"v":{"t":[3,0]}},{"k":[18,0,0,47,0],"v":{"t":[3,0]}},{"k":[27,0,0,38,0],"v":{"t":[4,2]}},{"k":[24,0,0,41,0],"v":{"t":[7,0]}},{"k":[31,0,0,35,0],"v":{"t":[3,0]}},{"k":[30,0,0,36,0],"v":{"t":[3,0]}},{"k":[29,0,0,37,0],"v":{"t":[3,0]}},{"k":[28,0,0,38,0],"v":{"t":[3,0]}},{"k":[27,0,0,39,0],"v":{"t":[3,0]}},{"k":[26,0,0,40,0],"v":{"t":[3,0]}},{"k":[25,0,0,41,0],"v":{"t":[3,0]}},{"k":[23,0,0,43,0],"v":{"t":[3,0]}},{"k":[22,0,0,44,0],"v":{"t":[3,0]}},{"k":[21,0,0,45,0],"v":{"t":[3,0]}},{"k":[20,0,0,46,0],"v":{"t":[3,0]}},{"k":[19,0,0,47,0],"v":{"t":[3,0]}},{"k":[24,0,0,42,0],"v":{"t":[7,0]}},{"k":[31,0,0,36,0],"v":{"t":[3,0]}},{"k":[30,0,0,37,0],"v":{"t":[3,0]}},{"k":[29,0,0,38,0],"v":{"t":[3,0]}},{"k":[28,0,0,39,0],"v":{"t":[3,0]}},{"k":[27,0,0,40,0],"v":{"t":[3,0]}},{"k":[26,0,0,41,0],"v":{"t":[3,0]}},{"k":[24,0,0,43,0],"v":{"t":[3,0]}},{"k":[23,0,0,44,0],"v":{"t":[3,0]}},{"k":[22,0,0,45,0],"v":{"t":[3,0]}},{"k":[21,0,0,46,0],"v":{"t":[3,0]}},{"k":[20,0,0,47,0],"v":{"t":[3,0]}},{"k":[25,0,0,42,0],"v":{"t":[7,0]}},{"k":[31,0,0,37,0],"v":{"t":[3,0]}},{"k":[30,0,0,38,0],"v":{"t":[3,0]}},{"k":[25,0,0,43,0],"v":{"t":[3,0]}},{"k":[24,0,0,44,0],"v":{"t":[3,0]}},{"k":[23,0,0,45,0],"v":{"t":[3,0]}},{"k":[22,0,0,46,0],"v":{"t":[3,0]}},{"k":[21,0,0,47,0],"v":{"t":[3,0]}},{"k":[29,0,0,39,0],"v":{"t":[7,0]}},{"k":[28,0,0,40,0],"v":{"t":[7,0]}},{"k":[27,0,0,41,0],"v":{"t":[7,0]}},{"k":[26,0,0,42,0],"v":{"t":[7,0]}},{"k":[31,0,0,38,0],"v":{"t":[3,0]}},{"k":[27,0,0,42,0],"v":{"t":[3,0]}},{"k":[26,0,0,43,0],"v":{"t":[3,0]}},{"k":[25,0,0,44,0],"v":{"t":[3,0]}},{"k":[24,0,0,45,0],"v":{"t":[3,0]}},{"k":[23,0,0,46,0],"v":{"t":[3,0]}},{"k":[22,0,0,47,0],"v":{"t":[3,0]}},{"k":[30,0,0,39,0],"v":{"t":[7,0]}},{"k":[29,0,0,40,0],"v":{"t":[7,0]}},{"k":[28,0,0,41,0],"v":{"t":[7,0]}},{"k":[31,0,0,39,0],"v":{"t":[3,0]}},{"k":[29,0,0,41,0],"v":{"t":[3,0]}},{"k":[28,0,0,42,0],"v":{"t":[3,0]}},{"k":[27,0,0,43,0],"v":{"t":[3,0]}},{"k":[26,0,0,44,0],"v":{"t":[3,0]}},{"k":[24,0,0,46,0],"v":{"t":[3,0]}},{"k":[23,0,0,47,0],"v":{"t":[3,0]}},{"k":[25,0,0,45,0],"v":{"t":[5,2]}},{"k":[30,0,0,40,0],"v":{"t":[7,0]}},{"k":[30,0,0,41,0],"v":{"t":[3,0]}},{"k":[29,0,0,42,0],"v":{"t":[3,0]}},{"k":[28,0,0,43,0],"v":{"t":[3,0]}},{"k":[27,0,0,44,0],"v":{"t":[3,0]}},{"k":[26,0,0,45,0],"v":{"t":[3,0]}},{"k":[25,0,0,46,0],"v":{"t":[3,0]}},{"k":[24,0,0,47,0],"v":{"t":[3,0]}},{"k":[31,0,0,40,0],"v":{"t":[7,0]}},{"k":[30,0,0,42,0],"v":{"t":[3,0]}},{"k":[29,0,0,43,0],"v":{"t":[3,0]}},{"k":[28,0,0,44,0],"v":{"t":[3,0]}},{"k":[27,0,0,45,0],"v":{"t":[3,0]}},{"k":[26,0,0,46,0],"v":{"t":[3,0]}},{"k":[25,0,0,47,0],"v":{"t":[3,0]}},{"k":[31,0,0,41,0],"v":{"t":[7,0]}},{"k":[25,0,0,32,0],"v":{"t":[3,0]}},{"k":[24,0,0,33,0],"v":{"t":[3,0]}},{"k":[23,0,0,34,0],"v":{"t":[3,0]}},{"k":[22,0,0,35,0],"v":{"t":[3,0]}},{"k":[21,0,0,36,0],"v":{"t":[3,0]}},{"k":[20,0,0,37,0],"v":{"t":[3,0]}},{"k":[19,0,0,38,0],"v":{"t":[3,0]}},{"k":[18,0,0,39,0],"v":{"t":[3,0]}},{"k":[17,0,0,40,0],"v":{"t":[3,0]}},{"k":[16,0,0,41,0],"v":{"t":[3,0]}},{"k":[25,0,0,33,0],"v":{"t":[3,0]}},{"k":[24,0,0,34,0],"v":{"t":[3,0]}},{"k":[23,0,0,35,0],"v":{"t":[3,0]}},{"k":[22,0,0,36,0],"v":{"t":[3,0]}},{"k":[21,0,0,37,0],"v":{"t":[3,0]}},{"k":[20,0,0,38,0],"v":{"t":[3,0]}},{"k":[19,0,0,39,0],"v":{"t":[3,0]}},{"k":[18,0,0,40,0],"v":{"t":[3,0]}},{"k":[17,0,0,41,0],"v":{"t":[3,0]}},{"k":[16,0,0,42,0],"v":{"t":[3,0]}},{"k":[26,0,0,32,0],"v":{"t":[4,2]}},{"k":[27,0,0,32,0],"v":{"t":[3,0]}},{"k":[26,0,0,33,0],"v":{"t":[3,0]}},{"k":[25,0,0,34,0],"v":{"t":[3,0]}},{"k":[24,0,0,35,0],"v":{"t":[3,0]}},{"k":[23,0,0,36,0],"v":{"t":[3,0]}},{"k":[22,0,0,37,0],"v":{"t":[3,0]}},{"k":[21,0,0,38,0],"v":{"t":[3,0]}},{"k":[20,0,0,39,0],"v":{"t":[3,0]}},{"k":[19,0,0,40,0],"v":{"t":[3,0]}},{"k":[18,0,0,41,0],"v":{"t":[3,0]}},{"k":[17,0,0,42,0],"v":{"t":[3,0]}},{"k":[16,0,0,43,0],"v":{"t":[3,0]}},{"k":[28,0,0,32,0],"v":{"t":[3,0]}},{"k":[27,0,0,33,0],"v":{"t":[3,0]}},{"k":[26,0,0,34,0],"v":{"t":[3,0]}},{"k":[25,0,0,35,0],"v":{"t":[3,0]}},{"k":[24,0,0,36,0],"v":{"t":[3,0]}},{"k":[23,0,0,37,0],"v":{"t":[3,0]}},{"k":[22,0,0,38,0],"v":{"t":[3,0]}},{"k":[21,0,0,39,0],"v":{"t":[3,0]}},{"k":[20,0,0,40,0],"v":{"t":[3,0]}},{"k":[19,0,0,41,0],"v":{"t":[3,0]}},{"k":[18,0,0,42,0],"v":{"t":[3,0]}},{"k":[17,0,0,43,0],"v":{"t":[3,0]}},{"k":[16,0,0,44,0],"v":{"t":[3,0]}},{"k":[29,0,0,32,0],"v":{"t":[3,0]}},{"k":[28,0,0,33,0],"v":{"t":[3,0]}},{"k":[27,0,0,34,0],"v":{"t":[3,0]}},{"k":[26,0,0,35,0],"v":{"t":[3,0]}},{"k":[25,0,0,36,0],"v":{"t":[3,0]}},{"k":[24,0,0,37,0],"v":{"t":[3,0]}},{"k":[23,0,0,38,0],"v":{"t":[3,0]}},{"k":[22,0,0,39,0],"v":{"t":[3,0]}},{"k":[21,0,0,40,0],"v":{"t":[3,0]}},{"k":[20,0,0,41,0],"v":{"t":[3,0]}},{"k":[19,0,0,42,0],"v":{"t":[3,0]}},{"k":[18,0,0,43,0],"v":{"t":[3,0]}},{"k":[17,0,0,44,0],"v":{"t":[3,0]}},{"k":[16,0,0,45,0],"v":{"t":[3,0]}},{"k":[30,0,0,32,0],"v":{"t":[3,0]}},{"k":[29,0,0,33,0],"v":{"t":[3,0]}},{"k":[28,0,0,34,0],"v":{"t":[3,0]}},{"k":[27,0,0,35,0],"v":{"t":[3,0]}},{"k":[26,0,0,36,0],"v":{"t":[3,0]}},{"k":[25,0,0,37,0],"v":{"t":[3,0]}},{"k":[24,0,0,38,0],"v":{"t":[3,0]}},{"k":[23,0,0,39,0],"v":{"t":[3,0]}},{"k":[22,0,0,40,0],"v":{"t":[3,0]}},{"k":[21,0,0,41,0],"v":{"t":[3,0]}},{"k":[17,0,0,45,0],"v":{"t":[3,0]}},{"k":[20,0,0,42,0],"v":{"t":[7,0]}},{"k":[19,0,0,43,0],"v":{"t":[7,0]}},{"k":[18,0,0,44,0],"v":{"t":[7,0]}},{"k":[16,0,0,46,0],"v":{"t":[7,0]}},{"k":[30,0,0,33,0],"v":{"t":[3,0]}},{"k":[29,0,0,34,0],"v":{"t":[3,0]}},{"k":[28,0,0,35,0],"v":{"t":[3,0]}},{"k":[27,0,0,36,0],"v":{"t":[3,0]}},{"k":[26,0,0,37,0],"v":{"t":[3,0]}},{"k":[25,0,0,38,0],"v":{"t":[3,0]}},{"k":[24,0,0,39,0],"v":{"t":[3,0]}},{"k":[23,0,0,40,0],"v":{"t":[3,0]}},{"k":[22,0,0,41,0],"v":{"t":[3,0]}},{"k":[20,0,0,43,0],"v":{"t":[3,0]}},{"k":[16,0,0,47,0],"v":{"t":[3,0]}},{"k":[21,0,0,42,0],"v":{"t":[7,0]}},{"k":[19,0,0,44,0],"v":{"t":[7,0]}},{"k":[18,0,0,45,0],"v":{"t":[7,0]}},{"k":[17,0,0,46,0],"v":{"t":[7,0]}},{"k":[31,0,0,32,0],"v":{"t":[0,0]}},{"k":[31,0,0,33,0],"v":{"t":[3,0]}},{"k":[29,0,0,35,0],"v":{"t":[3,0]}},{"k":[28,0,0,36,0],"v":{"t":[3,0]}},{"k":[27,0,0,37,0],"v":{"t":[3,0]}},{"k":[26,0,0,38,0],"v":{"t":[3,0]}},{"k":[25,0,0,39,0],"v":{"t":[3,0]}},{"k":[24,0,0,40,0],"v":{"t":[3,0]}},{"k":[21,0,0,43,0],"v":{"t":[3,0]}},{"k":[20,0,0,44,0],"v":{"t":[3,0]}},{"k":[19,0,0,45,0],"v":{"t":[3,0]}},{"k":[17,0,0,47,0],"v":{"t":[3,0]}},{"k":[30,0,0,34,0],"v":{"t":[4,2]}},{"k":[23,0,0,41,0],"v":{"t":[7,0]}},{"k":[22,0,0,42,0],"v":{"t":[7,0]}},{"k":[18,0,0,46,0],"v":{"t":[7,0]}},{"k":[31,0,0,42,0],"v":{"t":[3,0]}},{"k":[30,0,0,43,0],"v":{"t":[3,0]}},{"k":[29,0,0,44,0],"v":{"t":[3,0]}},{"k":[28,0,0,45,0],"v":{"t":[3,0]}},{"k":[27,0,0,46,0],"v":{"t":[3,0]}},{"k":[26,0,0,47,0],"v":{"t":[3,0]}},{"k":[31,0,0,43,0],"v":{"t":[3,0]}},{"k":[30,0,0,44,0],"v":{"t":[3,0]}},{"k":[29,0,0,45,0],"v":{"t":[3,0]}},{"k":[28,0,0,46,0],"v":{"t":[3,0]}},{"k":[27,0,0,47,0],"v":{"t":[3,0]}},{"k":[31,0,0,44,0],"v":{"t":[3,0]}},{"k":[30,0,0,45,0],"v":{"t":[3,0]}},{"k":[29,0,0,46,0],"v":{"t":[3,0]}},{"k":[28,0,0,47,0],"v":{"t":[3,0]}},{"k":[31,0,0,45,0],"v":{"t":[3,0]}},{"k":[30,0,0,46,0],"v":{"t":[3,0]}},{"k":[29,0,0,47,0],"v":{"t":[3,0]}},{"k":[31,0,0,46,0],"v":{"t":[3,0]}},{"k":[30,0,0,47,0],"v":{"t":[3,0]}},{"k":[31,0,0,47,0],"v":{"t":[3,0]}},{"k":[17,0,0,32,0],"v":{"t":[3,0]}},{"k":[16,0,0,33,0],"v":{"t":[3,0]}},{"k":[18,0,0,32,0],"v":{"t":[3,0]}},{"k":[17,0,0,33,0],"v":{"t":[3,0]}},{"k":[16,0,0,34,0],"v":{"t":[3,0]}},{"k":[19,0,0,32,0],"v":{"t":[3,0]}},{"k":[18,0,0,33,0],"v":{"t":[3,0]}},{"k":[17,0,0,34,0],"v":{"t":[3,0]}},{"k":[16,0,0,35,0],"v":{"t":[3,0]}},{"k":[20,0,0,32,0],"v":{"t":[3,0]}},{"k":[19,0,0,33,0],"v":{"t":[3,0]}},{"k":[18,0,0,34,0],"v":{"t":[3,0]}},{"k":[17,0,0,35,0],"v":{"t":[3,0]}},{"k":[16,0,0,36,0],"v":{"t":[3,0]}},{"k":[21,0,0,32,0],"v":{"t":[3,0]}},{"k":[20,0,0,33,0],"v":{"t":[3,0]}},{"k":[19,0,0,34,0],"v":{"t":[3,0]}},{"k":[18,0,0,35,0],"v":{"t":[3,0]}},{"k":[17,0,0,36,0],"v":{"t":[3,0]}},{"k":[16,0,0,37,0],"v":{"t":[3,0]}},{"k":[22,0,0,32,0],"v":{"t":[3,0]}},{"k":[21,0,0,33,0],"v":{"t":[3,0]}},{"k":[20,0,0,34,0],"v":{"t":[3,0]}},{"k":[19,0,0,35,0],"v":{"t":[3,0]}},{"k":[18,0,0,36,0],"v":{"t":[3,0]}},{"k":[17,0,0,37,0],"v":{"t":[3,0]}},{"k":[16,0,0,38,0],"v":{"t":[3,0]}},{"k":[23,0,0,32,0],"v":{"t":[3,0]}},{"k":[22,0,0,33,0],"v":{"t":[3,0]}},{"k":[21,0,0,34,0],"v":{"t":[3,0]}},{"k":[20,0,0,35,0],"v":{"t":[3,0]}},{"k":[19,0,0,36,0],"v":{"t":[3,0]}},{"k":[18,0,0,37,0],"v":{"t":[3,0]}},{"k":[17,0,0,38,0],"v":{"t":[3,0]}},{"k":[16,0,0,39,0],"v":{"t":[3,0]}},{"k":[24,0,0,32,0],"v":{"t":[3,0]}},{"k":[23,0,0,33,0],"v":{"t":[3,0]}},{"k":[22,0,0,34,0],"v":{"t":[3,0]}},{"k":[21,0,0,35,0],"v":{"t":[3,0]}},{"k":[20,0,0,36,0],"v":{"t":[3,0]}},{"k":[19,0,0,37,0],"v":{"t":[3,0]}},{"k":[18,0,0,38,0],"v":{"t":[3,0]}},{"k":[17,0,0,39,0],"v":{"t":[3,0]}},{"k":[16,0,0,40,0],"v":{"t":[5,2]}},{"k":[16,0,0,32,0],"v":{"t":[3,0]}}]},"moun":{"a":[],"o":[]},"objs":{"list":[]},"objs3d":{"a":[],"o":[]},"sprites":{"list":[],"overflow":[],"walls":[]}}