{"lands":{"autotiles":[],"floors":[{"k":[16,0,0,18,0],"v":{"t":[3,0]}},{"k":[17,0,0,17,0],"v":{"t":[3,0]}},{"k":[18,0,0,16,0],"v":{"t":[3,0]}},{"k":[16,0,0,17,0],"v":{"t":[3,0]}},{"k":[17,0,0,16,0],"v":{"t":[3,0]}},{"k":[16,0,0,24,0],"v":{"t":[3,0]}},{"k":[17,0,0,23,0],"v":{"t":[3,0]}},{"k":[18,0,0,22,0],"v":{"t":[3,0]}},{"k":[19,0,0,21,0],"v":{"t":[3,0]}},{"k":[20,0,0,20,0],"v":{"t":[3,0]}},{"k":[21,0,0,19,0],"v":{"t":[3,0]}},{"k":[22,0,0,18,0],"v":{"t":[3,0]}},{"k":[23,0,0,17,0],"v":{"t":[3,0]}},{"k":[24,0,0,16,0],"v":{"t":[3,0]}},{"k":[16,0,0,23,0],"v":{"t":[3,0]}},{"k":[17,0,0,22,0],"v":{"t":[3,0]}},{"k":[18,0,0,21,0],"v":{"t":[3,0]}},{"k":[19,0,0,20,0],"v":{"t":[3,0]}},{"k":[20,0,0,19,0],"v":{"t":[3,0]}},{"k":[21,0,0,18,0],"v":{"t":[3,0]}},{"k":[22,0,0,17,0],"v":{"t":[3,0]}},{"k":[23,0,0,16,0],"v":{"t":[3,0]}},{"k":[16,0,0,22,0],"v":{"t":[3,0]}},{"k":[17,0,0,21,0],"v":{"t":[3,0]}},{"k":[18,0,0,20,0],"v":{"t":[3,0]}},{"k":[19,0,0,19,0],"v":{"t":[3,0]}},{"k":[20,0,0,18,0],"v":{"t":[3,0]}},{"k":[21,0,0,17,0],"v":{"t":[3,0]}},{"k":[22,0,0,16,0],"v":{"t":[3,0]}},{"k":[16,0,0,21,0],"v":{"t":[3,0]}},{"k":[17,0,0,20,0],"v":{"t":[3,0]}},{"k":[18,0,0,19,0],"v":{"t":[3,0]}},{"k":[19,0,0,18,0],"v":{"t":[3,0]}},{"k":[20,0,0,17,0],"v":{"t":[3,0]}},{"k":[21,0,0,16,0],"v":{"t":[3,0]}},{"k":[16,0,0,16,0],"v":{"t":[3,0]}},{"k":[24,0,0,28,0],"v":{"t":[3,0]}},{"k":[23,0,0,29,0],"v":{"t":[3,0]}},{"k":[22,0,0,30,0],"v":{"t":[3,0]}},{"k":[21,0,0,31,0],"v":{"t":[3,0]}},{"k":[25,0,0,27,0],"v":{"t":[3,0]}},{"k":[26,0,0,26,0],"v":{"t":[3,0]}},{"k":[27,0,0,25,0],"v":{"t":[3,0]}},{"k":[28,0,0,24,0],"v":{"t":[3,0]}},{"k":[29,0,0,23,0],"v":{"t":[3,0]}},{"k":[30,0,0,22,0],"v":{"t":[3,0]}},{"k":[31,0,0,21,0],"v":{"t":[3,0]}},{"k":[23,0,0,28,0],"v":{"t":[3,0]}},{"k":[22,0,0,29,0],"v":{"t":[3,0]}},{"k":[21,0,0,30,0],"v":{"t":[3,0]}},{"k":[20,0,0,31,0],"v":{"t":[3,0]}},{"k":[24,0,0,27,0],"v":{"t":[3,0]}},{"k":[25,0,0,26,0],"v":{"t":[3,0]}},{"k":[26,0,0,25,0],"v":{"t":[3,0]}},{"k":[27,0,0,24,0],"v":{"t":[3,0]}},{"k":[28,0,0,23,0],"v":{"t":[3,0]}},{"k":[29,0,0,22,0],"v":{"t":[3,0]}},{"k":[30,0,0,21,0],"v":{"t":[3,0]}},{"k":[31,0,0,20,0],"v":{"t":[3,0]}},{"k":[22,0,0,28,0],"v":{"t":[3,0]}},{"k":[21,0,0,29,0],"v":{"t":[3,0]}},{"k":[20,0,0,30,0],"v":{"t":[3,0]}},{"k":[19,0,0,31,0],"v":{"t":[3,0]}},{"k":[23,0,0,27,0],"v":{"t":[3,0]}},{"k":[24,0,0,26,0],"v":{"t":[3,0]}},{"k":[25,0,0,25,0],"v":{"t":[3,0]}},{"k":[26,0,0,24,0],"v":{"t":[3,0]}},{"k":[27,0,0,23,0],"v":{"t":[3,0]}},{"k":[28,0,0,22,0],"v":{"t":[3,0]}},{"k":[29,0,0,21,0],"v":{"t":[3,0]}},{"k":[30,0,0,20,0],"v":{"t":[3,0]}},{"k":[31,0,0,19,0],"v":{"t":[3,0]}},{"k":[21,0,0,28,0],"v":{"t":[3,0]}},{"k":[20,0,0,29,0],"v":{"t":[3,0]}},{"k":[19,0,0,30,0],"v":{"t":[3,0]}},{"k":[18,0,0,31,0],"v":{"t":[3,0]}},{"k":[22,0,0,27,0],"v":{"t":[3,0]}},{"k":[23,0,0,26,0],"v":{"t":[3,0]}},{"k":[24,0,0,25,0],"v":{"t":[3,0]}},{"k":[25,0,0,24,0],"v":{"t":[3,0]}},{"k":[26,0,0,23,0],"v":{"t":[3,0]}},{"k":[27,0,0,22,0],"v":{"t":[3,0]}},{"k":[28,0,0,21,0],"v":{"t":[3,0]}},{"k":[29,0,0,20,0],"v":{"t":[3,0]}},{"k":[30,0,0,19,0],"v":{"t":[3,0]}},{"k":[31,0,0,18,0],"v":{"t":[3,0]}},{"k":[28,0,0,28,0],"v":{"t":[3,0]}},{"k":[27,0,0,29,0],"v":{"t":[3,0]}},{"k":[26,0,0,30,0],"v":{"t":[3,0]}},{"k":[25,0,0,31,0],"v":{"t":[3,0]}},{"k":[29,0,0,27,0],"v":{"t":[3,0]}},{"k":[30,0,0,26,0],"v":{"t":[3,0]}},{"k":[31,0,0,25,0],"v":{"t":[3,0]}},{"k":[27,0,0,28,0],"v":{"t":[3,0]}},{"k":[26,0,0,29,0],"v":{"t":[3,0]}},{"k":[25,0,0,30,0],"v":{"t":[3,0]}},{"k":[24,0,0,31,0],"v":{"t":[3,0]}},{"k":[28,0,0,27,0],"v":{"t":[3,0]}},{"k":[29,0,0,26,0],"v":{"t":[3,0]}},{"k":[30,0,0,25,0],"v":{"t":[3,0]}},{"k":[31,0,0,24,0],"v":{"t":[3,0]}},{"k":[26,0,0,28,0],"v":{"t":[3,0]}},{"k":[25,0,0,29,0],"v":{"t":[3,0]}},{"k":[24,0,0,30,0],"v":{"t":[3,0]}},{"k":[23,0,0,31,0],"v":{"t":[3,0]}},{"k":[27,0,0,27,0],"v":{"t":[3,0]}},{"k":[28,0,0,26,0],"v":{"t":[3,0]}},{"k":[29,0,0,25,0],"v":{"t":[3,0]}},{"k":[30,0,0,24,0],"v":{"t":[3,0]}},{"k":[31,0,0,23,0],"v":{"t":[3,0]}},{"k":[25,0,0,28,0],"v":{"t":[3,0]}},{"k":[24,0,0,29,0],"v":{"t":[3,0]}},{"k":[23,0,0,30,0],"v":{"t":[3,0]}},{"k":[22,0,0,31,0],"v":{"t":[3,0]}},{"k":[26,0,0,27,0],"v":{"t":[3,0]}},{"k":[27,0,0,26,0],"v":{"t":[3,0]}},{"k":[28,0,0,25,0],"v":{"t":[3,0]}},{"k":[29,0,0,24,0],"v":{"t":[3,0]}},{"k":[30,0,0,23,0],"v":{"t":[3,0]}},{"k":[31,0,0,22,0],"v":{"t":[3,0]}},{"k":[16,0,0,28,0],"v":{"t":[3,0]}},{"k":[17,0,0,27,0],"v":{"t":[3,0]}},{"k":[18,0,0,26,0],"v":{"t":[3,0]}},{"k":[19,0,0,25,0],"v":{"t":[3,0]}},{"k":[20,0,0,24,0],"v":{"t":[3,0]}},{"k":[21,0,0,23,0],"v":{"t":[3,0]}},{"k":[22,0,0,22,0],"v":{"t":[3,0]}},{"k":[23,0,0,21,0],"v":{"t":[3,0]}},{"k":[24,0,0,20,0],"v":{"t":[3,0]}},{"k":[25,0,0,19,0],"v":{"t":[3,0]}},{"k":[26,0,0,18,0],"v":{"t":[3,0]}},{"k":[27,0,0,17,0],"v":{"t":[3,0]}},{"k":[28,0,0,16,0],"v":{"t":[3,0]}},{"k":[16,0,0,27,0],"v":{"t":[3,0]}},{"k":[18,0,0,25,0],"v":{"t":[3,0]}},{"k":[19,0,0,24,0],"v":{"t":[3,0]}},{"k":[20,0,0,23,0],"v":{"t":[3,0]}},{"k":[21,0,0,22,0],"v":{"t":[3,0]}},{"k":[22,0,0,21,0],"v":{"t":[3,0]}},{"k":[23,0,0,20,0],"v":{"t":[3,0]}},{"k":[24,0,0,19,0],"v":{"t":[3,0]}},{"k":[25,0,0,18,0],"v":{"t":[3,0]}},{"k":[26,0,0,17,0],"v":{"t":[3,0]}},{"k":[27,0,0,16,0],"v":{"t":[3,0]}},{"k":[17,0,0,26,0],"v":{"t":[4,2]}},{"k":[16,0,0,26,0],"v":{"t":[3,0]}},{"k":[17,0,0,25,0],"v":{"t":[3,0]}},{"k":[18,0,0,24,0],"v":{"t":[3,0]}},{"k":[19,0,0,23,0],"v":{"t":[3,0]}},{"k":[20,0,0,22,0],"v":{"t":[3,0]}},{"k":[21,0,0,21,0],"v":{"t":[3,0]}},{"k":[22,0,0,20,0],"v":{"t":[3,0]}},{"k":[23,0,0,19,0],"v":{"t":[3,0]}},{"k":[24,0,0,18,0],"v":{"t":[3,0]}},{"k":[25,0,0,17,0],"v":{"t":[3,0]}},{"k":[26,0,0,16,0],"v":{"t":[3,0]}},{"k":[16,0,0,25,0],"v":{"t":[3,0]}},{"k":[17,0,0,24,0],"v":{"t":[3,0]}},{"k":[18,0,0,23,0],"v":{"t":[3,0]}},{"k":[19,0,0,22,0],"v":{"t":[3,0]}},{"k":[20,0,0,21,0],"v":{"t":[3,0]}},{"k":[21,0,0,20,0],"v":{"t":[3,0]}},{"k":[22,0,0,19,0],"v":{"t":[3,0]}},{"k":[23,0,0,18,0],"v":{"t":[3,0]}},{"k":[24,0,0,17,0],"v":{"t":[3,0]}},{"k":[25,0,0,16,0],"v":{"t":[3,0]}},{"k":[20,0,0,28,0],"v":{"t":[3,0]}},{"k":[19,0,0,29,0],"v":{"t":[3,0]}},{"k":[18,0,0,30,0],"v":{"t":[3,0]}},{"k":[21,0,0,27,0],"v":{"t":[3,0]}},{"k":[17,0,0,31,0],"v":{"t":[3,0]}},{"k":[22,0,0,26,0],"v":{"t":[3,0]}},{"k":[23,0,0,25,0],"v":{"t":[3,0]}},{"k":[24,0,0,24,0],"v":{"t":[3,0]}},{"k":[25,0,0,23,0],"v":{"t":[3,0]}},{"k":[26,0,0,22,0],"v":{"t":[3,0]}},{"k":[27,0,0,21,0],"v":{"t":[3,0]}},{"k":[28,0,0,20,0],"v":{"t":[3,0]}},{"k":[29,0,0,19,0],"v":{"t":[3,0]}},{"k":[30,0,0,18,0],"v":{"t":[3,0]}},{"k":[31,0,0,17,0],"v":{"t":[3,0]}},{"k":[19,0,0,28,0],"v":{"t":[3,0]}},{"k":[18,0,0,29,0],"v":{"t":[3,0]}},{"k":[20,0,0,27,0],"v":{"t":[3,0]}},{"k":[17,0,0,30,0],"v":{"t":[3,0]}},{"k":[21,0,0,26,0],"v":{"t":[3,0]}},{"k":[16,0,0,31,0],"v":{"t":[3,0]}},{"k":[22,0,0,25,0],"v":{"t":[3,0]}},{"k":[23,0,0,24,0],"v":{"t":[3,0]}},{"k":[24,0,0,23,0],"v":{"t":[3,0]}},{"k":[25,0,0,22,0],"v":{"t":[3,0]}},{"k":[26,0,0,21,0],"v":{"t":[3,0]}},{"k":[27,0,0,20,0],"v":{"t":[3,0]}},{"k":[28,0,0,19,0],"v":{"t":[3,0]}},{"k":[29,0,0,18,0],"v":{"t":[3,0]}},{"k":[30,0,0,17,0],"v":{"t":[3,0]}},{"k":[31,0,0,16,0],"v":{"t":[3,0]}},{"k":[18,0,0,28,0],"v":{"t":[3,0]}},{"k":[19,0,0,27,0],"v":{"t":[3,0]}},{"k":[17,0,0,29,0],"v":{"t":[3,0]}},{"k":[20,0,0,26,0],"v":{"t":[3,0]}},{"k":[16,0,0,30,0],"v":{"t":[3,0]}},{"k":[21,0,0,25,0],"v":{"t":[3,0]}},{"k":[22,0,0,24,0],"v":{"t":[3,0]}},{"k":[23,0,0,23,0],"v":{"t":[3,0]}},{"k":[24,0,0,22,0],"v":{"t":[3,0]}},{"k":[25,0,0,21,0],"v":{"t":[3,0]}},{"k":[26,0,0,20,0],"v":{"t":[3,0]}},{"k":[27,0,0,19,0],"v":{"t":[3,0]}},{"k":[28,0,0,18,0],"v":{"t":[3,0]}},{"k":[29,0,0,17,0],"v":{"t":[3,0]}},{"k":[30,0,0,16,0],"v":{"t":[4,2]}},{"k":[17,0,0,28,0],"v":{"t":[3,0]}},{"k":[18,0,0,27,0],"v":{"t":[3,0]}},{"k":[19,0,0,26,0],"v":{"t":[3,0]}},{"k":[16,0,0,29,0],"v":{"t":[3,0]}},{"k":[20,0,0,25,0],"v":{"t":[3,0]}},{"k":[21,0,0,24,0],"v":{"t":[3,0]}},{"k":[22,0,0,23,0],"v":{"t":[3,0]}},{"k":[24,0,0,21,0],"v":{"t":[3,0]}},{"k":[25,0,0,20,0],"v":{"t":[3,0]}},{"k":[26,0,0,19,0],"v":{"t":[3,0]}},{"k":[27,0,0,18,0],"v":{"t":[3,0]}},{"k":[28,0,0,17,0],"v":{"t":[3,0]}},{"k":[29,0,0,16,0],"v":{"t":[3,0]}},{"k":[23,0,0,22,0],"v":{"t":[4,2]}},{"k":[31,0,0,29,0],"v":{"t":[3,0]}},{"k":[30,0,0,30,0],"v":{"t":[3,0]}},{"k":[29,0,0,31,0],"v":{"t":[3,0]}},{"k":[31,0,0,28,0],"v":{"t":[3,0]}},{"k":[30,0,0,29,0],"v":{"t":[3,0]}},{"k":[29,0,0,30,0],"v":{"t":[3,0]}},{"k":[28,0,0,31,0],"v":{"t":[3,0]}},{"k":[30,0,0,28,0],"v":{"t":[3,0]}},{"k":[28,0,0,30,0],"v":{"t":[3,0]}},{"k":[27,0,0,31,0],"v":{"t":[3,0]}},{"k":[31,0,0,27,0],"v":{"t":[3,0]}},{"k":[29,0,0,29,0],"v":{"t":[4,2]}},{"k":[29,0,0,28,0],"v":{"t":[3,0]}},{"k":[28,0,0,29,0],"v":{"t":[3,0]}},{"k":[27,0,0,30,0],"v":{"t":[3,0]}},{"k":[26,0,0,31,0],"v":{"t":[3,0]}},{"k":[30,0,0,27,0],"v":{"t":[3,0]}},{"k":[31,0,0,26,0],"v":{"t":[3,0]}},{"k":[31,0,0,31,0],"v":{"t":[3,0]}},{"k":[31,0,0,30,0],"v":{"t":[3,0]}},{"k":[30,0,0,31,0],"v":{"t":[3,0]}},{"k":[16,0,0,20,0],"v":{"t":[3,0]}},{"k":[17,0,0,19,0],"v":{"t":[3,0]}},{"k":[18,0,0,18,0],"v":{"t":[3,0]}},{"k":[19,0,0,17,0],"v":{"t":[3,0]}},{"k":[20,0,0,16,0],"v":{"t":[3,0]}},{"k":[16,0,0,19,0],"v":{"t":[3,0]}},{"k":[17,0,0,18,0],"v":{"t":[3,0]}},{"k":[18,0,0,17,0],"v":{"t":[3,0]}},{"k":[19,0,0,16,0],"v":{"t":[3,0]}}]},"moun":{"a":[],"o":[]},"objs":{"list":[{"k":[26,0,0,27,0],"v":{"events":[{"id":1,"name":"Hero action","p":[],"r":{"1":{"bh":true,"c":[{"command":[0,7,1,0,12,1],"kind":2},{"command":[8,"",1,1,0,1,"haiiiii :3 wats ur name?? do u have one???"],"kind":1},{"command":[3,2,3,5,"-",1,"i don't know. i don't have a name."],"kind":31},{"children":[{"command":[8,"",1,1,0,1,"me either owo i just called pink person <3 "],"kind":1},{"command":[8,"",1,1,0,1,"have you met green man???? isn't he soooo cool!!!"],"kind":1},{"command":[3,2,3,5,"-",1,"uhhh... he's alright.","-",1,"YES I LOVE HIM!!","-",1,"I don't really care for him."],"kind":31},{"children":[{"command":[8,"",1,1,0,1,"he is amazing and beautiful!!!"],"kind":1},{"command":[8,"",1,1,0,1,"i am kinda sorta in love with him. but alas! we are star crossed!"],"kind":1}],"command":[1],"kind":32},{"children":[{"command":[8,"",1,1,0,1,"nuuu i luv him!!!! he is my crush!!"],"kind":1},{"command":[8,"",-1,0,0,1,"but unfortunately... we can't be together... it is complicated...:'C "],"kind":1}],"command":[2],"kind":32},{"children":[{"command":[8,"",1,1,0,1,"he is my favorite person i have a crush on him..."],"kind":1},{"command":[8,"",1,1,0,1,"but unfortunately... we can't be together... it is complicated...:'C "],"kind":1}],"command":[3],"kind":32},{"command":[],"kind":33},{"command":[3,2,3,5,"-",1,"Oh no! Tell me more!","-",1,"I literally don't care."],"kind":31},{"children":[{"command":[8,"",-1,0,0,1,"let's be frens and hang out at my house!! i will make tea and snaks c:"],"kind":1},{"command":[7,-1,7,-1,7,2,0],"kind":18}],"command":[1],"kind":32},{"children":[{"command":[8,"",-1,0,0,1,"rude :C "],"kind":1},{"command":[7,-1,7,-1,7,3,0],"kind":18}],"command":[2],"kind":32},{"command":[],"kind":33}],"command":[1],"kind":32},{"command":[],"kind":33},{"command":[8,"",-1,0,0,1,"baiiii <3 "],"kind":1},{"command":[7,-1,0,1,0,3,0,3,0,3,0,3,0,3,0,3,0,3,0,3,0,3,0,3,0,3,0,3,0,3,0,3,0,3,0,3,0,3,0,3,0,3,0,3,0,3,0,3,0,3,0,3,0,3,0,3,0],"kind":21},{"command":[7,-1,7,-1,7,4,0],"kind":18}]},"2":{"bh":true,"c":[]},"3":{"bh":true,"c":[{"command":[8,"",-1,0,0,1,"u hurt my feelings >:C "],"kind":1}]},"4":{"bh":true,"c":[]},"5":{"bh":true,"c":[]}},"sys":false}],"hId":3,"id":5,"name":"pink guy","ooepf":false,"states":[{"cam":true,"climb":false,"dir":false,"gid":72,"gk":5,"id":1,"move":true,"name":"Normal","pix":true,"pos":false,"stop":false,"sx":{"k":12,"v":0.7},"sy":{"k":12,"v":0.7},"sz":{"k":12,"v":1},"through":false,"x":0,"y":0},{"cam":true,"climb":false,"dir":false,"gid":-1,"gk":4,"id":2,"move":true,"name":"NO EXISTO","pix":true,"pos":false,"stop":false,"sx":{"k":12,"v":0.7},"sy":{"k":12,"v":0.7},"sz":{"k":12,"v":1},"through":false,"x":0,"y":0},{"cam":true,"climb":false,"dir":false,"gid":72,"gk":4,"id":3,"move":true,"name":"third","pix":true,"pos":false,"stop":false,"sx":{"k":12,"v":0.7},"sy":{"k":12,"v":0.7},"sz":{"k":12,"v":1},"through":false,"x":0,"y":0},{"cam":true,"climb":false,"dir":false,"gid":-1,"gk":0,"id":4,"move":true,"name":"fourth","pix":true,"pos":false,"stop":false,"sx":{"k":12,"v":0.7},"sy":{"k":12,"v":0.7},"sz":{"k":12,"v":1},"through":false,"x":0,"y":0},{"cam":true,"climb":false,"dir":false,"gid":-1,"gk":0,"id":5,"move":true,"name":"5","pix":true,"pos":false,"stop":false,"sx":{"k":12,"v":1},"sy":{"k":12,"v":1},"sz":{"k":12,"v":1},"through":false,"x":0,"y":0}]}}]},"objs3d":{"a":[],"o":[]},"sprites":{"list":[],"overflow":[],"walls":[]}}