{"lands":{"autotiles":[],"floors":[{"k":[17,0,0,15,0],"v":{"t":[3,0]}},{"k":[19,0,0,13,0],"v":{"t":[3,0]}},{"k":[20,0,0,12,0],"v":{"t":[3,0]}},{"k":[21,0,0,11,0],"v":{"t":[3,0]}},{"k":[22,0,0,10,0],"v":{"t":[3,0]}},{"k":[23,0,0,9,0],"v":{"t":[3,0]}},{"k":[24,0,0,8,0],"v":{"t":[3,0]}},{"k":[25,0,0,7,0],"v":{"t":[3,0]}},{"k":[26,0,0,6,0],"v":{"t":[3,0]}},{"k":[27,0,0,5,0],"v":{"t":[3,0]}},{"k":[29,0,0,3,0],"v":{"t":[3,0]}},{"k":[30,0,0,2,0],"v":{"t":[3,0]}},{"k":[31,0,0,1,0],"v":{"t":[3,0]}},{"k":[28,0,0,4,0],"v":{"t":[5,2]}},{"k":[18,0,0,14,0],"v":{"t":[0,0]}},{"k":[16,0,0,15,0],"v":{"t":[3,0]}},{"k":[17,0,0,14,0],"v":{"t":[3,0]}},{"k":[18,0,0,13,0],"v":{"t":[3,0]}},{"k":[19,0,0,12,0],"v":{"t":[3,0]}},{"k":[20,0,0,11,0],"v":{"t":[3,0]}},{"k":[21,0,0,10,0],"v":{"t":[3,0]}},{"k":[22,0,0,9,0],"v":{"t":[3,0]}},{"k":[23,0,0,8,0],"v":{"t":[3,0]}},{"k":[24,0,0,7,0],"v":{"t":[3,0]}},{"k":[25,0,0,6,0],"v":{"t":[3,0]}},{"k":[26,0,0,5,0],"v":{"t":[3,0]}},{"k":[27,0,0,4,0],"v":{"t":[3,0]}},{"k":[28,0,0,3,0],"v":{"t":[3,0]}},{"k":[29,0,0,2,0],"v":{"t":[3,0]}},{"k":[30,0,0,1,0],"v":{"t":[3,0]}},{"k":[31,0,0,0,0],"v":{"t":[3,0]}},{"k":[16,0,0,14,0],"v":{"t":[3,0]}},{"k":[17,0,0,13,0],"v":{"t":[3,0]}},{"k":[18,0,0,12,0],"v":{"t":[3,0]}},{"k":[19,0,0,11,0],"v":{"t":[3,0]}},{"k":[20,0,0,10,0],"v":{"t":[3,0]}},{"k":[21,0,0,9,0],"v":{"t":[3,0]}},{"k":[22,0,0,8,0],"v":{"t":[3,0]}},{"k":[23,0,0,7,0],"v":{"t":[3,0]}},{"k":[24,0,0,6,0],"v":{"t":[3,0]}},{"k":[25,0,0,5,0],"v":{"t":[3,0]}},{"k":[26,0,0,4,0],"v":{"t":[3,0]}},{"k":[27,0,0,3,0],"v":{"t":[3,0]}},{"k":[28,0,0,2,0],"v":{"t":[3,0]}},{"k":[29,0,0,1,0],"v":{"t":[3,0]}},{"k":[30,0,0,0,0],"v":{"t":[3,0]}},{"k":[16,0,0,13,0],"v":{"t":[3,0]}},{"k":[17,0,0,12,0],"v":{"t":[3,0]}},{"k":[18,0,0,11,0],"v":{"t":[3,0]}},{"k":[19,0,0,10,0],"v":{"t":[3,0]}},{"k":[20,0,0,9,0],"v":{"t":[3,0]}},{"k":[21,0,0,8,0],"v":{"t":[3,0]}},{"k":[22,0,0,7,0],"v":{"t":[3,0]}},{"k":[23,0,0,6,0],"v":{"t":[3,0]}},{"k":[24,0,0,5,0],"v":{"t":[3,0]}},{"k":[25,0,0,4,0],"v":{"t":[3,0]}},{"k":[26,0,0,3,0],"v":{"t":[3,0]}},{"k":[27,0,0,2,0],"v":{"t":[3,0]}},{"k":[28,0,0,1,0],"v":{"t":[3,0]}},{"k":[29,0,0,0,0],"v":{"t":[3,0]}},{"k":[16,0,0,12,0],"v":{"t":[3,0]}},{"k":[17,0,0,11,0],"v":{"t":[3,0]}},{"k":[18,0,0,10,0],"v":{"t":[3,0]}},{"k":[19,0,0,9,0],"v":{"t":[3,0]}},{"k":[20,0,0,8,0],"v":{"t":[3,0]}},{"k":[21,0,0,7,0],"v":{"t":[3,0]}},{"k":[22,0,0,6,0],"v":{"t":[3,0]}},{"k":[23,0,0,5,0],"v":{"t":[3,0]}},{"k":[24,0,0,4,0],"v":{"t":[3,0]}},{"k":[25,0,0,3,0],"v":{"t":[3,0]}},{"k":[26,0,0,2,0],"v":{"t":[3,0]}},{"k":[27,0,0,1,0],"v":{"t":[3,0]}},{"k":[28,0,0,0,0],"v":{"t":[3,0]}},{"k":[16,0,0,11,0],"v":{"t":[3,0]}},{"k":[17,0,0,10,0],"v":{"t":[3,0]}},{"k":[18,0,0,9,0],"v":{"t":[3,0]}},{"k":[19,0,0,8,0],"v":{"t":[3,0]}},{"k":[20,0,0,7,0],"v":{"t":[3,0]}},{"k":[21,0,0,6,0],"v":{"t":[3,0]}},{"k":[22,0,0,5,0],"v":{"t":[3,0]}},{"k":[23,0,0,4,0],"v":{"t":[3,0]}},{"k":[24,0,0,3,0],"v":{"t":[3,0]}},{"k":[25,0,0,2,0],"v":{"t":[3,0]}},{"k":[26,0,0,1,0],"v":{"t":[3,0]}},{"k":[27,0,0,0,0],"v":{"t":[3,0]}},{"k":[16,0,0,10,0],"v":{"t":[3,0]}},{"k":[17,0,0,9,0],"v":{"t":[3,0]}},{"k":[18,0,0,8,0],"v":{"t":[3,0]}},{"k":[19,0,0,7,0],"v":{"t":[3,0]}},{"k":[20,0,0,6,0],"v":{"t":[3,0]}},{"k":[21,0,0,5,0],"v":{"t":[3,0]}},{"k":[22,0,0,4,0],"v":{"t":[3,0]}},{"k":[23,0,0,3,0],"v":{"t":[3,0]}},{"k":[24,0,0,2,0],"v":{"t":[3,0]}},{"k":[25,0,0,1,0],"v":{"t":[3,0]}},{"k":[26,0,0,0,0],"v":{"t":[3,0]}},{"k":[16,0,0,9,0],"v":{"t":[3,0]}},{"k":[17,0,0,8,0],"v":{"t":[3,0]}},{"k":[18,0,0,7,0],"v":{"t":[3,0]}},{"k":[19,0,0,6,0],"v":{"t":[3,0]}},{"k":[20,0,0,5,0],"v":{"t":[3,0]}},{"k":[21,0,0,4,0],"v":{"t":[3,0]}},{"k":[22,0,0,3,0],"v":{"t":[3,0]}},{"k":[23,0,0,2,0],"v":{"t":[3,0]}},{"k":[24,0,0,1,0],"v":{"t":[3,0]}},{"k":[25,0,0,0,0],"v":{"t":[3,0]}},{"k":[25,0,0,15,0],"v":{"t":[3,0]}},{"k":[26,0,0,14,0],"v":{"t":[3,0]}},{"k":[27,0,0,13,0],"v":{"t":[3,0]}},{"k":[28,0,0,12,0],"v":{"t":[3,0]}},{"k":[29,0,0,11,0],"v":{"t":[3,0]}},{"k":[30,0,0,10,0],"v":{"t":[3,0]}},{"k":[31,0,0,9,0],"v":{"t":[3,0]}},{"k":[24,0,0,15,0],"v":{"t":[3,0]}},{"k":[25,0,0,14,0],"v":{"t":[3,0]}},{"k":[26,0,0,13,0],"v":{"t":[3,0]}},{"k":[27,0,0,12,0],"v":{"t":[3,0]}},{"k":[28,0,0,11,0],"v":{"t":[3,0]}},{"k":[29,0,0,10,0],"v":{"t":[3,0]}},{"k":[30,0,0,9,0],"v":{"t":[3,0]}},{"k":[31,0,0,8,0],"v":{"t":[3,0]}},{"k":[24,0,0,14,0],"v":{"t":[3,0]}},{"k":[25,0,0,13,0],"v":{"t":[3,0]}},{"k":[26,0,0,12,0],"v":{"t":[3,0]}},{"k":[27,0,0,11,0],"v":{"t":[3,0]}},{"k":[28,0,0,10,0],"v":{"t":[3,0]}},{"k":[29,0,0,9,0],"v":{"t":[3,0]}},{"k":[30,0,0,8,0],"v":{"t":[3,0]}},{"k":[31,0,0,7,0],"v":{"t":[3,0]}},{"k":[23,0,0,15,0],"v":{"t":[5,2]}},{"k":[22,0,0,15,0],"v":{"t":[3,0]}},{"k":[23,0,0,14,0],"v":{"t":[3,0]}},{"k":[24,0,0,13,0],"v":{"t":[3,0]}},{"k":[25,0,0,12,0],"v":{"t":[3,0]}},{"k":[26,0,0,11,0],"v":{"t":[3,0]}},{"k":[27,0,0,10,0],"v":{"t":[3,0]}},{"k":[28,0,0,9,0],"v":{"t":[3,0]}},{"k":[29,0,0,8,0],"v":{"t":[3,0]}},{"k":[30,0,0,7,0],"v":{"t":[3,0]}},{"k":[31,0,0,6,0],"v":{"t":[3,0]}},{"k":[21,0,0,15,0],"v":{"t":[3,0]}},{"k":[22,0,0,14,0],"v":{"t":[3,0]}},{"k":[23,0,0,13,0],"v":{"t":[3,0]}},{"k":[24,0,0,12,0],"v":{"t":[3,0]}},{"k":[25,0,0,11,0],"v":{"t":[3,0]}},{"k":[26,0,0,10,0],"v":{"t":[3,0]}},{"k":[27,0,0,9,0],"v":{"t":[3,0]}},{"k":[28,0,0,8,0],"v":{"t":[3,0]}},{"k":[29,0,0,7,0],"v":{"t":[3,0]}},{"k":[30,0,0,6,0],"v":{"t":[3,0]}},{"k":[31,0,0,5,0],"v":{"t":[3,0]}},{"k":[20,0,0,15,0],"v":{"t":[3,0]}},{"k":[21,0,0,14,0],"v":{"t":[3,0]}},{"k":[22,0,0,13,0],"v":{"t":[3,0]}},{"k":[23,0,0,12,0],"v":{"t":[3,0]}},{"k":[24,0,0,11,0],"v":{"t":[3,0]}},{"k":[25,0,0,10,0],"v":{"t":[3,0]}},{"k":[26,0,0,9,0],"v":{"t":[3,0]}},{"k":[27,0,0,8,0],"v":{"t":[3,0]}},{"k":[28,0,0,7,0],"v":{"t":[3,0]}},{"k":[29,0,0,6,0],"v":{"t":[3,0]}},{"k":[30,0,0,5,0],"v":{"t":[3,0]}},{"k":[31,0,0,4,0],"v":{"t":[3,0]}},{"k":[21,10,0,4,0],"v":{"t":[0,0]}},{"k":[19,0,0,15,0],"v":{"t":[3,0]}},{"k":[20,0,0,14,0],"v":{"t":[3,0]}},{"k":[21,0,0,13,0],"v":{"t":[3,0]}},{"k":[22,0,0,12,0],"v":{"t":[3,0]}},{"k":[23,0,0,11,0],"v":{"t":[3,0]}},{"k":[24,0,0,10,0],"v":{"t":[3,0]}},{"k":[25,0,0,9,0],"v":{"t":[3,0]}},{"k":[26,0,0,8,0],"v":{"t":[3,0]}},{"k":[27,0,0,7,0],"v":{"t":[3,0]}},{"k":[28,0,0,6,0],"v":{"t":[3,0]}},{"k":[29,0,0,5,0],"v":{"t":[3,0]}},{"k":[30,0,0,4,0],"v":{"t":[3,0]}},{"k":[31,0,0,3,0],"v":{"t":[3,0]}},{"k":[18,0,0,15,0],"v":{"t":[3,0]}},{"k":[19,0,0,14,0],"v":{"t":[3,0]}},{"k":[20,0,0,13,0],"v":{"t":[3,0]}},{"k":[21,0,0,12,0],"v":{"t":[3,0]}},{"k":[22,0,0,11,0],"v":{"t":[3,0]}},{"k":[23,0,0,10,0],"v":{"t":[3,0]}},{"k":[24,0,0,9,0],"v":{"t":[3,0]}},{"k":[25,0,0,8,0],"v":{"t":[3,0]}},{"k":[26,0,0,7,0],"v":{"t":[3,0]}},{"k":[27,0,0,6,0],"v":{"t":[3,0]}},{"k":[28,0,0,5,0],"v":{"t":[3,0]}},{"k":[29,0,0,4,0],"v":{"t":[3,0]}},{"k":[30,0,0,3,0],"v":{"t":[3,0]}},{"k":[31,0,0,2,0],"v":{"t":[3,0]}},{"k":[31,0,0,15,0],"v":{"t":[3,0]}},{"k":[30,0,0,15,0],"v":{"t":[3,0]}},{"k":[31,0,0,14,0],"v":{"t":[3,0]}},{"k":[29,0,0,15,0],"v":{"t":[3,0]}},{"k":[30,0,0,14,0],"v":{"t":[3,0]}},{"k":[31,0,0,13,0],"v":{"t":[3,0]}},{"k":[28,0,0,15,0],"v":{"t":[3,0]}},{"k":[29,0,0,14,0],"v":{"t":[3,0]}},{"k":[30,0,0,13,0],"v":{"t":[3,0]}},{"k":[31,0,0,12,0],"v":{"t":[3,0]}},{"k":[27,0,0,15,0],"v":{"t":[3,0]}},{"k":[28,0,0,14,0],"v":{"t":[3,0]}},{"k":[29,0,0,13,0],"v":{"t":[3,0]}},{"k":[30,0,0,12,0],"v":{"t":[3,0]}},{"k":[31,0,0,11,0],"v":{"t":[3,0]}},{"k":[26,0,0,15,0],"v":{"t":[3,0]}},{"k":[27,0,0,14,0],"v":{"t":[3,0]}},{"k":[28,0,0,13,0],"v":{"t":[3,0]}},{"k":[29,0,0,12,0],"v":{"t":[3,0]}},{"k":[30,0,0,11,0],"v":{"t":[3,0]}},{"k":[31,0,0,10,0],"v":{"t":[3,0]}},{"k":[16,0,0,0,0],"v":{"t":[3,0]}},{"k":[16,0,0,8,0],"v":{"t":[3,0]}},{"k":[17,0,0,7,0],"v":{"t":[3,0]}},{"k":[18,0,0,6,0],"v":{"t":[3,0]}},{"k":[19,0,0,5,0],"v":{"t":[3,0]}},{"k":[20,0,0,4,0],"v":{"t":[3,0]}},{"k":[21,0,0,3,0],"v":{"t":[3,0]}},{"k":[22,0,0,2,0],"v":{"t":[3,0]}},{"k":[23,0,0,1,0],"v":{"t":[3,0]}},{"k":[24,0,0,0,0],"v":{"t":[3,0]}},{"k":[16,0,0,7,0],"v":{"t":[3,0]}},{"k":[17,0,0,6,0],"v":{"t":[3,0]}},{"k":[18,0,0,5,0],"v":{"t":[3,0]}},{"k":[19,0,0,4,0],"v":{"t":[3,0]}},{"k":[20,0,0,3,0],"v":{"t":[3,0]}},{"k":[21,0,0,2,0],"v":{"t":[3,0]}},{"k":[22,0,0,1,0],"v":{"t":[3,0]}},{"k":[23,0,0,0,0],"v":{"t":[3,0]}},{"k":[16,0,0,6,0],"v":{"t":[3,0]}},{"k":[17,0,0,5,0],"v":{"t":[3,0]}},{"k":[18,0,0,4,0],"v":{"t":[3,0]}},{"k":[19,0,0,3,0],"v":{"t":[3,0]}},{"k":[20,0,0,2,0],"v":{"t":[3,0]}},{"k":[21,0,0,1,0],"v":{"t":[3,0]}},{"k":[22,0,0,0,0],"v":{"t":[3,0]}},{"k":[16,0,0,5,0],"v":{"t":[3,0]}},{"k":[17,0,0,4,0],"v":{"t":[3,0]}},{"k":[18,0,0,3,0],"v":{"t":[3,0]}},{"k":[19,0,0,2,0],"v":{"t":[3,0]}},{"k":[20,0,0,1,0],"v":{"t":[3,0]}},{"k":[21,0,0,0,0],"v":{"t":[3,0]}},{"k":[16,0,0,4,0],"v":{"t":[3,0]}},{"k":[17,0,0,3,0],"v":{"t":[3,0]}},{"k":[18,0,0,2,0],"v":{"t":[3,0]}},{"k":[19,0,0,1,0],"v":{"t":[3,0]}},{"k":[20,0,0,0,0],"v":{"t":[3,0]}},{"k":[16,0,0,3,0],"v":{"t":[3,0]}},{"k":[17,0,0,2,0],"v":{"t":[3,0]}},{"k":[18,0,0,1,0],"v":{"t":[3,0]}},{"k":[19,0,0,0,0],"v":{"t":[3,0]}},{"k":[16,0,0,2,0],"v":{"t":[3,0]}},{"k":[17,0,0,1,0],"v":{"t":[3,0]}},{"k":[18,0,0,0,0],"v":{"t":[3,0]}},{"k":[16,0,0,1,0],"v":{"t":[3,0]}},{"k":[17,0,0,0,0],"v":{"t":[3,0]}}]},"moun":{"a":[{"k":[21,0,0,4,0],"v":{"hs":10,"sid":1}}],"o":[]},"objs":{"list":[{"k":[18,0,0,14,0],"v":{"events":[{"id":1,"name":"Hero action","p":[],"r":{"1":{"bh":true,"c":[{"command":[7,0,0,14,0,0,0,0,0,0,0],"kind":20}]}},"sys":false}],"hId":-1,"id":8,"name":"OBJ0008","ooepf":false,"states":[{"cam":true,"climb":false,"dir":false,"gid":-1,"gk":0,"id":1,"move":true,"name":"Normal","pix":true,"pos":false,"stop":false,"sx":{"k":12,"v":1},"sy":{"k":12,"v":1},"sz":{"k":12,"v":1},"through":false,"x":0,"y":0}]}},{"k":[24,0,0,4,0],"v":{"events":[{"id":1,"name":"Hero action","p":[],"r":{"1":{"bh":true,"c":[]}},"sys":false}],"hId":2,"id":6,"name":"purple guy","ooepf":false,"states":[{"cam":true,"climb":false,"dir":false,"gid":70,"gk":4,"id":1,"move":true,"name":"Normal","pix":true,"pos":false,"s":4,"stop":false,"sx":{"k":12,"v":0.7},"sy":{"k":12,"v":0.7},"sz":{"k":12,"v":1},"through":false,"x":0,"y":0}]}},{"k":[23,0,0,15,0],"v":{"events":[{"id":1,"name":"Hero action","p":[],"r":{"1":{"bh":true,"c":[{"command":[7,0,0,10,0,0,0,0,0,0,0],"kind":20}]}},"sys":false}],"hId":-1,"id":9,"name":"OBJ0009","ooepf":false,"states":[{"cam":true,"climb":false,"dir":false,"gid":-1,"gk":0,"id":1,"move":true,"name":"Normal","pix":true,"pos":false,"stop":false,"sx":{"k":12,"v":1},"sy":{"k":12,"v":1},"sz":{"k":12,"v":1},"through":false,"x":0,"y":0}]}}]},"objs3d":{"a":[],"o":[]},"sprites":{"list":[],"overflow":[],"walls":[{"k":[18,0,0,0,0,50,0,0],"v":{"k":1,"w":2}},{"k":[17,0,0,0,0,50,0,0],"v":{"k":1,"w":2}},{"k":[16,0,0,0,0,50,0,0],"v":{"k":1,"w":2}},{"k":[31,0,0,0,0,50,0,0],"v":{"k":1,"w":2}},{"k":[30,0,0,0,0,50,0,0],"v":{"k":1,"w":2}},{"k":[29,0,0,0,0,50,0,0],"v":{"k":1,"w":2}},{"k":[28,0,0,0,0,50,0,0],"v":{"k":1,"w":2}},{"k":[27,0,0,0,0,50,0,0],"v":{"k":1,"w":2}},{"k":[26,0,0,0,0,50,0,0],"v":{"k":1,"w":2}},{"k":[25,0,0,0,0,50,0,0],"v":{"k":1,"w":2}},{"k":[24,0,0,0,0,50,0,0],"v":{"k":1,"w":2}},{"k":[23,0,0,0,0,50,0,0],"v":{"k":1,"w":2}},{"k":[22,0,0,0,0,50,0,0],"v":{"k":1,"w":2}},{"k":[21,0,0,0,0,50,0,0],"v":{"k":1,"w":2}},{"k":[20,0,0,0,0,50,0,0],"v":{"k":1,"w":2}},{"k":[19,0,0,0,0,50,0,0],"v":{"k":1,"w":2}}]}}