{"lands":{"autotiles":[],"floors":[{"k":[16,0,0,48,0],"v":{"t":[3,0]}},{"k":[18,0,0,48,0],"v":{"t":[3,0]}},{"k":[17,0,0,49,0],"v":{"t":[3,0]}},{"k":[17,0,0,48,0],"v":{"t":[3,0]}},{"k":[16,0,0,49,0],"v":{"t":[3,0]}},{"k":[20,0,0,48,0],"v":{"t":[3,0]}},{"k":[19,0,0,49,0],"v":{"t":[3,0]}},{"k":[19,0,0,48,0],"v":{"t":[3,0]}},{"k":[18,0,0,49,0],"v":{"t":[3,0]}},{"k":[22,0,0,48,0],"v":{"t":[3,0]}},{"k":[21,0,0,49,0],"v":{"t":[3,0]}},{"k":[21,0,0,48,0],"v":{"t":[3,0]}},{"k":[20,0,0,49,0],"v":{"t":[3,0]}},{"k":[24,0,0,48,0],"v":{"t":[3,0]}},{"k":[23,0,0,49,0],"v":{"t":[3,0]}},{"k":[23,0,0,48,0],"v":{"t":[3,0]}},{"k":[22,0,0,49,0],"v":{"t":[3,0]}},{"k":[26,0,0,48,0],"v":{"t":[3,0]}},{"k":[25,0,0,49,0],"v":{"t":[3,0]}},{"k":[25,0,0,48,0],"v":{"t":[3,0]}},{"k":[24,0,0,49,0],"v":{"t":[3,0]}},{"k":[28,0,0,48,0],"v":{"t":[3,0]}},{"k":[27,0,0,49,0],"v":{"t":[3,0]}},{"k":[27,0,0,48,0],"v":{"t":[3,0]}},{"k":[26,0,0,49,0],"v":{"t":[3,0]}},{"k":[30,0,0,48,0],"v":{"t":[3,0]}},{"k":[29,0,0,49,0],"v":{"t":[3,0]}},{"k":[29,0,0,48,0],"v":{"t":[3,0]}},{"k":[28,0,0,49,0],"v":{"t":[3,0]}},{"k":[31,0,0,49,0],"v":{"t":[3,0]}},{"k":[31,0,0,48,0],"v":{"t":[3,0]}},{"k":[30,0,0,49,0],"v":{"t":[3,0]}}]},"moun":{"a":[],"o":[]},"objs":{"list":[]},"objs3d":{"a":[],"o":[]},"sprites":{"list":[],"overflow":[],"walls":[]}}