{"lands":{"autotiles":[],"floors":[{"k":[47,0,0,45,0],"v":{"t":[3,0]}},{"k":[46,0,0,46,0],"v":{"t":[3,0]}},{"k":[45,0,0,47,0],"v":{"t":[3,0]}},{"k":[47,0,0,44,0],"v":{"t":[3,0]}},{"k":[46,0,0,45,0],"v":{"t":[3,0]}},{"k":[45,0,0,46,0],"v":{"t":[3,0]}},{"k":[44,0,0,47,0],"v":{"t":[3,0]}},{"k":[47,0,0,43,0],"v":{"t":[3,0]}},{"k":[46,0,0,44,0],"v":{"t":[3,0]}},{"k":[45,0,0,45,0],"v":{"t":[3,0]}},{"k":[44,0,0,46,0],"v":{"t":[3,0]}},{"k":[43,0,0,47,0],"v":{"t":[3,0]}},{"k":[47,0,0,42,0],"v":{"t":[3,0]}},{"k":[46,0,0,43,0],"v":{"t":[3,0]}},{"k":[45,0,0,44,0],"v":{"t":[3,0]}},{"k":[44,0,0,45,0],"v":{"t":[3,0]}},{"k":[43,0,0,46,0],"v":{"t":[3,0]}},{"k":[42,0,0,47,0],"v":{"t":[3,0]}},{"k":[47,0,0,47,0],"v":{"t":[3,0]}},{"k":[47,0,0,46,0],"v":{"t":[3,0]}},{"k":[46,0,0,47,0],"v":{"t":[3,0]}},{"k":[36,0,0,32,0],"v":{"t":[3,0]}},{"k":[35,0,0,33,0],"v":{"t":[3,0]}},{"k":[34,0,0,34,0],"v":{"t":[3,0]}},{"k":[33,0,0,35,0],"v":{"t":[3,0]}},{"k":[32,0,0,36,0],"v":{"t":[3,0]}},{"k":[35,0,0,32,0],"v":{"t":[3,0]}},{"k":[34,0,0,33,0],"v":{"t":[3,0]}},{"k":[33,0,0,34,0],"v":{"t":[3,0]}},{"k":[32,0,0,35,0],"v":{"t":[3,0]}},{"k":[34,0,0,32,0],"v":{"t":[3,0]}},{"k":[33,0,0,33,0],"v":{"t":[3,0]}},{"k":[32,0,0,34,0],"v":{"t":[3,0]}},{"k":[33,0,0,32,0],"v":{"t":[3,0]}},{"k":[32,0,0,33,0],"v":{"t":[3,0]}},{"k":[39,0,0,33,0],"v":{"t":[3,0]}},{"k":[38,0,0,34,0],"v":{"t":[3,0]}},{"k":[37,0,0,35,0],"v":{"t":[3,0]}},{"k":[36,0,0,36,0],"v":{"t":[3,0]}},{"k":[35,0,0,37,0],"v":{"t":[3,0]}},{"k":[34,0,0,38,0],"v":{"t":[3,0]}},{"k":[32,0,0,40,0],"v":{"t":[3,0]}},{"k":[33,0,0,39,0],"v":{"t":[4,2]}},{"k":[40,0,0,32,0],"v":{"t":[7,0]}},{"k":[38,0,0,33,0],"v":{"t":[3,0]}},{"k":[37,0,0,34,0],"v":{"t":[3,0]}},{"k":[36,0,0,35,0],"v":{"t":[3,0]}},{"k":[35,0,0,36,0],"v":{"t":[3,0]}},{"k":[34,0,0,37,0],"v":{"t":[3,0]}},{"k":[33,0,0,38,0],"v":{"t":[3,0]}},{"k":[32,0,0,39,0],"v":{"t":[3,0]}},{"k":[39,0,0,32,0],"v":{"t":[7,0]}},{"k":[38,0,0,32,0],"v":{"t":[3,0]}},{"k":[37,0,0,33,0],"v":{"t":[3,0]}},{"k":[36,0,0,34,0],"v":{"t":[3,0]}},{"k":[35,0,0,35,0],"v":{"t":[3,0]}},{"k":[34,0,0,36,0],"v":{"t":[3,0]}},{"k":[33,0,0,37,0],"v":{"t":[3,0]}},{"k":[32,0,0,38,0],"v":{"t":[3,0]}},{"k":[37,0,0,32,0],"v":{"t":[3,0]}},{"k":[36,0,0,33,0],"v":{"t":[3,0]}},{"k":[35,0,0,34,0],"v":{"t":[3,0]}},{"k":[34,0,0,35,0],"v":{"t":[3,0]}},{"k":[33,0,0,36,0],"v":{"t":[3,0]}},{"k":[32,0,0,37,0],"v":{"t":[3,0]}},{"k":[32,0,0,32,0],"v":{"t":[3,0]}},{"k":[47,0,0,37,0],"v":{"t":[3,0]}},{"k":[46,0,0,38,0],"v":{"t":[3,0]}},{"k":[45,0,0,39,0],"v":{"t":[3,0]}},{"k":[44,0,0,40,0],"v":{"t":[3,0]}},{"k":[43,0,0,41,0],"v":{"t":[3,0]}},{"k":[42,0,0,42,0],"v":{"t":[3,0]}},{"k":[41,0,0,43,0],"v":{"t":[3,0]}},{"k":[40,0,0,44,0],"v":{"t":[3,0]}},{"k":[39,0,0,45,0],"v":{"t":[3,0]}},{"k":[38,0,0,46,0],"v":{"t":[3,0]}},{"k":[37,0,0,47,0],"v":{"t":[3,0]}},{"k":[47,0,0,36,0],"v":{"t":[3,0]}},{"k":[46,0,0,37,0],"v":{"t":[3,0]}},{"k":[45,0,0,38,0],"v":{"t":[3,0]}},{"k":[44,0,0,39,0],"v":{"t":[3,0]}},{"k":[43,0,0,40,0],"v":{"t":[3,0]}},{"k":[42,0,0,41,0],"v":{"t":[3,0]}},{"k":[41,0,0,42,0],"v":{"t":[3,0]}},{"k":[40,0,0,43,0],"v":{"t":[3,0]}},{"k":[39,0,0,44,0],"v":{"t":[3,0]}},{"k":[38,0,0,45,0],"v":{"t":[3,0]}},{"k":[37,0,0,46,0],"v":{"t":[3,0]}},{"k":[36,0,0,47,0],"v":{"t":[3,0]}},{"k":[47,0,0,35,0],"v":{"t":[3,0]}},{"k":[46,0,0,36,0],"v":{"t":[3,0]}},{"k":[45,0,0,37,0],"v":{"t":[3,0]}},{"k":[44,0,0,38,0],"v":{"t":[3,0]}},{"k":[43,0,0,39,0],"v":{"t":[3,0]}},{"k":[42,0,0,40,0],"v":{"t":[3,0]}},{"k":[41,0,0,41,0],"v":{"t":[3,0]}},{"k":[40,0,0,42,0],"v":{"t":[3,0]}},{"k":[39,0,0,43,0],"v":{"t":[3,0]}},{"k":[38,0,0,44,0],"v":{"t":[3,0]}},{"k":[37,0,0,45,0],"v":{"t":[3,0]}},{"k":[36,0,0,46,0],"v":{"t":[3,0]}},{"k":[35,0,0,47,0],"v":{"t":[3,0]}},{"k":[47,0,0,34,0],"v":{"t":[3,0]}},{"k":[46,0,0,35,0],"v":{"t":[3,0]}},{"k":[45,0,0,36,0],"v":{"t":[3,0]}},{"k":[44,0,0,37,0],"v":{"t":[3,0]}},{"k":[43,0,0,38,0],"v":{"t":[3,0]}},{"k":[42,0,0,39,0],"v":{"t":[3,0]}},{"k":[41,0,0,40,0],"v":{"t":[3,0]}},{"k":[40,0,0,41,0],"v":{"t":[3,0]}},{"k":[39,0,0,42,0],"v":{"t":[3,0]}},{"k":[38,0,0,43,0],"v":{"t":[3,0]}},{"k":[37,0,0,44,0],"v":{"t":[3,0]}},{"k":[36,0,0,45,0],"v":{"t":[3,0]}},{"k":[35,0,0,46,0],"v":{"t":[3,0]}},{"k":[34,0,0,47,0],"v":{"t":[3,0]}},{"k":[47,0,0,41,0],"v":{"t":[3,0]}},{"k":[46,0,0,42,0],"v":{"t":[3,0]}},{"k":[45,0,0,43,0],"v":{"t":[3,0]}},{"k":[44,0,0,44,0],"v":{"t":[3,0]}},{"k":[43,0,0,45,0],"v":{"t":[3,0]}},{"k":[42,0,0,46,0],"v":{"t":[3,0]}},{"k":[41,0,0,47,0],"v":{"t":[3,0]}},{"k":[47,0,0,40,0],"v":{"t":[3,0]}},{"k":[46,0,0,41,0],"v":{"t":[3,0]}},{"k":[45,0,0,42,0],"v":{"t":[3,0]}},{"k":[44,0,0,43,0],"v":{"t":[3,0]}},{"k":[43,0,0,44,0],"v":{"t":[3,0]}},{"k":[42,0,0,45,0],"v":{"t":[3,0]}},{"k":[41,0,0,46,0],"v":{"t":[3,0]}},{"k":[40,0,0,47,0],"v":{"t":[3,0]}},{"k":[47,0,0,39,0],"v":{"t":[3,0]}},{"k":[46,0,0,40,0],"v":{"t":[3,0]}},{"k":[45,0,0,41,0],"v":{"t":[3,0]}},{"k":[44,0,0,42,0],"v":{"t":[3,0]}},{"k":[43,0,0,43,0],"v":{"t":[3,0]}},{"k":[42,0,0,44,0],"v":{"t":[3,0]}},{"k":[41,0,0,45,0],"v":{"t":[3,0]}},{"k":[40,0,0,46,0],"v":{"t":[3,0]}},{"k":[39,0,0,47,0],"v":{"t":[3,0]}},{"k":[47,0,0,38,0],"v":{"t":[3,0]}},{"k":[46,0,0,39,0],"v":{"t":[3,0]}},{"k":[45,0,0,40,0],"v":{"t":[3,0]}},{"k":[44,0,0,41,0],"v":{"t":[3,0]}},{"k":[43,0,0,42,0],"v":{"t":[3,0]}},{"k":[42,0,0,43,0],"v":{"t":[3,0]}},{"k":[41,0,0,44,0],"v":{"t":[3,0]}},{"k":[40,0,0,45,0],"v":{"t":[3,0]}},{"k":[39,0,0,46,0],"v":{"t":[3,0]}},{"k":[38,0,0,47,0],"v":{"t":[3,0]}},{"k":[44,0,0,32,0],"v":{"t":[3,0]}},{"k":[43,0,0,33,0],"v":{"t":[3,0]}},{"k":[42,0,0,34,0],"v":{"t":[3,0]}},{"k":[41,0,0,35,0],"v":{"t":[3,0]}},{"k":[35,0,0,41,0],"v":{"t":[3,0]}},{"k":[34,0,0,42,0],"v":{"t":[3,0]}},{"k":[33,0,0,43,0],"v":{"t":[3,0]}},{"k":[32,0,0,44,0],"v":{"t":[3,0]}},{"k":[40,0,0,36,0],"v":{"t":[7,0]}},{"k":[39,0,0,37,0],"v":{"t":[7,0]}},{"k":[38,0,0,38,0],"v":{"t":[7,0]}},{"k":[37,0,0,39,0],"v":{"t":[7,0]}},{"k":[36,0,0,40,0],"v":{"t":[7,0]}},{"k":[43,0,0,32,0],"v":{"t":[3,0]}},{"k":[42,0,0,33,0],"v":{"t":[3,0]}},{"k":[41,0,0,34,0],"v":{"t":[3,0]}},{"k":[39,0,0,36,0],"v":{"t":[3,0]}},{"k":[38,0,0,37,0],"v":{"t":[3,0]}},{"k":[37,0,0,38,0],"v":{"t":[3,0]}},{"k":[36,0,0,39,0],"v":{"t":[3,0]}},{"k":[34,0,0,41,0],"v":{"t":[3,0]}},{"k":[33,0,0,42,0],"v":{"t":[3,0]}},{"k":[32,0,0,43,0],"v":{"t":[3,0]}},{"k":[40,0,0,35,0],"v":{"t":[7,0]}},{"k":[35,0,0,40,0],"v":{"t":[7,0]}},{"k":[42,0,0,32,0],"v":{"t":[3,0]}},{"k":[41,0,0,33,0],"v":{"t":[3,0]}},{"k":[39,0,0,35,0],"v":{"t":[3,0]}},{"k":[38,0,0,36,0],"v":{"t":[3,0]}},{"k":[37,0,0,37,0],"v":{"t":[3,0]}},{"k":[36,0,0,38,0],"v":{"t":[3,0]}},{"k":[35,0,0,39,0],"v":{"t":[3,0]}},{"k":[32,0,0,42,0],"v":{"t":[3,0]}},{"k":[40,0,0,34,0],"v":{"t":[7,0]}},{"k":[34,0,0,40,0],"v":{"t":[7,0]}},{"k":[33,0,0,41,0],"v":{"t":[7,0]}},{"k":[41,0,0,32,0],"v":{"t":[3,0]}},{"k":[39,0,0,34,0],"v":{"t":[3,0]}},{"k":[38,0,0,35,0],"v":{"t":[3,0]}},{"k":[37,0,0,36,0],"v":{"t":[3,0]}},{"k":[36,0,0,37,0],"v":{"t":[3,0]}},{"k":[35,0,0,38,0],"v":{"t":[3,0]}},{"k":[34,0,0,39,0],"v":{"t":[3,0]}},{"k":[33,0,0,40,0],"v":{"t":[3,0]}},{"k":[40,0,0,33,0],"v":{"t":[7,0]}},{"k":[32,0,0,41,0],"v":{"t":[7,0]}},{"k":[47,0,0,33,0],"v":{"t":[3,0]}},{"k":[46,0,0,34,0],"v":{"t":[3,0]}},{"k":[45,0,0,35,0],"v":{"t":[3,0]}},{"k":[44,0,0,36,0],"v":{"t":[3,0]}},{"k":[43,0,0,37,0],"v":{"t":[3,0]}},{"k":[42,0,0,38,0],"v":{"t":[3,0]}},{"k":[41,0,0,39,0],"v":{"t":[3,0]}},{"k":[40,0,0,40,0],"v":{"t":[3,0]}},{"k":[39,0,0,41,0],"v":{"t":[3,0]}},{"k":[38,0,0,42,0],"v":{"t":[3,0]}},{"k":[37,0,0,43,0],"v":{"t":[3,0]}},{"k":[36,0,0,44,0],"v":{"t":[3,0]}},{"k":[35,0,0,45,0],"v":{"t":[3,0]}},{"k":[34,0,0,46,0],"v":{"t":[3,0]}},{"k":[33,0,0,47,0],"v":{"t":[3,0]}},{"k":[47,0,0,32,0],"v":{"t":[3,0]}},{"k":[46,0,0,33,0],"v":{"t":[3,0]}},{"k":[45,0,0,34,0],"v":{"t":[3,0]}},{"k":[44,0,0,35,0],"v":{"t":[3,0]}},{"k":[43,0,0,36,0],"v":{"t":[3,0]}},{"k":[42,0,0,37,0],"v":{"t":[3,0]}},{"k":[41,0,0,38,0],"v":{"t":[3,0]}},{"k":[40,0,0,39,0],"v":{"t":[3,0]}},{"k":[39,0,0,40,0],"v":{"t":[3,0]}},{"k":[38,0,0,41,0],"v":{"t":[3,0]}},{"k":[37,0,0,42,0],"v":{"t":[3,0]}},{"k":[36,0,0,43,0],"v":{"t":[3,0]}},{"k":[35,0,0,44,0],"v":{"t":[3,0]}},{"k":[34,0,0,45,0],"v":{"t":[3,0]}},{"k":[33,0,0,46,0],"v":{"t":[3,0]}},{"k":[32,0,0,47,0],"v":{"t":[3,0]}},{"k":[46,0,0,32,0],"v":{"t":[3,0]}},{"k":[45,0,0,33,0],"v":{"t":[3,0]}},{"k":[44,0,0,34,0],"v":{"t":[3,0]}},{"k":[43,0,0,35,0],"v":{"t":[3,0]}},{"k":[42,0,0,36,0],"v":{"t":[3,0]}},{"k":[41,0,0,37,0],"v":{"t":[3,0]}},{"k":[40,0,0,38,0],"v":{"t":[3,0]}},{"k":[39,0,0,39,0],"v":{"t":[3,0]}},{"k":[38,0,0,40,0],"v":{"t":[3,0]}},{"k":[37,0,0,41,0],"v":{"t":[3,0]}},{"k":[36,0,0,42,0],"v":{"t":[3,0]}},{"k":[35,0,0,43,0],"v":{"t":[3,0]}},{"k":[34,0,0,44,0],"v":{"t":[3,0]}},{"k":[33,0,0,45,0],"v":{"t":[3,0]}},{"k":[32,0,0,46,0],"v":{"t":[3,0]}},{"k":[45,0,0,32,0],"v":{"t":[3,0]}},{"k":[44,0,0,33,0],"v":{"t":[3,0]}},{"k":[43,0,0,34,0],"v":{"t":[3,0]}},{"k":[42,0,0,35,0],"v":{"t":[3,0]}},{"k":[41,0,0,36,0],"v":{"t":[3,0]}},{"k":[37,0,0,40,0],"v":{"t":[3,0]}},{"k":[36,0,0,41,0],"v":{"t":[3,0]}},{"k":[35,0,0,42,0],"v":{"t":[3,0]}},{"k":[34,0,0,43,0],"v":{"t":[3,0]}},{"k":[33,0,0,44,0],"v":{"t":[3,0]}},{"k":[32,0,0,45,0],"v":{"t":[3,0]}},{"k":[40,0,0,37,0],"v":{"t":[7,0]}},{"k":[39,0,0,38,0],"v":{"t":[7,0]}},{"k":[38,0,0,39,0],"v":{"t":[7,0]}}]},"moun":{"a":[],"o":[]},"objs":{"list":[{"k":[42,0,0,40,0],"v":{"events":[{"id":1,"name":"Hero action","p":[],"r":{"1":{"bh":true,"c":[{"command":[8,"",-1,0,0,1,"warning! do not eat the mushroom!\nyour consciousness may not be ready for expansion!"],"kind":1}]}},"sys":false}],"hId":-1,"id":3,"name":"OBJ0003","ooepf":false,"states":[{"cam":true,"climb":false,"dir":false,"gid":-1,"gk":0,"id":1,"move":true,"name":"Normal","pix":true,"pos":false,"stop":false,"sx":{"k":12,"v":1},"sy":{"k":12,"v":1},"sz":{"k":12,"v":1},"through":false,"x":0,"y":0}]}},{"k":[46,0,0,39,0],"v":{"events":[{"id":1,"name":"Hero action","p":[],"r":{"1":{"bh":true,"c":[{"command":[3,2,3,5,"-",1,"eat","-",1,"leave"],"kind":31},{"children":[{"command":[3,159,3,115,3,194,3,0,0,1,12,1],"kind":40},{"command":[7,0,0,3,0,0,0,0,0,0,0],"kind":20},{"command":[3,0,3,0,3,0,3,0,0,1,12,0],"kind":40},{"command":[7,-1,7,2,7,2,0],"kind":18},{"command":[7,-1,7,5,7,2,0],"kind":18},{"command":[7,13,7,1,7,2,0],"kind":18},{"command":[7,7,7,3,7,2,0],"kind":18}],"command":[1],"kind":32},{"children":[],"command":[2],"kind":32},{"command":[],"kind":33}]},"2":{"bh":true,"c":[]}},"sys":false}],"hId":-1,"id":2,"name":"mushroom","ooepf":false,"states":[{"cam":true,"climb":false,"dir":false,"gid":-1,"gk":0,"id":1,"move":true,"name":"Normal","pix":true,"pos":false,"stop":false,"sx":{"k":12,"v":1},"sy":{"k":12,"v":1},"sz":{"k":12,"v":1},"through":false,"x":0,"y":0},{"cam":true,"climb":false,"dir":false,"gid":-1,"gk":0,"id":2,"move":true,"name":"NO EXISTO","pix":true,"pos":false,"stop":false,"sx":{"k":12,"v":1},"sy":{"k":12,"v":1},"sz":{"k":12,"v":1},"through":false,"x":0,"y":0}]}}]},"objs3d":{"a":[],"o":[]},"sprites":{"list":[{"k":[47,0,0,34,0,50,50,210,0,0,2,1,1],"v":{"k":4,"t":[0,8,2,3]}},{"k":[42,0,0,38,0,50,50,0,0,0,2,2,1],"v":{"k":4,"t":[0,8,2,3]}},{"k":[44,0,0,44,0],"v":{"k":4,"t":[0,8,2,3]}},{"k":[46,0,0,39,0],"v":{"k":4,"t":[5,3,1,1]}},{"k":[42,0,0,40,0,50,50,0,0,0,2,3,1],"v":{"k":4,"t":[3,5,1,1]}},{"k":[43,0,0,32,0],"v":{"k":6,"t":[7,1,1,1]}}],"overflow":[],"walls":[]}}