{"lands":{"autotiles":[],"floors":[{"k":[45,0,0,15,0],"v":{"t":[3,0]}},{"k":[46,0,0,14,0],"v":{"t":[3,0]}},{"k":[47,0,0,13,0],"v":{"t":[3,0]}},{"k":[44,0,0,15,0],"v":{"t":[3,0]}},{"k":[45,0,0,14,0],"v":{"t":[3,0]}},{"k":[46,0,0,13,0],"v":{"t":[3,0]}},{"k":[47,0,0,12,0],"v":{"t":[3,0]}},{"k":[43,0,0,15,0],"v":{"t":[3,0]}},{"k":[44,0,0,14,0],"v":{"t":[3,0]}},{"k":[45,0,0,13,0],"v":{"t":[3,0]}},{"k":[46,0,0,12,0],"v":{"t":[3,0]}},{"k":[47,0,0,11,0],"v":{"t":[3,0]}},{"k":[43,0,0,14,0],"v":{"t":[3,0]}},{"k":[44,0,0,13,0],"v":{"t":[3,0]}},{"k":[45,0,0,12,0],"v":{"t":[3,0]}},{"k":[46,0,0,11,0],"v":{"t":[3,0]}},{"k":[47,0,0,10,0],"v":{"t":[3,0]}},{"k":[42,0,0,15,0],"v":{"t":[7,0]}},{"k":[47,0,0,15,0],"v":{"t":[3,0]}},{"k":[46,0,0,15,0],"v":{"t":[3,0]}},{"k":[47,0,0,14,0],"v":{"t":[3,0]}},{"k":[32,0,0,4,0],"v":{"t":[3,0]}},{"k":[33,0,0,3,0],"v":{"t":[3,0]}},{"k":[34,0,0,2,0],"v":{"t":[3,0]}},{"k":[35,0,0,1,0],"v":{"t":[3,0]}},{"k":[36,0,0,0,0],"v":{"t":[3,0]}},{"k":[32,0,0,3,0],"v":{"t":[3,0]}},{"k":[33,0,0,2,0],"v":{"t":[3,0]}},{"k":[34,0,0,1,0],"v":{"t":[3,0]}},{"k":[35,0,0,0,0],"v":{"t":[3,0]}},{"k":[32,0,0,2,0],"v":{"t":[3,0]}},{"k":[33,0,0,1,0],"v":{"t":[3,0]}},{"k":[34,0,0,0,0],"v":{"t":[3,0]}},{"k":[32,0,0,1,0],"v":{"t":[3,0]}},{"k":[33,0,0,0,0],"v":{"t":[3,0]}},{"k":[32,0,0,8,0],"v":{"t":[3,0]}},{"k":[33,0,0,7,0],"v":{"t":[3,0]}},{"k":[34,0,0,6,0],"v":{"t":[3,0]}},{"k":[35,0,0,5,0],"v":{"t":[3,0]}},{"k":[36,0,0,4,0],"v":{"t":[3,0]}},{"k":[37,0,0,3,0],"v":{"t":[3,0]}},{"k":[38,0,0,2,0],"v":{"t":[3,0]}},{"k":[39,0,0,1,0],"v":{"t":[3,0]}},{"k":[40,0,0,0,0],"v":{"t":[3,0]}},{"k":[32,0,0,7,0],"v":{"t":[3,0]}},{"k":[33,0,0,6,0],"v":{"t":[3,0]}},{"k":[34,0,0,5,0],"v":{"t":[3,0]}},{"k":[35,0,0,4,0],"v":{"t":[3,0]}},{"k":[36,0,0,3,0],"v":{"t":[3,0]}},{"k":[37,0,0,2,0],"v":{"t":[3,0]}},{"k":[38,0,0,1,0],"v":{"t":[3,0]}},{"k":[39,0,0,0,0],"v":{"t":[3,0]}},{"k":[32,0,0,6,0],"v":{"t":[3,0]}},{"k":[33,0,0,5,0],"v":{"t":[3,0]}},{"k":[34,0,0,4,0],"v":{"t":[3,0]}},{"k":[35,0,0,3,0],"v":{"t":[3,0]}},{"k":[36,0,0,2,0],"v":{"t":[3,0]}},{"k":[37,0,0,1,0],"v":{"t":[3,0]}},{"k":[38,0,0,0,0],"v":{"t":[3,0]}},{"k":[32,0,0,5,0],"v":{"t":[3,0]}},{"k":[33,0,0,4,0],"v":{"t":[3,0]}},{"k":[34,0,0,3,0],"v":{"t":[3,0]}},{"k":[35,0,0,2,0],"v":{"t":[3,0]}},{"k":[36,0,0,1,0],"v":{"t":[3,0]}},{"k":[37,0,0,0,0],"v":{"t":[3,0]}},{"k":[32,0,0,0,0],"v":{"t":[3,0]}},{"k":[37,0,0,15,0],"v":{"t":[3,0]}},{"k":[38,0,0,14,0],"v":{"t":[3,0]}},{"k":[39,0,0,13,0],"v":{"t":[3,0]}},{"k":[40,0,0,12,0],"v":{"t":[3,0]}},{"k":[41,0,0,11,0],"v":{"t":[3,0]}},{"k":[42,0,0,10,0],"v":{"t":[3,0]}},{"k":[43,0,0,9,0],"v":{"t":[3,0]}},{"k":[44,0,0,8,0],"v":{"t":[3,0]}},{"k":[45,0,0,7,0],"v":{"t":[3,0]}},{"k":[46,0,0,6,0],"v":{"t":[3,0]}},{"k":[47,0,0,5,0],"v":{"t":[3,0]}},{"k":[36,0,0,15,0],"v":{"t":[3,0]}},{"k":[37,0,0,14,0],"v":{"t":[3,0]}},{"k":[38,0,0,13,0],"v":{"t":[3,0]}},{"k":[39,0,0,12,0],"v":{"t":[3,0]}},{"k":[40,0,0,11,0],"v":{"t":[3,0]}},{"k":[41,0,0,10,0],"v":{"t":[3,0]}},{"k":[42,0,0,9,0],"v":{"t":[3,0]}},{"k":[43,0,0,8,0],"v":{"t":[3,0]}},{"k":[44,0,0,7,0],"v":{"t":[3,0]}},{"k":[45,0,0,6,0],"v":{"t":[3,0]}},{"k":[46,0,0,5,0],"v":{"t":[3,0]}},{"k":[47,0,0,4,0],"v":{"t":[3,0]}},{"k":[35,0,0,15,0],"v":{"t":[3,0]}},{"k":[36,0,0,14,0],"v":{"t":[3,0]}},{"k":[37,0,0,13,0],"v":{"t":[3,0]}},{"k":[38,0,0,12,0],"v":{"t":[3,0]}},{"k":[39,0,0,11,0],"v":{"t":[3,0]}},{"k":[40,0,0,10,0],"v":{"t":[3,0]}},{"k":[41,0,0,9,0],"v":{"t":[3,0]}},{"k":[42,0,0,8,0],"v":{"t":[3,0]}},{"k":[43,0,0,7,0],"v":{"t":[3,0]}},{"k":[44,0,0,6,0],"v":{"t":[3,0]}},{"k":[45,0,0,5,0],"v":{"t":[3,0]}},{"k":[46,0,0,4,0],"v":{"t":[3,0]}},{"k":[47,0,0,3,0],"v":{"t":[3,0]}},{"k":[34,0,0,15,0],"v":{"t":[3,0]}},{"k":[35,0,0,14,0],"v":{"t":[3,0]}},{"k":[36,0,0,13,0],"v":{"t":[3,0]}},{"k":[37,0,0,12,0],"v":{"t":[3,0]}},{"k":[38,0,0,11,0],"v":{"t":[3,0]}},{"k":[39,0,0,10,0],"v":{"t":[3,0]}},{"k":[40,0,0,9,0],"v":{"t":[3,0]}},{"k":[41,0,0,8,0],"v":{"t":[3,0]}},{"k":[42,0,0,7,0],"v":{"t":[3,0]}},{"k":[43,0,0,6,0],"v":{"t":[3,0]}},{"k":[44,0,0,5,0],"v":{"t":[3,0]}},{"k":[45,0,0,4,0],"v":{"t":[3,0]}},{"k":[46,0,0,3,0],"v":{"t":[3,0]}},{"k":[47,0,0,2,0],"v":{"t":[3,0]}},{"k":[41,0,0,15,0],"v":{"t":[3,0]}},{"k":[44,0,0,12,0],"v":{"t":[3,0]}},{"k":[45,0,0,11,0],"v":{"t":[3,0]}},{"k":[46,0,0,10,0],"v":{"t":[3,0]}},{"k":[47,0,0,9,0],"v":{"t":[3,0]}},{"k":[43,0,0,13,0],"v":{"t":[7,0]}},{"k":[42,0,0,14,0],"v":{"t":[7,0]}},{"k":[40,0,0,15,0],"v":{"t":[3,0]}},{"k":[41,0,0,14,0],"v":{"t":[3,0]}},{"k":[42,0,0,13,0],"v":{"t":[3,0]}},{"k":[44,0,0,11,0],"v":{"t":[3,0]}},{"k":[45,0,0,10,0],"v":{"t":[3,0]}},{"k":[46,0,0,9,0],"v":{"t":[3,0]}},{"k":[47,0,0,8,0],"v":{"t":[3,0]}},{"k":[43,0,0,12,0],"v":{"t":[7,0]}},{"k":[39,0,0,15,0],"v":{"t":[3,0]}},{"k":[40,0,0,14,0],"v":{"t":[3,0]}},{"k":[41,0,0,13,0],"v":{"t":[3,0]}},{"k":[42,0,0,12,0],"v":{"t":[3,0]}},{"k":[44,0,0,10,0],"v":{"t":[3,0]}},{"k":[45,0,0,9,0],"v":{"t":[3,0]}},{"k":[46,0,0,8,0],"v":{"t":[3,0]}},{"k":[47,0,0,7,0],"v":{"t":[3,0]}},{"k":[43,0,0,11,0],"v":{"t":[7,0]}},{"k":[38,0,0,15,0],"v":{"t":[3,0]}},{"k":[39,0,0,14,0],"v":{"t":[3,0]}},{"k":[40,0,0,13,0],"v":{"t":[3,0]}},{"k":[41,0,0,12,0],"v":{"t":[3,0]}},{"k":[42,0,0,11,0],"v":{"t":[3,0]}},{"k":[43,0,0,10,0],"v":{"t":[3,0]}},{"k":[44,0,0,9,0],"v":{"t":[3,0]}},{"k":[45,0,0,8,0],"v":{"t":[3,0]}},{"k":[46,0,0,7,0],"v":{"t":[3,0]}},{"k":[47,0,0,6,0],"v":{"t":[3,0]}},{"k":[32,0,0,12,0],"v":{"t":[3,0]}},{"k":[33,0,0,11,0],"v":{"t":[3,0]}},{"k":[34,0,0,10,0],"v":{"t":[3,0]}},{"k":[35,0,0,9,0],"v":{"t":[3,0]}},{"k":[36,0,0,8,0],"v":{"t":[3,0]}},{"k":[37,0,0,7,0],"v":{"t":[3,0]}},{"k":[38,0,0,6,0],"v":{"t":[3,0]}},{"k":[39,0,0,5,0],"v":{"t":[3,0]}},{"k":[40,0,0,4,0],"v":{"t":[3,0]}},{"k":[41,0,0,3,0],"v":{"t":[3,0]}},{"k":[42,0,0,2,0],"v":{"t":[3,0]}},{"k":[43,0,0,1,0],"v":{"t":[3,0]}},{"k":[44,0,0,0,0],"v":{"t":[3,0]}},{"k":[32,0,0,11,0],"v":{"t":[3,0]}},{"k":[33,0,0,10,0],"v":{"t":[3,0]}},{"k":[34,0,0,9,0],"v":{"t":[3,0]}},{"k":[35,0,0,8,0],"v":{"t":[3,0]}},{"k":[36,0,0,7,0],"v":{"t":[3,0]}},{"k":[37,0,0,6,0],"v":{"t":[3,0]}},{"k":[38,0,0,5,0],"v":{"t":[3,0]}},{"k":[39,0,0,4,0],"v":{"t":[3,0]}},{"k":[40,0,0,3,0],"v":{"t":[3,0]}},{"k":[41,0,0,2,0],"v":{"t":[3,0]}},{"k":[42,0,0,1,0],"v":{"t":[3,0]}},{"k":[43,0,0,0,0],"v":{"t":[3,0]}},{"k":[32,0,0,10,0],"v":{"t":[3,0]}},{"k":[33,0,0,9,0],"v":{"t":[3,0]}},{"k":[34,0,0,8,0],"v":{"t":[3,0]}},{"k":[35,0,0,7,0],"v":{"t":[3,0]}},{"k":[36,0,0,6,0],"v":{"t":[3,0]}},{"k":[37,0,0,5,0],"v":{"t":[3,0]}},{"k":[38,0,0,4,0],"v":{"t":[3,0]}},{"k":[39,0,0,3,0],"v":{"t":[3,0]}},{"k":[40,0,0,2,0],"v":{"t":[3,0]}},{"k":[41,0,0,1,0],"v":{"t":[3,0]}},{"k":[42,0,0,0,0],"v":{"t":[3,0]}},{"k":[32,0,0,9,0],"v":{"t":[3,0]}},{"k":[33,0,0,8,0],"v":{"t":[3,0]}},{"k":[34,0,0,7,0],"v":{"t":[3,0]}},{"k":[35,0,0,6,0],"v":{"t":[3,0]}},{"k":[36,0,0,5,0],"v":{"t":[3,0]}},{"k":[37,0,0,4,0],"v":{"t":[3,0]}},{"k":[38,0,0,3,0],"v":{"t":[3,0]}},{"k":[39,0,0,2,0],"v":{"t":[3,0]}},{"k":[40,0,0,1,0],"v":{"t":[3,0]}},{"k":[41,0,0,0,0],"v":{"t":[3,0]}},{"k":[33,0,0,15,0],"v":{"t":[3,0]}},{"k":[34,0,0,14,0],"v":{"t":[3,0]}},{"k":[35,0,0,13,0],"v":{"t":[3,0]}},{"k":[36,0,0,12,0],"v":{"t":[3,0]}},{"k":[37,0,0,11,0],"v":{"t":[3,0]}},{"k":[38,0,0,10,0],"v":{"t":[3,0]}},{"k":[39,0,0,9,0],"v":{"t":[3,0]}},{"k":[40,0,0,8,0],"v":{"t":[3,0]}},{"k":[41,0,0,7,0],"v":{"t":[3,0]}},{"k":[42,0,0,6,0],"v":{"t":[3,0]}},{"k":[43,0,0,5,0],"v":{"t":[3,0]}},{"k":[44,0,0,4,0],"v":{"t":[3,0]}},{"k":[45,0,0,3,0],"v":{"t":[3,0]}},{"k":[46,0,0,2,0],"v":{"t":[3,0]}},{"k":[47,0,0,1,0],"v":{"t":[3,0]}},{"k":[32,0,0,15,0],"v":{"t":[3,0]}},{"k":[33,0,0,14,0],"v":{"t":[3,0]}},{"k":[34,0,0,13,0],"v":{"t":[3,0]}},{"k":[35,0,0,12,0],"v":{"t":[3,0]}},{"k":[36,0,0,11,0],"v":{"t":[3,0]}},{"k":[37,0,0,10,0],"v":{"t":[3,0]}},{"k":[38,0,0,9,0],"v":{"t":[3,0]}},{"k":[39,0,0,8,0],"v":{"t":[3,0]}},{"k":[40,0,0,7,0],"v":{"t":[3,0]}},{"k":[41,0,0,6,0],"v":{"t":[3,0]}},{"k":[42,0,0,5,0],"v":{"t":[3,0]}},{"k":[43,0,0,4,0],"v":{"t":[3,0]}},{"k":[44,0,0,3,0],"v":{"t":[3,0]}},{"k":[45,0,0,2,0],"v":{"t":[3,0]}},{"k":[46,0,0,1,0],"v":{"t":[3,0]}},{"k":[47,0,0,0,0],"v":{"t":[3,0]}},{"k":[32,0,0,14,0],"v":{"t":[3,0]}},{"k":[33,0,0,13,0],"v":{"t":[3,0]}},{"k":[34,0,0,12,0],"v":{"t":[3,0]}},{"k":[35,0,0,11,0],"v":{"t":[3,0]}},{"k":[36,0,0,10,0],"v":{"t":[3,0]}},{"k":[37,0,0,9,0],"v":{"t":[3,0]}},{"k":[38,0,0,8,0],"v":{"t":[3,0]}},{"k":[39,0,0,7,0],"v":{"t":[3,0]}},{"k":[40,0,0,6,0],"v":{"t":[3,0]}},{"k":[41,0,0,5,0],"v":{"t":[3,0]}},{"k":[42,0,0,4,0],"v":{"t":[3,0]}},{"k":[43,0,0,3,0],"v":{"t":[3,0]}},{"k":[44,0,0,2,0],"v":{"t":[3,0]}},{"k":[45,0,0,1,0],"v":{"t":[3,0]}},{"k":[46,0,0,0,0],"v":{"t":[3,0]}},{"k":[32,0,0,13,0],"v":{"t":[3,0]}},{"k":[33,0,0,12,0],"v":{"t":[3,0]}},{"k":[34,0,0,11,0],"v":{"t":[3,0]}},{"k":[35,0,0,10,0],"v":{"t":[3,0]}},{"k":[36,0,0,9,0],"v":{"t":[3,0]}},{"k":[37,0,0,8,0],"v":{"t":[3,0]}},{"k":[38,0,0,7,0],"v":{"t":[3,0]}},{"k":[39,0,0,6,0],"v":{"t":[3,0]}},{"k":[40,0,0,5,0],"v":{"t":[3,0]}},{"k":[41,0,0,4,0],"v":{"t":[3,0]}},{"k":[42,0,0,3,0],"v":{"t":[3,0]}},{"k":[43,0,0,2,0],"v":{"t":[3,0]}},{"k":[44,0,0,1,0],"v":{"t":[3,0]}},{"k":[45,0,0,0,0],"v":{"t":[3,0]}}]},"moun":{"a":[],"o":[]},"objs":{"list":[{"k":[43,0,0,10,0],"v":{"events":[{"id":2,"name":"Hero touch","p":[],"r":{"1":{"bh":true,"c":[{"command":[7,0,0,4,7,0,0,3,0,0,0],"kind":20}]}},"sys":false}],"hId":-1,"id":1,"name":"OBJ0001","ooepf":false,"states":[{"cam":true,"climb":false,"dir":false,"gid":69,"gk":4,"id":1,"move":true,"name":"Normal","pix":true,"pos":false,"stop":false,"sx":{"k":12,"v":1},"sy":{"k":12,"v":1},"sz":{"k":12,"v":1},"through":false,"x":2,"y":1}]}}]},"objs3d":{"a":[{"k":[41,0,0,6,0,50,50,0,0,0,1.953125,1.203125,1],"v":{"did":28}}],"o":[]},"sprites":{"list":[{"k":[39,0,0,8,0],"v":{"k":6,"t":[7,1,1,1]}},{"k":[40,0,0,12,0],"v":{"k":6,"t":[2,8,1,1]}},{"k":[47,0,0,14,0],"v":{"k":6,"t":[1,5,1,1]}},{"k":[38,0,0,11,0],"v":{"k":6,"t":[1,5,1,1]}},{"k":[45,0,0,11,0],"v":{"k":6,"t":[5,5,1,1]}},{"k":[35,0,0,3,0],"v":{"k":6,"t":[2,8,1,1]}},{"k":[37,0,0,7,0],"v":{"k":6,"t":[1,5,1,1]}},{"k":[39,0,0,4,0],"v":{"k":6,"t":[1,5,1,1]}}],"overflow":[],"walls":[{"k":[38,0,0,0,0,50,0,0],"v":{"k":1,"w":2}},{"k":[47,0,0,0,0,50,0,0],"v":{"k":1,"w":2}},{"k":[37,0,0,0,0,50,0,0],"v":{"k":1,"w":2}},{"k":[36,0,0,0,0,50,0,0],"v":{"k":1,"w":2}},{"k":[35,0,0,0,0,50,0,0],"v":{"k":1,"w":2}},{"k":[42,0,0,0,0,50,0,0],"v":{"k":1,"w":2}},{"k":[41,0,0,0,0,50,0,0],"v":{"k":1,"w":2}},{"k":[40,0,0,0,0,50,0,0],"v":{"k":1,"w":2}},{"k":[39,0,0,0,0,50,0,0],"v":{"k":1,"w":2}},{"k":[46,0,0,0,0,50,0,0],"v":{"k":1,"w":2}},{"k":[45,0,0,0,0,50,0,0],"v":{"k":1,"w":2}},{"k":[34,0,0,0,0,50,0,0],"v":{"k":1,"w":2}},{"k":[44,0,0,0,0,50,0,0],"v":{"k":1,"w":2}},{"k":[33,0,0,0,0,50,0,0],"v":{"k":1,"w":2}},{"k":[32,0,0,0,0,50,0,0],"v":{"k":1,"w":2}},{"k":[43,0,0,0,0,50,0,0],"v":{"k":1,"w":2}}]}}