{"lands":{"autotiles":[],"floors":[{"k":[47,0,0,30,0],"v":{"t":[3,0]}},{"k":[46,0,0,31,0],"v":{"t":[3,0]}},{"k":[47,0,0,31,0],"v":{"t":[3,0]}},{"k":[47,0,0,28,0],"v":{"t":[3,0]}},{"k":[46,0,0,29,0],"v":{"t":[3,0]}},{"k":[45,0,0,30,0],"v":{"t":[3,0]}},{"k":[44,0,0,31,0],"v":{"t":[3,0]}},{"k":[47,0,0,29,0],"v":{"t":[3,0]}},{"k":[46,0,0,30,0],"v":{"t":[3,0]}},{"k":[45,0,0,31,0],"v":{"t":[3,0]}},{"k":[45,0,0,28,0],"v":{"t":[3,0]}},{"k":[44,0,0,29,0],"v":{"t":[3,0]}},{"k":[43,0,0,30,0],"v":{"t":[3,0]}},{"k":[42,0,0,31,0],"v":{"t":[3,0]}},{"k":[46,0,0,27,0],"v":{"t":[3,0]}},{"k":[47,0,0,26,0],"v":{"t":[3,0]}},{"k":[46,0,0,28,0],"v":{"t":[3,0]}},{"k":[45,0,0,29,0],"v":{"t":[3,0]}},{"k":[44,0,0,30,0],"v":{"t":[3,0]}},{"k":[43,0,0,31,0],"v":{"t":[3,0]}},{"k":[47,0,0,27,0],"v":{"t":[3,0]}},{"k":[35,0,0,28,0],"v":{"t":[3,0]}},{"k":[34,0,0,29,0],"v":{"t":[3,0]}},{"k":[33,0,0,30,0],"v":{"t":[3,0]}},{"k":[32,0,0,31,0],"v":{"t":[3,0]}},{"k":[36,0,0,27,0],"v":{"t":[3,0]}},{"k":[38,0,0,25,0],"v":{"t":[3,0]}},{"k":[39,0,0,24,0],"v":{"t":[3,0]}},{"k":[40,0,0,23,0],"v":{"t":[3,0]}},{"k":[42,0,0,21,0],"v":{"t":[3,0]}},{"k":[43,0,0,20,0],"v":{"t":[3,0]}},{"k":[44,0,0,19,0],"v":{"t":[3,0]}},{"k":[45,0,0,18,0],"v":{"t":[3,0]}},{"k":[46,0,0,17,0],"v":{"t":[3,0]}},{"k":[47,0,0,16,0],"v":{"t":[3,0]}},{"k":[37,0,0,26,0],"v":{"t":[4,2]}},{"k":[41,0,0,22,0],"v":{"t":[7,0]}},{"k":[36,0,0,28,0],"v":{"t":[3,0]}},{"k":[35,0,0,29,0],"v":{"t":[3,0]}},{"k":[34,0,0,30,0],"v":{"t":[3,0]}},{"k":[33,0,0,31,0],"v":{"t":[3,0]}},{"k":[37,0,0,27,0],"v":{"t":[3,0]}},{"k":[38,0,0,26,0],"v":{"t":[3,0]}},{"k":[39,0,0,25,0],"v":{"t":[3,0]}},{"k":[42,0,0,22,0],"v":{"t":[3,0]}},{"k":[43,0,0,21,0],"v":{"t":[3,0]}},{"k":[44,0,0,20,0],"v":{"t":[3,0]}},{"k":[45,0,0,19,0],"v":{"t":[3,0]}},{"k":[46,0,0,18,0],"v":{"t":[3,0]}},{"k":[47,0,0,17,0],"v":{"t":[3,0]}},{"k":[41,0,0,23,0],"v":{"t":[7,0]}},{"k":[40,0,0,24,0],"v":{"t":[7,0]}},{"k":[33,0,0,28,0],"v":{"t":[3,0]}},{"k":[32,0,0,29,0],"v":{"t":[3,0]}},{"k":[34,0,0,27,0],"v":{"t":[3,0]}},{"k":[35,0,0,26,0],"v":{"t":[3,0]}},{"k":[36,0,0,25,0],"v":{"t":[3,0]}},{"k":[37,0,0,24,0],"v":{"t":[3,0]}},{"k":[38,0,0,23,0],"v":{"t":[3,0]}},{"k":[39,0,0,22,0],"v":{"t":[3,0]}},{"k":[40,0,0,21,0],"v":{"t":[3,0]}},{"k":[42,0,0,19,0],"v":{"t":[3,0]}},{"k":[43,0,0,18,0],"v":{"t":[3,0]}},{"k":[44,0,0,17,0],"v":{"t":[3,0]}},{"k":[45,0,0,16,0],"v":{"t":[3,0]}},{"k":[41,0,0,20,0],"v":{"t":[7,0]}},{"k":[34,0,0,28,0],"v":{"t":[3,0]}},{"k":[33,0,0,29,0],"v":{"t":[3,0]}},{"k":[32,0,0,30,0],"v":{"t":[3,0]}},{"k":[35,0,0,27,0],"v":{"t":[3,0]}},{"k":[36,0,0,26,0],"v":{"t":[3,0]}},{"k":[37,0,0,25,0],"v":{"t":[3,0]}},{"k":[38,0,0,24,0],"v":{"t":[3,0]}},{"k":[39,0,0,23,0],"v":{"t":[3,0]}},{"k":[40,0,0,22,0],"v":{"t":[3,0]}},{"k":[42,0,0,20,0],"v":{"t":[3,0]}},{"k":[43,0,0,19,0],"v":{"t":[3,0]}},{"k":[44,0,0,18,0],"v":{"t":[3,0]}},{"k":[45,0,0,17,0],"v":{"t":[3,0]}},{"k":[46,0,0,16,0],"v":{"t":[3,0]}},{"k":[41,0,0,21,0],"v":{"t":[7,0]}},{"k":[32,0,0,27,0],"v":{"t":[3,0]}},{"k":[33,0,0,26,0],"v":{"t":[3,0]}},{"k":[34,0,0,25,0],"v":{"t":[3,0]}},{"k":[35,0,0,24,0],"v":{"t":[3,0]}},{"k":[36,0,0,23,0],"v":{"t":[3,0]}},{"k":[37,0,0,22,0],"v":{"t":[3,0]}},{"k":[38,0,0,21,0],"v":{"t":[3,0]}},{"k":[40,0,0,19,0],"v":{"t":[3,0]}},{"k":[41,0,0,18,0],"v":{"t":[3,0]}},{"k":[42,0,0,17,0],"v":{"t":[3,0]}},{"k":[43,0,0,16,0],"v":{"t":[3,0]}},{"k":[39,0,0,20,0],"v":{"t":[7,0]}},{"k":[32,0,0,28,0],"v":{"t":[3,0]}},{"k":[33,0,0,27,0],"v":{"t":[3,0]}},{"k":[34,0,0,26,0],"v":{"t":[3,0]}},{"k":[35,0,0,25,0],"v":{"t":[3,0]}},{"k":[36,0,0,24,0],"v":{"t":[3,0]}},{"k":[37,0,0,23,0],"v":{"t":[3,0]}},{"k":[38,0,0,22,0],"v":{"t":[3,0]}},{"k":[39,0,0,21,0],"v":{"t":[3,0]}},{"k":[41,0,0,19,0],"v":{"t":[3,0]}},{"k":[42,0,0,18,0],"v":{"t":[3,0]}},{"k":[43,0,0,17,0],"v":{"t":[3,0]}},{"k":[44,0,0,16,0],"v":{"t":[3,0]}},{"k":[40,0,0,20,0],"v":{"t":[7,0]}},{"k":[32,0,0,25,0],"v":{"t":[3,0]}},{"k":[33,0,0,24,0],"v":{"t":[3,0]}},{"k":[34,0,0,23,0],"v":{"t":[3,0]}},{"k":[35,0,0,22,0],"v":{"t":[3,0]}},{"k":[36,0,0,21,0],"v":{"t":[3,0]}},{"k":[37,0,0,20,0],"v":{"t":[3,0]}},{"k":[38,0,0,19,0],"v":{"t":[3,0]}},{"k":[41,0,0,16,0],"v":{"t":[7,0]}},{"k":[40,0,0,17,0],"v":{"t":[7,0]}},{"k":[39,0,0,18,0],"v":{"t":[7,0]}},{"k":[32,0,0,26,0],"v":{"t":[3,0]}},{"k":[33,0,0,25,0],"v":{"t":[3,0]}},{"k":[34,0,0,24,0],"v":{"t":[3,0]}},{"k":[35,0,0,23,0],"v":{"t":[3,0]}},{"k":[36,0,0,22,0],"v":{"t":[3,0]}},{"k":[37,0,0,21,0],"v":{"t":[3,0]}},{"k":[38,0,0,20,0],"v":{"t":[3,0]}},{"k":[41,0,0,17,0],"v":{"t":[3,0]}},{"k":[42,0,0,16,0],"v":{"t":[7,0]}},{"k":[40,0,0,18,0],"v":{"t":[7,0]}},{"k":[39,0,0,19,0],"v":{"t":[7,0]}},{"k":[43,0,0,28,0],"v":{"t":[3,0]}},{"k":[42,0,0,29,0],"v":{"t":[3,0]}},{"k":[41,0,0,30,0],"v":{"t":[3,0]}},{"k":[40,0,0,31,0],"v":{"t":[3,0]}},{"k":[44,0,0,27,0],"v":{"t":[3,0]}},{"k":[45,0,0,26,0],"v":{"t":[3,0]}},{"k":[46,0,0,25,0],"v":{"t":[3,0]}},{"k":[47,0,0,24,0],"v":{"t":[3,0]}},{"k":[44,0,0,28,0],"v":{"t":[3,0]}},{"k":[43,0,0,29,0],"v":{"t":[3,0]}},{"k":[42,0,0,30,0],"v":{"t":[3,0]}},{"k":[41,0,0,31,0],"v":{"t":[3,0]}},{"k":[45,0,0,27,0],"v":{"t":[3,0]}},{"k":[46,0,0,26,0],"v":{"t":[3,0]}},{"k":[47,0,0,25,0],"v":{"t":[3,0]}},{"k":[41,0,0,28,0],"v":{"t":[3,0]}},{"k":[40,0,0,29,0],"v":{"t":[3,0]}},{"k":[38,0,0,31,0],"v":{"t":[3,0]}},{"k":[42,0,0,27,0],"v":{"t":[3,0]}},{"k":[43,0,0,26,0],"v":{"t":[3,0]}},{"k":[44,0,0,25,0],"v":{"t":[3,0]}},{"k":[46,0,0,23,0],"v":{"t":[3,0]}},{"k":[47,0,0,22,0],"v":{"t":[3,0]}},{"k":[45,0,0,24,0],"v":{"t":[5,2]}},{"k":[39,0,0,30,0],"v":{"t":[7,0]}},{"k":[42,0,0,28,0],"v":{"t":[3,0]}},{"k":[41,0,0,29,0],"v":{"t":[3,0]}},{"k":[40,0,0,30,0],"v":{"t":[3,0]}},{"k":[43,0,0,27,0],"v":{"t":[3,0]}},{"k":[44,0,0,26,0],"v":{"t":[3,0]}},{"k":[45,0,0,25,0],"v":{"t":[3,0]}},{"k":[46,0,0,24,0],"v":{"t":[3,0]}},{"k":[47,0,0,23,0],"v":{"t":[3,0]}},{"k":[39,0,0,31,0],"v":{"t":[7,0]}},{"k":[38,0,0,29,0],"v":{"t":[3,0]}},{"k":[37,0,0,30,0],"v":{"t":[3,0]}},{"k":[36,0,0,31,0],"v":{"t":[3,0]}},{"k":[40,0,0,27,0],"v":{"t":[3,0]}},{"k":[41,0,0,26,0],"v":{"t":[3,0]}},{"k":[42,0,0,25,0],"v":{"t":[3,0]}},{"k":[43,0,0,24,0],"v":{"t":[3,0]}},{"k":[44,0,0,23,0],"v":{"t":[3,0]}},{"k":[45,0,0,22,0],"v":{"t":[3,0]}},{"k":[46,0,0,21,0],"v":{"t":[3,0]}},{"k":[47,0,0,20,0],"v":{"t":[3,0]}},{"k":[39,0,0,28,0],"v":{"t":[7,0]}},{"k":[40,0,0,28,0],"v":{"t":[3,0]}},{"k":[38,0,0,30,0],"v":{"t":[3,0]}},{"k":[37,0,0,31,0],"v":{"t":[3,0]}},{"k":[41,0,0,27,0],"v":{"t":[3,0]}},{"k":[42,0,0,26,0],"v":{"t":[3,0]}},{"k":[43,0,0,25,0],"v":{"t":[3,0]}},{"k":[44,0,0,24,0],"v":{"t":[3,0]}},{"k":[45,0,0,23,0],"v":{"t":[3,0]}},{"k":[46,0,0,22,0],"v":{"t":[3,0]}},{"k":[47,0,0,21,0],"v":{"t":[3,0]}},{"k":[39,0,0,29,0],"v":{"t":[7,0]}},{"k":[37,0,0,28,0],"v":{"t":[3,0]}},{"k":[36,0,0,29,0],"v":{"t":[3,0]}},{"k":[35,0,0,30,0],"v":{"t":[3,0]}},{"k":[34,0,0,31,0],"v":{"t":[3,0]}},{"k":[38,0,0,27,0],"v":{"t":[3,0]}},{"k":[42,0,0,23,0],"v":{"t":[3,0]}},{"k":[43,0,0,22,0],"v":{"t":[3,0]}},{"k":[44,0,0,21,0],"v":{"t":[3,0]}},{"k":[45,0,0,20,0],"v":{"t":[3,0]}},{"k":[46,0,0,19,0],"v":{"t":[3,0]}},{"k":[47,0,0,18,0],"v":{"t":[3,0]}},{"k":[41,0,0,24,0],"v":{"t":[7,0]}},{"k":[40,0,0,25,0],"v":{"t":[7,0]}},{"k":[39,0,0,26,0],"v":{"t":[7,0]}},{"k":[38,0,0,28,0],"v":{"t":[3,0]}},{"k":[37,0,0,29,0],"v":{"t":[3,0]}},{"k":[36,0,0,30,0],"v":{"t":[3,0]}},{"k":[35,0,0,31,0],"v":{"t":[3,0]}},{"k":[41,0,0,25,0],"v":{"t":[3,0]}},{"k":[42,0,0,24,0],"v":{"t":[3,0]}},{"k":[43,0,0,23,0],"v":{"t":[3,0]}},{"k":[44,0,0,22,0],"v":{"t":[3,0]}},{"k":[45,0,0,21,0],"v":{"t":[3,0]}},{"k":[46,0,0,20,0],"v":{"t":[3,0]}},{"k":[47,0,0,19,0],"v":{"t":[3,0]}},{"k":[40,0,0,26,0],"v":{"t":[7,0]}},{"k":[39,0,0,27,0],"v":{"t":[7,0]}},{"k":[32,0,0,16,0],"v":{"t":[3,0]}},{"k":[32,0,0,23,0],"v":{"t":[3,0]}},{"k":[33,0,0,22,0],"v":{"t":[3,0]}},{"k":[34,0,0,21,0],"v":{"t":[3,0]}},{"k":[35,0,0,20,0],"v":{"t":[3,0]}},{"k":[36,0,0,19,0],"v":{"t":[3,0]}},{"k":[37,0,0,18,0],"v":{"t":[3,0]}},{"k":[38,0,0,17,0],"v":{"t":[3,0]}},{"k":[39,0,0,16,0],"v":{"t":[3,0]}},{"k":[32,0,0,24,0],"v":{"t":[3,0]}},{"k":[33,0,0,23,0],"v":{"t":[3,0]}},{"k":[34,0,0,22,0],"v":{"t":[3,0]}},{"k":[35,0,0,21,0],"v":{"t":[3,0]}},{"k":[36,0,0,20,0],"v":{"t":[3,0]}},{"k":[37,0,0,19,0],"v":{"t":[3,0]}},{"k":[38,0,0,18,0],"v":{"t":[3,0]}},{"k":[39,0,0,17,0],"v":{"t":[3,0]}},{"k":[40,0,0,16,0],"v":{"t":[7,0]}},{"k":[32,0,0,21,0],"v":{"t":[3,0]}},{"k":[33,0,0,20,0],"v":{"t":[3,0]}},{"k":[34,0,0,19,0],"v":{"t":[3,0]}},{"k":[35,0,0,18,0],"v":{"t":[3,0]}},{"k":[36,0,0,17,0],"v":{"t":[3,0]}},{"k":[37,0,0,16,0],"v":{"t":[3,0]}},{"k":[32,0,0,22,0],"v":{"t":[3,0]}},{"k":[33,0,0,21,0],"v":{"t":[3,0]}},{"k":[34,0,0,20,0],"v":{"t":[3,0]}},{"k":[35,0,0,19,0],"v":{"t":[3,0]}},{"k":[36,0,0,18,0],"v":{"t":[3,0]}},{"k":[37,0,0,17,0],"v":{"t":[3,0]}},{"k":[38,0,0,16,0],"v":{"t":[3,0]}},{"k":[32,0,0,19,0],"v":{"t":[3,0]}},{"k":[33,0,0,18,0],"v":{"t":[3,0]}},{"k":[34,0,0,17,0],"v":{"t":[3,0]}},{"k":[35,0,0,16,0],"v":{"t":[3,0]}},{"k":[32,0,0,20,0],"v":{"t":[3,0]}},{"k":[33,0,0,19,0],"v":{"t":[3,0]}},{"k":[34,0,0,18,0],"v":{"t":[3,0]}},{"k":[35,0,0,17,0],"v":{"t":[3,0]}},{"k":[36,0,0,16,0],"v":{"t":[3,0]}},{"k":[32,0,0,17,0],"v":{"t":[3,0]}},{"k":[33,0,0,16,0],"v":{"t":[3,0]}},{"k":[32,0,0,18,0],"v":{"t":[3,0]}},{"k":[33,0,0,17,0],"v":{"t":[3,0]}},{"k":[34,0,0,16,0],"v":{"t":[3,0]}}]},"moun":{"a":[],"o":[]},"objs":{"list":[]},"objs3d":{"a":[],"o":[]},"sprites":{"list":[{"k":[46,0,0,20,0],"v":{"k":6,"t":[5,5,1,1]}},{"k":[43,0,0,29,0],"v":{"k":6,"t":[7,1,1,1]}},{"k":[47,0,0,27,0,50,50,340,0,0,1,1.5416666666666667,1],"v":{"k":4,"t":[0,8,2,3]}}],"overflow":[],"walls":[]}}