{"lands":{"autotiles":[],"floors":[{"k":[49,0,0,39,0],"v":{"t":[3,0]}},{"k":[48,0,0,40,0],"v":{"t":[3,0]}},{"k":[49,0,0,38,0],"v":{"t":[3,0]}},{"k":[48,0,0,39,0],"v":{"t":[3,0]}},{"k":[49,0,0,37,0],"v":{"t":[3,0]}},{"k":[48,0,0,38,0],"v":{"t":[3,0]}},{"k":[49,0,0,36,0],"v":{"t":[3,0]}},{"k":[48,0,0,37,0],"v":{"t":[3,0]}},{"k":[49,0,0,35,0],"v":{"t":[3,0]}},{"k":[48,0,0,36,0],"v":{"t":[3,0]}},{"k":[49,0,0,34,0],"v":{"t":[3,0]}},{"k":[48,0,0,35,0],"v":{"t":[3,0]}},{"k":[49,0,0,33,0],"v":{"t":[3,0]}},{"k":[48,0,0,34,0],"v":{"t":[3,0]}},{"k":[49,0,0,32,0],"v":{"t":[3,0]}},{"k":[48,0,0,33,0],"v":{"t":[3,0]}},{"k":[48,0,0,32,0],"v":{"t":[3,0]}},{"k":[49,0,0,47,0],"v":{"t":[0,0]}},{"k":[49,0,0,46,0],"v":{"t":[3,0]}},{"k":[48,0,0,47,0],"v":{"t":[3,0]}},{"k":[49,0,0,45,0],"v":{"t":[3,0]}},{"k":[48,0,0,46,0],"v":{"t":[3,0]}},{"k":[49,0,0,44,0],"v":{"t":[3,0]}},{"k":[48,0,0,45,0],"v":{"t":[3,0]}},{"k":[49,0,0,43,0],"v":{"t":[3,0]}},{"k":[48,0,0,44,0],"v":{"t":[3,0]}},{"k":[49,0,0,42,0],"v":{"t":[3,0]}},{"k":[48,0,0,43,0],"v":{"t":[3,0]}},{"k":[49,0,0,41,0],"v":{"t":[3,0]}},{"k":[48,0,0,42,0],"v":{"t":[3,0]}},{"k":[49,0,0,40,0],"v":{"t":[3,0]}},{"k":[48,0,0,41,0],"v":{"t":[3,0]}}]},"moun":{"a":[],"o":[]},"objs":{"list":[]},"objs3d":{"a":[],"o":[]},"sprites":{"list":[],"overflow":[],"walls":[{"k":[49,0,0,35,0,100,50,90],"v":{"k":1,"w":2}},{"k":[49,0,0,34,0,100,50,90],"v":{"k":1,"w":2}},{"k":[49,0,0,33,0,100,50,90],"v":{"k":1,"w":2}},{"k":[49,0,0,32,0,100,50,90],"v":{"k":1,"w":2}},{"k":[49,0,0,47,0,100,50,90],"v":{"k":1,"w":2}},{"k":[49,0,0,46,0,100,50,90],"v":{"k":1,"w":2}},{"k":[49,0,0,45,0,100,50,90],"v":{"k":1,"w":2}},{"k":[49,0,0,44,0,100,50,90],"v":{"k":1,"w":2}},{"k":[49,0,0,43,0,100,50,90],"v":{"k":1,"w":2}},{"k":[49,0,0,42,0,100,50,90],"v":{"k":1,"w":2}},{"k":[49,0,0,41,0,100,50,90],"v":{"k":1,"w":2}},{"k":[49,0,0,40,0,100,50,90],"v":{"k":1,"w":2}},{"k":[49,0,0,39,0,100,50,90],"v":{"k":1,"w":2}},{"k":[49,0,0,38,0,100,50,90],"v":{"k":1,"w":2}},{"k":[49,0,0,37,0,100,50,90],"v":{"k":1,"w":2}},{"k":[49,0,0,36,0,100,50,90],"v":{"k":1,"w":2}}]}}