{"lands":{"autotiles":[],"floors":[{"k":[48,0,0,23,0],"v":{"t":[3,0]}},{"k":[49,0,0,22,0],"v":{"t":[3,0]}},{"k":[48,0,0,24,0],"v":{"t":[3,0]}},{"k":[49,0,0,23,0],"v":{"t":[3,0]}},{"k":[48,0,0,21,0],"v":{"t":[3,0]}},{"k":[49,0,0,20,0],"v":{"t":[3,0]}},{"k":[48,0,0,22,0],"v":{"t":[3,0]}},{"k":[49,0,0,21,0],"v":{"t":[3,0]}},{"k":[48,0,0,19,0],"v":{"t":[3,0]}},{"k":[49,0,0,18,0],"v":{"t":[3,0]}},{"k":[48,0,0,20,0],"v":{"t":[3,0]}},{"k":[49,0,0,19,0],"v":{"t":[3,0]}},{"k":[48,0,0,17,0],"v":{"t":[3,0]}},{"k":[49,0,0,16,0],"v":{"t":[3,0]}},{"k":[48,0,0,18,0],"v":{"t":[3,0]}},{"k":[49,0,0,17,0],"v":{"t":[3,0]}},{"k":[49,0,0,30,0],"v":{"t":[3,0]}},{"k":[48,0,0,31,0],"v":{"t":[3,0]}},{"k":[49,0,0,31,0],"v":{"t":[3,0]}},{"k":[49,0,0,28,0],"v":{"t":[3,0]}},{"k":[48,0,0,29,0],"v":{"t":[3,0]}},{"k":[49,0,0,29,0],"v":{"t":[3,0]}},{"k":[48,0,0,30,0],"v":{"t":[3,0]}},{"k":[48,0,0,27,0],"v":{"t":[3,0]}},{"k":[49,0,0,26,0],"v":{"t":[3,0]}},{"k":[48,0,0,28,0],"v":{"t":[3,0]}},{"k":[49,0,0,27,0],"v":{"t":[3,0]}},{"k":[48,0,0,25,0],"v":{"t":[3,0]}},{"k":[49,0,0,24,0],"v":{"t":[3,0]}},{"k":[48,0,0,26,0],"v":{"t":[3,0]}},{"k":[49,0,0,25,0],"v":{"t":[3,0]}},{"k":[48,0,0,16,0],"v":{"t":[3,0]}}]},"moun":{"a":[],"o":[]},"objs":{"list":[]},"objs3d":{"a":[],"o":[]},"sprites":{"list":[{"k":[48,0,0,21,0],"v":{"k":6,"t":[7,5,1,1]}}],"overflow":[],"walls":[{"k":[49,0,0,30,0,100,50,90],"v":{"k":1,"w":2}},{"k":[49,0,0,31,0,100,50,90],"v":{"k":1,"w":2}},{"k":[49,0,0,28,0,100,50,90],"v":{"k":1,"w":2}},{"k":[49,0,0,26,0,100,50,90],"v":{"k":1,"w":2}},{"k":[49,0,0,29,0,100,50,90],"v":{"k":1,"w":2}},{"k":[49,0,0,27,0,100,50,90],"v":{"k":1,"w":2}},{"k":[49,0,0,24,0,100,50,90],"v":{"k":1,"w":2}},{"k":[49,0,0,25,0,100,50,90],"v":{"k":1,"w":2}},{"k":[49,0,0,22,0,100,50,90],"v":{"k":1,"w":2}},{"k":[49,0,0,23,0,100,50,90],"v":{"k":1,"w":2}},{"k":[49,0,0,20,0,100,50,90],"v":{"k":1,"w":2}},{"k":[49,0,0,21,0,100,50,90],"v":{"k":1,"w":2}},{"k":[49,0,0,18,0,100,50,90],"v":{"k":1,"w":2}},{"k":[49,0,0,19,0,100,50,90],"v":{"k":1,"w":2}},{"k":[49,0,0,16,0,100,50,90],"v":{"k":1,"w":2}},{"k":[49,0,0,17,0,100,50,90],"v":{"k":1,"w":2}}]}}