{"lands":{"autotiles":[],"floors":[{"k":[48,0,0,0,0],"v":{"t":[3,0]}},{"k":[48,0,0,7,0],"v":{"t":[3,0]}},{"k":[49,0,0,6,0],"v":{"t":[3,0]}},{"k":[48,0,0,8,0],"v":{"t":[3,0]}},{"k":[49,0,0,7,0],"v":{"t":[3,0]}},{"k":[48,0,0,5,0],"v":{"t":[3,0]}},{"k":[49,0,0,4,0],"v":{"t":[3,0]}},{"k":[48,0,0,6,0],"v":{"t":[3,0]}},{"k":[49,0,0,5,0],"v":{"t":[3,0]}},{"k":[48,0,0,3,0],"v":{"t":[3,0]}},{"k":[49,0,0,2,0],"v":{"t":[3,0]}},{"k":[48,0,0,4,0],"v":{"t":[3,0]}},{"k":[49,0,0,3,0],"v":{"t":[3,0]}},{"k":[48,0,0,1,0],"v":{"t":[3,0]}},{"k":[49,0,0,0,0],"v":{"t":[3,0]}},{"k":[48,0,0,2,0],"v":{"t":[3,0]}},{"k":[49,0,0,1,0],"v":{"t":[3,0]}},{"k":[48,0,0,15,0],"v":{"t":[3,0]}},{"k":[49,0,0,14,0],"v":{"t":[3,0]}},{"k":[49,0,0,15,0],"v":{"t":[3,0]}},{"k":[48,0,0,13,0],"v":{"t":[3,0]}},{"k":[49,0,0,12,0],"v":{"t":[3,0]}},{"k":[48,0,0,14,0],"v":{"t":[3,0]}},{"k":[49,0,0,13,0],"v":{"t":[3,0]}},{"k":[48,0,0,11,0],"v":{"t":[3,0]}},{"k":[49,0,0,10,0],"v":{"t":[3,0]}},{"k":[48,0,0,12,0],"v":{"t":[3,0]}},{"k":[49,0,0,11,0],"v":{"t":[3,0]}},{"k":[48,0,0,9,0],"v":{"t":[3,0]}},{"k":[49,0,0,8,0],"v":{"t":[3,0]}},{"k":[48,0,0,10,0],"v":{"t":[3,0]}},{"k":[49,0,0,9,0],"v":{"t":[3,0]}}]},"moun":{"a":[],"o":[]},"objs":{"list":[]},"objs3d":{"a":[],"o":[]},"sprites":{"list":[{"k":[49,0,0,10,0],"v":{"k":6,"t":[5,5,1,1]}}],"overflow":[],"walls":[{"k":[49,0,0,13,0,100,50,90],"v":{"k":1,"w":2}},{"k":[49,0,0,2,0,100,50,90],"v":{"k":1,"w":2}},{"k":[49,0,0,3,0,100,50,90],"v":{"k":1,"w":2}},{"k":[49,0,0,0,0,100,50,90],"v":{"k":2,"w":2}},{"k":[49,0,0,1,0,100,50,90],"v":{"k":1,"w":2}},{"k":[49,0,0,10,0,100,50,90],"v":{"k":1,"w":2}},{"k":[49,0,0,11,0,100,50,90],"v":{"k":1,"w":2}},{"k":[49,0,0,8,0,100,50,90],"v":{"k":1,"w":2}},{"k":[49,0,0,9,0,100,50,90],"v":{"k":1,"w":2}},{"k":[49,0,0,6,0,100,50,90],"v":{"k":1,"w":2}},{"k":[49,0,0,7,0,100,50,90],"v":{"k":1,"w":2}},{"k":[49,0,0,0,0,50,0,0],"v":{"k":2,"w":2}},{"k":[49,0,0,4,0,100,50,90],"v":{"k":1,"w":2}},{"k":[49,0,0,5,0,100,50,90],"v":{"k":1,"w":2}},{"k":[48,0,0,0,0,50,0,0],"v":{"k":1,"w":2}},{"k":[49,0,0,14,0,100,50,90],"v":{"k":1,"w":2}},{"k":[49,0,0,15,0,100,50,90],"v":{"k":1,"w":2}},{"k":[49,0,0,12,0,100,50,90],"v":{"k":1,"w":2}}]}}