{"bgs":{"id":-1,"ie":false,"is":false,"name":"<None>","v":{"k":3,"v":100}},"cp":{"k":7,"v":2},"d":0,"h":16,"id":1,"ipid":23,"isi":true,"isky":false,"l":50,"music":{"id":9,"ie":false,"is":false,"name":"walkin musuc - 2:6:23, 9.05 PM.mp3","v":{"k":3,"v":23}},"names":{"1":"start area"},"of3d":[{"k":[3,0,0],"v":[[41,0,0,6,0,50,50,0,0,0,1.953125,1.203125,1]]},{"k":[3,-1,0],"v":[[41,0,0,6,0,50,50,0,0,0,1.953125,1.203125,1]]},{"k":[3,0,-1],"v":[[41,0,0,6,0,50,50,0,0,0,1.953125,1.203125,1]]},{"k":[2,-1,0],"v":[[41,0,0,6,0,50,50,0,0,0,1.953125,1.203125,1]]},{"k":[2,0,-1],"v":[[41,0,0,6,0,50,50,0,0,0,1.953125,1.203125,1]]},{"k":[3,-1,-1],"v":[[41,0,0,6,0,50,50,0,0,0,1.953125,1.203125,1]]},{"k":[2,-1,-1],"v":[[41,0,0,6,0,50,50,0,0,0,1.953125,1.203125,1]]}],"ofmoun":[],"ofsprites":[],"so":{"events":[{"id":1,"name":"Time","p":[{"id":1,"name":"Interval","v":{"k":2,"v":null}},{"id":2,"name":"Repeat","v":{"k":10,"v":false}}],"r":{"1":{"bh":true,"c":[]}},"sys":true}],"hId":-1,"id":1,"name":"","ooepf":false,"states":[{"cam":false,"climb":false,"dir":false,"gid":-1,"gk":0,"id":1,"move":false,"name":"Normal","pix":false,"pos":false,"stop":false,"sx":{"k":12,"v":1},"sy":{"k":12,"v":1},"sz":{"k":12,"v":1},"through":false,"x":0,"y":0}]},"tileset":1,"w":50}