{"lands":{"autotiles":[],"floors":[{"k":[3,0,0,13,0],"v":{"t":[5,0]}},{"k":[4,0,0,12,0],"v":{"t":[5,0]}},{"k":[5,0,0,11,0],"v":{"t":[5,0]}},{"k":[6,0,0,10,0],"v":{"t":[5,0]}},{"k":[7,0,0,9,0],"v":{"t":[5,0]}},{"k":[8,0,0,8,0],"v":{"t":[5,0]}},{"k":[9,0,0,7,0],"v":{"t":[5,0]}},{"k":[10,0,0,6,0],"v":{"t":[5,0]}},{"k":[11,0,0,5,0],"v":{"t":[5,0]}},{"k":[12,0,0,4,0],"v":{"t":[5,0]}},{"k":[13,0,0,3,0],"v":{"t":[5,0]}},{"k":[14,0,0,2,0],"v":{"t":[5,0]}},{"k":[2,0,0,14,0],"v":{"t":[5,0]}},{"k":[15,0,0,1,0],"v":{"t":[5,0]}},{"k":[1,0,0,15,0],"v":{"t":[5,0]}},{"k":[2,0,0,13,0],"v":{"t":[5,0]}},{"k":[3,0,0,12,0],"v":{"t":[5,0]}},{"k":[4,0,0,11,0],"v":{"t":[5,0]}},{"k":[5,0,0,10,0],"v":{"t":[5,0]}},{"k":[6,0,0,9,0],"v":{"t":[5,0]}},{"k":[7,0,0,8,0],"v":{"t":[5,0]}},{"k":[8,0,0,7,0],"v":{"t":[5,0]}},{"k":[9,0,0,6,0],"v":{"t":[5,0]}},{"k":[10,0,0,5,0],"v":{"t":[5,0]}},{"k":[11,0,0,4,0],"v":{"t":[5,0]}},{"k":[12,0,0,3,0],"v":{"t":[5,0]}},{"k":[13,0,0,2,0],"v":{"t":[5,0]}},{"k":[14,0,0,1,0],"v":{"t":[5,0]}},{"k":[1,0,0,14,0],"v":{"t":[5,0]}},{"k":[15,0,0,0,0],"v":{"t":[5,0]}},{"k":[0,0,0,15,0],"v":{"t":[5,0]}},{"k":[1,0,0,13,0],"v":{"t":[5,0]}},{"k":[2,0,0,12,0],"v":{"t":[5,0]}},{"k":[3,0,0,11,0],"v":{"t":[5,0]}},{"k":[4,0,0,10,0],"v":{"t":[5,0]}},{"k":[5,0,0,9,0],"v":{"t":[5,0]}},{"k":[6,0,0,8,0],"v":{"t":[5,0]}},{"k":[7,0,0,7,0],"v":{"t":[5,0]}},{"k":[8,0,0,6,0],"v":{"t":[5,0]}},{"k":[9,0,0,5,0],"v":{"t":[5,0]}},{"k":[10,0,0,4,0],"v":{"t":[5,0]}},{"k":[11,0,0,3,0],"v":{"t":[5,0]}},{"k":[12,0,0,2,0],"v":{"t":[5,0]}},{"k":[13,0,0,1,0],"v":{"t":[5,0]}},{"k":[14,0,0,0,0],"v":{"t":[5,0]}},{"k":[0,0,0,14,0],"v":{"t":[5,0]}},{"k":[0,0,0,13,0],"v":{"t":[5,0]}},{"k":[1,0,0,12,0],"v":{"t":[5,0]}},{"k":[2,0,0,11,0],"v":{"t":[5,0]}},{"k":[3,0,0,10,0],"v":{"t":[5,0]}},{"k":[4,0,0,9,0],"v":{"t":[5,0]}},{"k":[5,0,0,8,0],"v":{"t":[5,0]}},{"k":[6,0,0,7,0],"v":{"t":[5,0]}},{"k":[7,0,0,6,0],"v":{"t":[5,0]}},{"k":[8,0,0,5,0],"v":{"t":[5,0]}},{"k":[9,0,0,4,0],"v":{"t":[5,0]}},{"k":[10,0,0,3,0],"v":{"t":[5,0]}},{"k":[11,0,0,2,0],"v":{"t":[5,0]}},{"k":[12,0,0,1,0],"v":{"t":[5,0]}},{"k":[13,0,0,0,0],"v":{"t":[5,0]}},{"k":[0,0,0,12,0],"v":{"t":[5,0]}},{"k":[1,0,0,11,0],"v":{"t":[5,0]}},{"k":[2,0,0,10,0],"v":{"t":[5,0]}},{"k":[3,0,0,9,0],"v":{"t":[5,0]}},{"k":[4,0,0,8,0],"v":{"t":[5,0]}},{"k":[5,0,0,7,0],"v":{"t":[5,0]}},{"k":[6,0,0,6,0],"v":{"t":[5,0]}},{"k":[7,0,0,5,0],"v":{"t":[5,0]}},{"k":[8,0,0,4,0],"v":{"t":[5,0]}},{"k":[9,0,0,3,0],"v":{"t":[5,0]}},{"k":[10,0,0,2,0],"v":{"t":[5,0]}},{"k":[11,0,0,1,0],"v":{"t":[5,0]}},{"k":[12,0,0,0,0],"v":{"t":[5,0]}},{"k":[0,0,0,11,0],"v":{"t":[5,0]}},{"k":[1,0,0,10,0],"v":{"t":[5,0]}},{"k":[2,0,0,9,0],"v":{"t":[5,0]}},{"k":[3,0,0,8,0],"v":{"t":[5,0]}},{"k":[4,0,0,7,0],"v":{"t":[5,0]}},{"k":[5,0,0,6,0],"v":{"t":[5,0]}},{"k":[6,0,0,5,0],"v":{"t":[5,0]}},{"k":[7,0,0,4,0],"v":{"t":[5,0]}},{"k":[8,0,0,3,0],"v":{"t":[5,0]}},{"k":[9,0,0,2,0],"v":{"t":[5,0]}},{"k":[10,0,0,1,0],"v":{"t":[5,0]}},{"k":[11,0,0,0,0],"v":{"t":[5,0]}},{"k":[0,0,0,10,0],"v":{"t":[5,0]}},{"k":[1,0,0,9,0],"v":{"t":[5,0]}},{"k":[2,0,0,8,0],"v":{"t":[5,0]}},{"k":[3,0,0,7,0],"v":{"t":[5,0]}},{"k":[4,0,0,6,0],"v":{"t":[5,0]}},{"k":[5,0,0,5,0],"v":{"t":[5,0]}},{"k":[6,0,0,4,0],"v":{"t":[5,0]}},{"k":[7,0,0,3,0],"v":{"t":[5,0]}},{"k":[8,0,0,2,0],"v":{"t":[5,0]}},{"k":[9,0,0,1,0],"v":{"t":[5,0]}},{"k":[10,0,0,0,0],"v":{"t":[5,0]}},{"k":[0,0,0,9,0],"v":{"t":[5,0]}},{"k":[1,0,0,8,0],"v":{"t":[5,0]}},{"k":[2,0,0,7,0],"v":{"t":[5,0]}},{"k":[3,0,0,6,0],"v":{"t":[5,0]}},{"k":[4,0,0,5,0],"v":{"t":[5,0]}},{"k":[5,0,0,4,0],"v":{"t":[5,0]}},{"k":[6,0,0,3,0],"v":{"t":[5,0]}},{"k":[7,0,0,2,0],"v":{"t":[5,0]}},{"k":[8,0,0,1,0],"v":{"t":[5,0]}},{"k":[9,0,0,0,0],"v":{"t":[5,0]}},{"k":[11,0,0,13,0],"v":{"t":[5,0]}},{"k":[12,0,0,12,0],"v":{"t":[5,0]}},{"k":[13,0,0,11,0],"v":{"t":[5,0]}},{"k":[14,0,0,10,0],"v":{"t":[5,0]}},{"k":[10,0,0,14,0],"v":{"t":[5,0]}},{"k":[15,0,0,9,0],"v":{"t":[5,0]}},{"k":[9,0,0,15,0],"v":{"t":[5,0]}},{"k":[10,0,0,13,0],"v":{"t":[5,0]}},{"k":[11,0,0,12,0],"v":{"t":[5,0]}},{"k":[12,0,0,11,0],"v":{"t":[5,0]}},{"k":[13,0,0,10,0],"v":{"t":[5,0]}},{"k":[14,0,0,9,0],"v":{"t":[5,0]}},{"k":[9,0,0,14,0],"v":{"t":[5,0]}},{"k":[15,0,0,8,0],"v":{"t":[5,0]}},{"k":[8,0,0,15,0],"v":{"t":[5,0]}},{"k":[9,0,0,13,0],"v":{"t":[5,0]}},{"k":[11,0,0,11,0],"v":{"t":[5,0]}},{"k":[12,0,0,10,0],"v":{"t":[5,0]}},{"k":[13,0,0,9,0],"v":{"t":[5,0]}},{"k":[14,0,0,8,0],"v":{"t":[5,0]}},{"k":[8,0,0,14,0],"v":{"t":[5,0]}},{"k":[15,0,0,7,0],"v":{"t":[5,0]}},{"k":[7,0,0,15,0],"v":{"t":[5,0]}},{"k":[10,0,0,12,0],"v":{"t":[0,0]}},{"k":[8,0,0,13,0],"v":{"t":[5,0]}},{"k":[9,0,0,12,0],"v":{"t":[5,0]}},{"k":[10,0,0,11,0],"v":{"t":[5,0]}},{"k":[11,0,0,10,0],"v":{"t":[5,0]}},{"k":[12,0,0,9,0],"v":{"t":[5,0]}},{"k":[13,0,0,8,0],"v":{"t":[5,0]}},{"k":[14,0,0,7,0],"v":{"t":[5,0]}},{"k":[7,0,0,14,0],"v":{"t":[5,0]}},{"k":[15,0,0,6,0],"v":{"t":[5,0]}},{"k":[6,0,0,15,0],"v":{"t":[5,0]}},{"k":[7,0,0,13,0],"v":{"t":[5,0]}},{"k":[8,0,0,12,0],"v":{"t":[5,0]}},{"k":[9,0,0,11,0],"v":{"t":[5,0]}},{"k":[10,0,0,10,0],"v":{"t":[5,0]}},{"k":[11,0,0,9,0],"v":{"t":[5,0]}},{"k":[12,0,0,8,0],"v":{"t":[5,0]}},{"k":[13,0,0,7,0],"v":{"t":[5,0]}},{"k":[14,0,0,6,0],"v":{"t":[5,0]}},{"k":[6,0,0,14,0],"v":{"t":[5,0]}},{"k":[15,0,0,5,0],"v":{"t":[5,0]}},{"k":[5,0,0,15,0],"v":{"t":[5,0]}},{"k":[6,0,0,13,0],"v":{"t":[5,0]}},{"k":[7,0,0,12,0],"v":{"t":[5,0]}},{"k":[8,0,0,11,0],"v":{"t":[5,0]}},{"k":[9,0,0,10,0],"v":{"t":[5,0]}},{"k":[10,0,0,9,0],"v":{"t":[5,0]}},{"k":[11,0,0,8,0],"v":{"t":[5,0]}},{"k":[12,0,0,7,0],"v":{"t":[5,0]}},{"k":[13,0,0,6,0],"v":{"t":[5,0]}},{"k":[14,0,0,5,0],"v":{"t":[5,0]}},{"k":[5,0,0,14,0],"v":{"t":[5,0]}},{"k":[4,0,0,15,0],"v":{"t":[5,0]}},{"k":[15,0,0,4,0],"v":{"t":[0,0]}},{"k":[5,0,0,13,0],"v":{"t":[5,0]}},{"k":[6,0,0,12,0],"v":{"t":[5,0]}},{"k":[7,0,0,11,0],"v":{"t":[5,0]}},{"k":[8,0,0,10,0],"v":{"t":[5,0]}},{"k":[9,0,0,9,0],"v":{"t":[5,0]}},{"k":[10,0,0,8,0],"v":{"t":[5,0]}},{"k":[11,0,0,7,0],"v":{"t":[5,0]}},{"k":[12,0,0,6,0],"v":{"t":[5,0]}},{"k":[13,0,0,5,0],"v":{"t":[5,0]}},{"k":[14,0,0,4,0],"v":{"t":[5,0]}},{"k":[4,0,0,14,0],"v":{"t":[5,0]}},{"k":[15,0,0,3,0],"v":{"t":[5,0]}},{"k":[3,0,0,15,0],"v":{"t":[5,0]}},{"k":[4,0,0,13,0],"v":{"t":[5,0]}},{"k":[5,0,0,12,0],"v":{"t":[5,0]}},{"k":[6,0,0,11,0],"v":{"t":[5,0]}},{"k":[7,0,0,10,0],"v":{"t":[5,0]}},{"k":[8,0,0,9,0],"v":{"t":[5,0]}},{"k":[9,0,0,8,0],"v":{"t":[5,0]}},{"k":[10,0,0,7,0],"v":{"t":[5,0]}},{"k":[11,0,0,6,0],"v":{"t":[5,0]}},{"k":[12,0,0,5,0],"v":{"t":[5,0]}},{"k":[13,0,0,4,0],"v":{"t":[5,0]}},{"k":[14,0,0,3,0],"v":{"t":[5,0]}},{"k":[3,0,0,14,0],"v":{"t":[5,0]}},{"k":[15,0,0,2,0],"v":{"t":[5,0]}},{"k":[2,0,0,15,0],"v":{"t":[5,0]}},{"k":[0,0,0,0,0],"v":{"t":[5,0]}},{"k":[0,0,0,8,0],"v":{"t":[5,0]}},{"k":[1,0,0,7,0],"v":{"t":[5,0]}},{"k":[2,0,0,6,0],"v":{"t":[5,0]}},{"k":[3,0,0,5,0],"v":{"t":[5,0]}},{"k":[4,0,0,4,0],"v":{"t":[5,0]}},{"k":[5,0,0,3,0],"v":{"t":[5,0]}},{"k":[6,0,0,2,0],"v":{"t":[5,0]}},{"k":[7,0,0,1,0],"v":{"t":[5,0]}},{"k":[8,0,0,0,0],"v":{"t":[5,0]}},{"k":[0,0,0,7,0],"v":{"t":[5,0]}},{"k":[1,0,0,6,0],"v":{"t":[5,0]}},{"k":[2,0,0,5,0],"v":{"t":[5,0]}},{"k":[3,0,0,4,0],"v":{"t":[5,0]}},{"k":[4,0,0,3,0],"v":{"t":[5,0]}},{"k":[5,0,0,2,0],"v":{"t":[5,0]}},{"k":[6,0,0,1,0],"v":{"t":[5,0]}},{"k":[7,0,0,0,0],"v":{"t":[5,0]}},{"k":[0,0,0,6,0],"v":{"t":[5,0]}},{"k":[1,0,0,5,0],"v":{"t":[5,0]}},{"k":[2,0,0,4,0],"v":{"t":[5,0]}},{"k":[3,0,0,3,0],"v":{"t":[5,0]}},{"k":[4,0,0,2,0],"v":{"t":[5,0]}},{"k":[5,0,0,1,0],"v":{"t":[5,0]}},{"k":[6,0,0,0,0],"v":{"t":[5,0]}},{"k":[0,0,0,5,0],"v":{"t":[5,0]}},{"k":[1,0,0,4,0],"v":{"t":[5,0]}},{"k":[2,0,0,3,0],"v":{"t":[5,0]}},{"k":[3,0,0,2,0],"v":{"t":[5,0]}},{"k":[4,0,0,1,0],"v":{"t":[5,0]}},{"k":[5,0,0,0,0],"v":{"t":[5,0]}},{"k":[0,0,0,4,0],"v":{"t":[5,0]}},{"k":[1,0,0,3,0],"v":{"t":[5,0]}},{"k":[2,0,0,2,0],"v":{"t":[5,0]}},{"k":[3,0,0,1,0],"v":{"t":[5,0]}},{"k":[4,0,0,0,0],"v":{"t":[5,0]}},{"k":[0,0,0,3,0],"v":{"t":[5,0]}},{"k":[1,0,0,2,0],"v":{"t":[5,0]}},{"k":[2,0,0,1,0],"v":{"t":[5,0]}},{"k":[3,0,0,0,0],"v":{"t":[5,0]}},{"k":[0,0,0,2,0],"v":{"t":[5,0]}},{"k":[1,0,0,1,0],"v":{"t":[5,0]}},{"k":[2,0,0,0,0],"v":{"t":[5,0]}},{"k":[0,0,0,1,0],"v":{"t":[5,0]}},{"k":[1,0,0,0,0],"v":{"t":[5,0]}},{"k":[15,0,0,15,0],"v":{"t":[5,0]}},{"k":[15,0,0,14,0],"v":{"t":[5,0]}},{"k":[14,0,0,15,0],"v":{"t":[5,0]}},{"k":[15,0,0,13,0],"v":{"t":[5,0]}},{"k":[14,0,0,14,0],"v":{"t":[5,0]}},{"k":[13,0,0,15,0],"v":{"t":[5,0]}},{"k":[14,0,0,13,0],"v":{"t":[5,0]}},{"k":[13,0,0,14,0],"v":{"t":[5,0]}},{"k":[15,0,0,12,0],"v":{"t":[5,0]}},{"k":[12,0,0,15,0],"v":{"t":[5,0]}},{"k":[13,0,0,13,0],"v":{"t":[5,0]}},{"k":[14,0,0,12,0],"v":{"t":[5,0]}},{"k":[12,0,0,14,0],"v":{"t":[5,0]}},{"k":[15,0,0,11,0],"v":{"t":[5,0]}},{"k":[11,0,0,15,0],"v":{"t":[5,0]}},{"k":[12,0,0,13,0],"v":{"t":[5,0]}},{"k":[13,0,0,12,0],"v":{"t":[5,0]}},{"k":[14,0,0,11,0],"v":{"t":[5,0]}},{"k":[11,0,0,14,0],"v":{"t":[5,0]}},{"k":[15,0,0,10,0],"v":{"t":[5,0]}},{"k":[10,0,0,15,0],"v":{"t":[5,0]}}]},"moun":{"a":[],"o":[]},"objs":{"list":[{"k":[5,0,0,11,0],"v":{"events":[{"id":1,"name":"Hero action","p":[],"r":{"1":{"bh":true,"c":[]},"2":{"bh":true,"c":[]},"3":{"bh":true,"c":[{"command":[8,"",-1,0,0,1,"uwu"],"kind":1}]},"4":{"bh":true,"c":[]},"5":{"bh":true,"c":[]}},"sys":false},{"id":3,"name":"Enemy touch","p":[],"r":{"1":{"bh":true,"c":[{"command":[8,"",-1,0,0,1,"excuse me wut are u doin in my hausu!?"],"kind":1},{"command":[3,2,3,5,"-",1,"STEALIN UR STUFF UGGO!","-",1,"Uh... nothing...","-",1,"Ahh! Green person made me do it!"],"kind":31},{"children":[{"command":[8,"",-1,0,0,1,"Ahh!! you are evil!! so rude!! :'c"],"kind":1},{"command":[3,2,3,5,"-",1,"I'M ALSO GONNA MURDER YOU!!!"],"kind":31},{"children":[{"command":[8,"",-1,0,0,1,"nuuuuuu im gon have to beat u up then! hiii-ya owo"],"kind":1},{"command":[1,0,0,7,40,3,2,2],"kind":15},{"children":[{"command":[7,-1,7,-1,7,4,0],"kind":18}],"command":[],"kind":16},{"children":[{"children":[{"command":[8,"",-1,0,0,1,"aaah!! i hav beated u up! u are uggo and u hav no frens >:C"],"kind":1},{"command":[8,"",-1,0,0,1,"now tell me why u are being a butthole or i will beat u up again! hiii-yA! "],"kind":1},{"command":[3,2,3,5,"-",1,"NEVER! I will murder you!!","-",1,"okay..."],"kind":31},{"children":[{"command":[1,0,0,7,40,3,2,2],"kind":15},{"children":[{"command":[7,-1,7,-1,7,4,0],"kind":18},{"command":[],"kind":6}],"command":[],"kind":16},{"children":[],"command":[],"kind":17},{"command":[],"kind":10}],"command":[1],"kind":32},{"children":[],"command":[2],"kind":32},{"command":[],"kind":33}],"command":[],"kind":4},{"command":[],"kind":5}],"command":[],"kind":17},{"command":[],"kind":10}],"command":[1],"kind":32},{"command":[],"kind":33}],"command":[1],"kind":32},{"children":[],"command":[2],"kind":32},{"children":[],"command":[3],"kind":32},{"command":[],"kind":33}]},"2":{"bh":true,"c":[]},"3":{"bh":true,"c":[]},"4":{"bh":true,"c":[]},"5":{"bh":true,"c":[{"command":[8,"",-1,0,0,1,"he luvs meee <3 he lluuuuvvss meee!!!"],"kind":1}]}},"sys":false},{"id":1,"name":"Time","p":[{"id":1,"name":"Interval","v":{"k":2,"v":null}},{"id":2,"name":"Repeat","v":{"k":2,"v":null}}],"r":{"1":{"bh":true,"c":[{"command":[7,-1,0,1,0,9,0],"kind":21}]},"2":{"bh":true,"c":[]},"3":{"bh":true,"c":[]},"4":{"bh":true,"c":[]},"5":{"bh":true,"c":[]}},"sys":true}],"hId":-1,"id":3,"name":"pink man enemy","ooepf":false,"states":[{"cam":true,"climb":false,"dir":false,"gid":72,"gk":4,"id":1,"move":true,"name":"Normal","pix":true,"pos":false,"s":5,"stop":false,"sx":{"k":12,"v":0.7},"sy":{"k":12,"v":0.7},"sz":{"k":12,"v":1},"through":false,"x":0,"y":0},{"cam":true,"climb":false,"dir":false,"gid":-1,"gk":0,"id":2,"move":true,"name":"second","pix":true,"pos":false,"stop":false,"sx":{"k":12,"v":1},"sy":{"k":12,"v":1},"sz":{"k":12,"v":1},"through":false,"x":0,"y":0},{"cam":true,"climb":false,"dir":false,"gid":72,"gk":4,"id":3,"move":true,"name":"third","pix":true,"pos":false,"stop":false,"sx":{"k":12,"v":0.7},"sy":{"k":12,"v":0.7},"sz":{"k":12,"v":1},"through":false,"x":0,"y":0},{"cam":true,"climb":false,"dir":false,"gid":87,"gk":5,"id":4,"move":true,"name":"fourth","pix":true,"pos":false,"stop":false,"sx":{"k":12,"v":1},"sy":{"k":12,"v":1},"sz":{"k":12,"v":1},"through":false,"x":0,"y":0},{"cam":true,"climb":false,"dir":false,"gid":72,"gk":4,"id":5,"move":true,"name":"5","pix":true,"pos":false,"stop":false,"sx":{"k":12,"v":0.7},"sy":{"k":12,"v":0.7},"sz":{"k":12,"v":1},"through":false,"x":0,"y":0}]}},{"k":[8,0,0,4,0],"v":{"events":[{"id":1,"name":"Hero action","p":[],"r":{"1":{"bh":true,"c":[{"command":[7,0,0,5,4,0,0,0,0,0,0],"kind":20}]}},"sys":false}],"hId":-1,"id":1,"name":"OBJ0001","ooepf":false,"states":[{"cam":true,"climb":false,"dir":false,"gid":-1,"gk":0,"id":1,"move":true,"name":"Normal","pix":true,"pos":false,"stop":false,"sx":{"k":12,"v":1},"sy":{"k":12,"v":1},"sz":{"k":12,"v":1},"through":false,"x":0,"y":0}]}}]},"objs3d":{"a":[{"k":[8,0,0,3,0],"v":{"did":39}}],"o":[]},"sprites":{"list":[{"k":[4,0,0,13,0],"v":{"k":5,"t":[3,14,1,1]}},{"k":[15,0,0,1,0],"v":{"k":5,"t":[3,14,1,1]}},{"k":[13,0,0,3,0],"v":{"k":5,"t":[2,14,1,1]}},{"k":[15,0,0,13,0],"v":{"k":6,"t":[2,5,1,2]}},{"k":[12,0,0,1,0],"v":{"k":5,"t":[0,14,1,1]}},{"k":[4,0,0,6,0],"v":{"k":6,"t":[2,5,1,2]}}],"overflow":[],"walls":[{"k":[0,0,0,9,0,0,50,90],"v":{"k":1,"w":17}},{"k":[2,0,0,0,0,50,0,0],"v":{"k":1,"w":17}},{"k":[1,0,0,0,0,50,0,0],"v":{"k":1,"w":17}},{"k":[0,0,0,0,0,50,0,0],"v":{"k":0,"w":17}},{"k":[10,0,0,0,0,50,0,0],"v":{"k":1,"w":17}},{"k":[9,0,0,0,0,50,0,0],"v":{"k":1,"w":17}},{"k":[0,0,0,0,0,0,50,90],"v":{"k":2,"w":17}},{"k":[8,0,0,0,0,50,0,0],"v":{"k":1,"w":17}},{"k":[7,0,0,0,0,50,0,0],"v":{"k":1,"w":17}},{"k":[6,0,0,0,0,50,0,0],"v":{"k":1,"w":17}},{"k":[5,0,0,0,0,50,0,0],"v":{"k":1,"w":17}},{"k":[4,0,0,0,0,50,0,0],"v":{"k":1,"w":17}},{"k":[15,0,0,0,0,50,0,0],"v":{"k":1,"w":17}},{"k":[3,0,0,0,0,50,0,0],"v":{"k":1,"w":17}},{"k":[14,0,0,0,0,50,0,0],"v":{"k":1,"w":17}},{"k":[13,0,0,0,0,50,0,0],"v":{"k":1,"w":17}},{"k":[12,0,0,0,0,50,0,0],"v":{"k":1,"w":17}},{"k":[11,0,0,0,0,50,0,0],"v":{"k":1,"w":17}},{"k":[0,0,0,8,0,0,50,90],"v":{"k":1,"w":17}},{"k":[0,0,0,7,0,0,50,90],"v":{"k":1,"w":17}},{"k":[0,0,0,6,0,0,50,90],"v":{"k":1,"w":17}},{"k":[0,0,0,5,0,0,50,90],"v":{"k":1,"w":17}},{"k":[0,0,0,4,0,0,50,90],"v":{"k":1,"w":17}},{"k":[0,0,0,3,0,0,50,90],"v":{"k":1,"w":17}},{"k":[0,0,0,2,0,0,50,90],"v":{"k":1,"w":17}},{"k":[0,0,0,1,0,0,50,90],"v":{"k":1,"w":17}},{"k":[0,0,0,15,0,0,50,90],"v":{"k":0,"w":17}},{"k":[0,0,0,14,0,0,50,90],"v":{"k":1,"w":17}},{"k":[0,0,0,13,0,0,50,90],"v":{"k":1,"w":17}},{"k":[0,0,0,12,0,0,50,90],"v":{"k":1,"w":17}},{"k":[0,0,0,11,0,0,50,90],"v":{"k":1,"w":17}},{"k":[0,0,0,10,0,0,50,90],"v":{"k":1,"w":17}}]}}