{"lands":{"autotiles":[],"floors":[{"k":[16,0,0,0,0],"v":{"t":[5,0]}},{"k":[16,0,0,8,0],"v":{"t":[5,0]}},{"k":[17,0,0,7,0],"v":{"t":[5,0]}},{"k":[18,0,0,6,0],"v":{"t":[5,0]}},{"k":[19,0,0,5,0],"v":{"t":[5,0]}},{"k":[20,0,0,4,0],"v":{"t":[5,0]}},{"k":[21,0,0,3,0],"v":{"t":[5,0]}},{"k":[22,0,0,2,0],"v":{"t":[5,0]}},{"k":[23,0,0,1,0],"v":{"t":[5,0]}},{"k":[24,0,0,0,0],"v":{"t":[5,0]}},{"k":[16,0,0,7,0],"v":{"t":[5,0]}},{"k":[17,0,0,6,0],"v":{"t":[5,0]}},{"k":[19,0,0,4,0],"v":{"t":[5,0]}},{"k":[20,0,0,3,0],"v":{"t":[5,0]}},{"k":[21,0,0,2,0],"v":{"t":[5,0]}},{"k":[22,0,0,1,0],"v":{"t":[5,0]}},{"k":[23,0,0,0,0],"v":{"t":[5,0]}},{"k":[18,0,0,5,0],"v":{"t":[5,0]}},{"k":[16,0,0,6,0],"v":{"t":[5,0]}},{"k":[17,0,0,5,0],"v":{"t":[5,0]}},{"k":[18,0,0,4,0],"v":{"t":[5,0]}},{"k":[19,0,0,3,0],"v":{"t":[5,0]}},{"k":[20,0,0,2,0],"v":{"t":[5,0]}},{"k":[21,0,0,1,0],"v":{"t":[5,0]}},{"k":[22,0,0,0,0],"v":{"t":[5,0]}},{"k":[16,0,0,5,0],"v":{"t":[5,0]}},{"k":[17,0,0,4,0],"v":{"t":[5,0]}},{"k":[18,0,0,3,0],"v":{"t":[5,0]}},{"k":[19,0,0,2,0],"v":{"t":[5,0]}},{"k":[20,0,0,1,0],"v":{"t":[5,0]}},{"k":[21,0,0,0,0],"v":{"t":[5,0]}},{"k":[16,0,0,4,0],"v":{"t":[5,0]}},{"k":[17,0,0,3,0],"v":{"t":[5,0]}},{"k":[18,0,0,2,0],"v":{"t":[5,0]}},{"k":[19,0,0,1,0],"v":{"t":[5,0]}},{"k":[20,0,0,0,0],"v":{"t":[5,0]}},{"k":[16,0,0,3,0],"v":{"t":[5,0]}},{"k":[17,0,0,2,0],"v":{"t":[5,0]}},{"k":[18,0,0,1,0],"v":{"t":[5,0]}},{"k":[19,0,0,0,0],"v":{"t":[5,0]}},{"k":[16,0,0,2,0],"v":{"t":[5,0]}},{"k":[17,0,0,1,0],"v":{"t":[5,0]}},{"k":[18,0,0,0,0],"v":{"t":[5,0]}},{"k":[16,0,0,1,0],"v":{"t":[5,0]}},{"k":[17,0,0,0,0],"v":{"t":[5,0]}},{"k":[31,0,0,15,0],"v":{"t":[5,0]}},{"k":[31,0,0,14,0],"v":{"t":[5,0]}},{"k":[30,0,0,15,0],"v":{"t":[5,0]}},{"k":[31,0,0,13,0],"v":{"t":[5,0]}},{"k":[30,0,0,14,0],"v":{"t":[5,0]}},{"k":[29,0,0,15,0],"v":{"t":[5,0]}},{"k":[30,0,0,13,0],"v":{"t":[5,0]}},{"k":[29,0,0,14,0],"v":{"t":[5,0]}},{"k":[28,0,0,15,0],"v":{"t":[5,0]}},{"k":[31,0,0,12,0],"v":{"t":[5,0]}},{"k":[29,0,0,13,0],"v":{"t":[5,0]}},{"k":[28,0,0,14,0],"v":{"t":[5,0]}},{"k":[27,0,0,15,0],"v":{"t":[5,0]}},{"k":[30,0,0,12,0],"v":{"t":[5,0]}},{"k":[31,0,0,11,0],"v":{"t":[5,0]}},{"k":[28,0,0,13,0],"v":{"t":[5,0]}},{"k":[27,0,0,14,0],"v":{"t":[5,0]}},{"k":[26,0,0,15,0],"v":{"t":[5,0]}},{"k":[29,0,0,12,0],"v":{"t":[5,0]}},{"k":[30,0,0,11,0],"v":{"t":[5,0]}},{"k":[31,0,0,10,0],"v":{"t":[5,0]}},{"k":[19,0,0,13,0],"v":{"t":[5,0]}},{"k":[18,0,0,14,0],"v":{"t":[5,0]}},{"k":[17,0,0,15,0],"v":{"t":[5,0]}},{"k":[20,0,0,12,0],"v":{"t":[5,0]}},{"k":[21,0,0,11,0],"v":{"t":[5,0]}},{"k":[22,0,0,10,0],"v":{"t":[5,0]}},{"k":[23,0,0,9,0],"v":{"t":[5,0]}},{"k":[24,0,0,8,0],"v":{"t":[5,0]}},{"k":[25,0,0,7,0],"v":{"t":[5,0]}},{"k":[27,0,0,5,0],"v":{"t":[5,0]}},{"k":[28,0,0,4,0],"v":{"t":[5,0]}},{"k":[29,0,0,3,0],"v":{"t":[5,0]}},{"k":[30,0,0,2,0],"v":{"t":[5,0]}},{"k":[31,0,0,1,0],"v":{"t":[5,0]}},{"k":[26,0,0,6,0],"v":{"t":[0,0]}},{"k":[18,0,0,13,0],"v":{"t":[5,0]}},{"k":[17,0,0,14,0],"v":{"t":[5,0]}},{"k":[16,0,0,15,0],"v":{"t":[5,0]}},{"k":[19,0,0,12,0],"v":{"t":[5,0]}},{"k":[20,0,0,11,0],"v":{"t":[5,0]}},{"k":[21,0,0,10,0],"v":{"t":[5,0]}},{"k":[22,0,0,9,0],"v":{"t":[5,0]}},{"k":[23,0,0,8,0],"v":{"t":[5,0]}},{"k":[24,0,0,7,0],"v":{"t":[5,0]}},{"k":[25,0,0,6,0],"v":{"t":[5,0]}},{"k":[26,0,0,5,0],"v":{"t":[5,0]}},{"k":[27,0,0,4,0],"v":{"t":[5,0]}},{"k":[28,0,0,3,0],"v":{"t":[5,0]}},{"k":[29,0,0,2,0],"v":{"t":[5,0]}},{"k":[30,0,0,1,0],"v":{"t":[5,0]}},{"k":[31,0,0,0,0],"v":{"t":[5,0]}},{"k":[17,0,0,13,0],"v":{"t":[5,0]}},{"k":[16,0,0,14,0],"v":{"t":[5,0]}},{"k":[19,0,0,11,0],"v":{"t":[5,0]}},{"k":[20,0,0,10,0],"v":{"t":[5,0]}},{"k":[21,0,0,9,0],"v":{"t":[5,0]}},{"k":[22,0,0,8,0],"v":{"t":[5,0]}},{"k":[23,0,0,7,0],"v":{"t":[5,0]}},{"k":[24,0,0,6,0],"v":{"t":[5,0]}},{"k":[25,0,0,5,0],"v":{"t":[5,0]}},{"k":[26,0,0,4,0],"v":{"t":[5,0]}},{"k":[27,0,0,3,0],"v":{"t":[5,0]}},{"k":[28,0,0,2,0],"v":{"t":[5,0]}},{"k":[29,0,0,1,0],"v":{"t":[5,0]}},{"k":[30,0,0,0,0],"v":{"t":[5,0]}},{"k":[18,0,0,12,0],"v":{"t":[0,0]}},{"k":[16,0,0,13,0],"v":{"t":[5,0]}},{"k":[17,0,0,12,0],"v":{"t":[5,0]}},{"k":[18,0,0,11,0],"v":{"t":[5,0]}},{"k":[19,0,0,10,0],"v":{"t":[5,0]}},{"k":[20,0,0,9,0],"v":{"t":[5,0]}},{"k":[21,0,0,8,0],"v":{"t":[5,0]}},{"k":[22,0,0,7,0],"v":{"t":[5,0]}},{"k":[23,0,0,6,0],"v":{"t":[5,0]}},{"k":[24,0,0,5,0],"v":{"t":[5,0]}},{"k":[25,0,0,4,0],"v":{"t":[5,0]}},{"k":[26,0,0,3,0],"v":{"t":[5,0]}},{"k":[27,0,0,2,0],"v":{"t":[5,0]}},{"k":[28,0,0,1,0],"v":{"t":[5,0]}},{"k":[29,0,0,0,0],"v":{"t":[5,0]}},{"k":[26,0,0,2,1],"v":{"t":[1,6]}},{"k":[16,0,0,12,0],"v":{"t":[5,0]}},{"k":[17,0,0,11,0],"v":{"t":[5,0]}},{"k":[18,0,0,10,0],"v":{"t":[5,0]}},{"k":[19,0,0,9,0],"v":{"t":[5,0]}},{"k":[20,0,0,8,0],"v":{"t":[5,0]}},{"k":[21,0,0,7,0],"v":{"t":[5,0]}},{"k":[22,0,0,6,0],"v":{"t":[5,0]}},{"k":[23,0,0,5,0],"v":{"t":[5,0]}},{"k":[24,0,0,4,0],"v":{"t":[5,0]}},{"k":[25,0,0,3,0],"v":{"t":[5,0]}},{"k":[26,0,0,2,0],"v":{"t":[5,0]}},{"k":[27,0,0,1,0],"v":{"t":[5,0]}},{"k":[28,0,0,0,0],"v":{"t":[5,0]}},{"k":[16,0,0,11,0],"v":{"t":[5,0]}},{"k":[17,0,0,10,0],"v":{"t":[5,0]}},{"k":[18,0,0,9,0],"v":{"t":[5,0]}},{"k":[19,0,0,8,0],"v":{"t":[5,0]}},{"k":[20,0,0,7,0],"v":{"t":[5,0]}},{"k":[21,0,0,6,0],"v":{"t":[5,0]}},{"k":[22,0,0,5,0],"v":{"t":[5,0]}},{"k":[23,0,0,4,0],"v":{"t":[5,0]}},{"k":[24,0,0,3,0],"v":{"t":[5,0]}},{"k":[25,0,0,2,0],"v":{"t":[5,0]}},{"k":[26,0,0,1,0],"v":{"t":[5,0]}},{"k":[27,0,0,0,0],"v":{"t":[5,0]}},{"k":[16,0,0,10,0],"v":{"t":[5,0]}},{"k":[17,0,0,9,0],"v":{"t":[5,0]}},{"k":[18,0,0,8,0],"v":{"t":[5,0]}},{"k":[19,0,0,7,0],"v":{"t":[5,0]}},{"k":[20,0,0,6,0],"v":{"t":[5,0]}},{"k":[21,0,0,5,0],"v":{"t":[5,0]}},{"k":[22,0,0,4,0],"v":{"t":[5,0]}},{"k":[23,0,0,3,0],"v":{"t":[5,0]}},{"k":[24,0,0,2,0],"v":{"t":[5,0]}},{"k":[25,0,0,1,0],"v":{"t":[5,0]}},{"k":[26,0,0,0,0],"v":{"t":[5,0]}},{"k":[16,0,0,9,0],"v":{"t":[5,0]}},{"k":[17,0,0,8,0],"v":{"t":[5,0]}},{"k":[18,0,0,7,0],"v":{"t":[5,0]}},{"k":[20,0,0,5,0],"v":{"t":[5,0]}},{"k":[21,0,0,4,0],"v":{"t":[5,0]}},{"k":[22,0,0,3,0],"v":{"t":[5,0]}},{"k":[23,0,0,2,0],"v":{"t":[5,0]}},{"k":[24,0,0,1,0],"v":{"t":[5,0]}},{"k":[25,0,0,0,0],"v":{"t":[5,0]}},{"k":[19,0,0,6,0],"v":{"t":[0,0]}},{"k":[27,0,0,13,0],"v":{"t":[5,0]}},{"k":[26,0,0,14,0],"v":{"t":[5,0]}},{"k":[25,0,0,15,0],"v":{"t":[5,0]}},{"k":[28,0,0,12,0],"v":{"t":[5,0]}},{"k":[29,0,0,11,0],"v":{"t":[5,0]}},{"k":[30,0,0,10,0],"v":{"t":[5,0]}},{"k":[31,0,0,9,0],"v":{"t":[5,0]}},{"k":[26,0,0,13,0],"v":{"t":[5,0]}},{"k":[25,0,0,14,0],"v":{"t":[5,0]}},{"k":[24,0,0,15,0],"v":{"t":[5,0]}},{"k":[27,0,0,12,0],"v":{"t":[5,0]}},{"k":[28,0,0,11,0],"v":{"t":[5,0]}},{"k":[29,0,0,10,0],"v":{"t":[5,0]}},{"k":[30,0,0,9,0],"v":{"t":[5,0]}},{"k":[31,0,0,8,0],"v":{"t":[5,0]}},{"k":[25,0,0,13,0],"v":{"t":[5,0]}},{"k":[24,0,0,14,0],"v":{"t":[5,0]}},{"k":[23,0,0,15,0],"v":{"t":[5,0]}},{"k":[26,0,0,12,0],"v":{"t":[5,0]}},{"k":[27,0,0,11,0],"v":{"t":[5,0]}},{"k":[28,0,0,10,0],"v":{"t":[5,0]}},{"k":[29,0,0,9,0],"v":{"t":[5,0]}},{"k":[30,0,0,8,0],"v":{"t":[5,0]}},{"k":[31,0,0,7,0],"v":{"t":[5,0]}},{"k":[24,0,0,13,0],"v":{"t":[5,0]}},{"k":[23,0,0,14,0],"v":{"t":[5,0]}},{"k":[22,0,0,15,0],"v":{"t":[5,0]}},{"k":[26,0,0,11,0],"v":{"t":[5,0]}},{"k":[27,0,0,10,0],"v":{"t":[5,0]}},{"k":[28,0,0,9,0],"v":{"t":[5,0]}},{"k":[29,0,0,8,0],"v":{"t":[5,0]}},{"k":[30,0,0,7,0],"v":{"t":[5,0]}},{"k":[31,0,0,6,0],"v":{"t":[5,0]}},{"k":[25,0,0,12,0],"v":{"t":[0,0]}},{"k":[23,0,0,13,0],"v":{"t":[5,0]}},{"k":[22,0,0,14,0],"v":{"t":[5,0]}},{"k":[21,0,0,15,0],"v":{"t":[5,0]}},{"k":[24,0,0,12,0],"v":{"t":[5,0]}},{"k":[25,0,0,11,0],"v":{"t":[5,0]}},{"k":[26,0,0,10,0],"v":{"t":[5,0]}},{"k":[27,0,0,9,0],"v":{"t":[5,0]}},{"k":[28,0,0,8,0],"v":{"t":[5,0]}},{"k":[29,0,0,7,0],"v":{"t":[5,0]}},{"k":[30,0,0,6,0],"v":{"t":[5,0]}},{"k":[31,0,0,5,0],"v":{"t":[5,0]}},{"k":[22,0,0,13,0],"v":{"t":[5,0]}},{"k":[21,0,0,14,0],"v":{"t":[5,0]}},{"k":[20,0,0,15,0],"v":{"t":[5,0]}},{"k":[23,0,0,12,0],"v":{"t":[5,0]}},{"k":[24,0,0,11,0],"v":{"t":[5,0]}},{"k":[25,0,0,10,0],"v":{"t":[5,0]}},{"k":[26,0,0,9,0],"v":{"t":[5,0]}},{"k":[27,0,0,8,0],"v":{"t":[5,0]}},{"k":[28,0,0,7,0],"v":{"t":[5,0]}},{"k":[29,0,0,6,0],"v":{"t":[5,0]}},{"k":[30,0,0,5,0],"v":{"t":[5,0]}},{"k":[31,0,0,4,0],"v":{"t":[5,0]}},{"k":[21,0,0,13,0],"v":{"t":[5,0]}},{"k":[20,0,0,14,0],"v":{"t":[5,0]}},{"k":[19,0,0,15,0],"v":{"t":[5,0]}},{"k":[22,0,0,12,0],"v":{"t":[5,0]}},{"k":[23,0,0,11,0],"v":{"t":[5,0]}},{"k":[24,0,0,10,0],"v":{"t":[5,0]}},{"k":[25,0,0,9,0],"v":{"t":[5,0]}},{"k":[26,0,0,8,0],"v":{"t":[5,0]}},{"k":[27,0,0,7,0],"v":{"t":[5,0]}},{"k":[28,0,0,6,0],"v":{"t":[5,0]}},{"k":[29,0,0,5,0],"v":{"t":[5,0]}},{"k":[30,0,0,4,0],"v":{"t":[5,0]}},{"k":[31,0,0,3,0],"v":{"t":[5,0]}},{"k":[20,0,0,13,0],"v":{"t":[5,0]}},{"k":[19,0,0,14,0],"v":{"t":[5,0]}},{"k":[18,0,0,15,0],"v":{"t":[5,0]}},{"k":[21,0,0,12,0],"v":{"t":[5,0]}},{"k":[22,0,0,11,0],"v":{"t":[5,0]}},{"k":[23,0,0,10,0],"v":{"t":[5,0]}},{"k":[24,0,0,9,0],"v":{"t":[5,0]}},{"k":[25,0,0,8,0],"v":{"t":[5,0]}},{"k":[26,0,0,7,0],"v":{"t":[5,0]}},{"k":[27,0,0,6,0],"v":{"t":[5,0]}},{"k":[28,0,0,5,0],"v":{"t":[5,0]}},{"k":[29,0,0,4,0],"v":{"t":[5,0]}},{"k":[30,0,0,3,0],"v":{"t":[5,0]}},{"k":[31,0,0,2,0],"v":{"t":[0,0]}}]},"moun":{"a":[],"o":[]},"objs":{"list":[{"k":[26,0,0,2,0],"v":{"events":[{"id":1,"name":"Hero action","p":[],"r":{"1":{"bh":true,"c":[{"command":[8,"",-1,0,0,1,"You found a book in this strange hole! \nYou can read it from your inventory!"],"kind":1},{"command":[8,"",-1,0,0,1,"You can read it anytime!\nPress M to turn the page,  N to go back,  B to exit"],"kind":1},{"command":[0,23,0,3,10,1],"kind":2},{"command":[0,25,0,0,12,1],"kind":2},{"command":[0,7,45,1,3,1],"kind":13},{"command":[7,-1,7,-1,7,2,0],"kind":18}]},"2":{"bh":true,"c":[]}},"sys":false}],"hId":-1,"id":4,"name":"OBJ0004","ooepf":false,"states":[{"cam":true,"climb":false,"dir":false,"gid":-1,"gk":0,"id":1,"move":true,"name":"Normal","pix":true,"pos":false,"stop":false,"sx":{"k":12,"v":1},"sy":{"k":12,"v":1},"sz":{"k":12,"v":1},"through":false,"x":0,"y":0},{"cam":true,"climb":false,"dir":false,"gid":-1,"gk":0,"id":2,"move":true,"name":"second","pix":true,"pos":false,"stop":false,"sx":{"k":12,"v":1},"sy":{"k":12,"v":1},"sz":{"k":12,"v":1},"through":false,"x":0,"y":0}]}}]},"objs3d":{"a":[],"o":[]},"sprites":{"list":[{"k":[31,0,0,8,0],"v":{"k":6,"t":[2,5,1,2]}},{"k":[21,0,0,3,0],"v":{"k":6,"t":[2,5,1,2]}}],"overflow":[],"walls":[{"k":[25,0,0,0,0,50,0,0],"v":{"k":1,"w":17}},{"k":[24,0,0,0,0,50,0,0],"v":{"k":1,"w":17}},{"k":[23,0,0,0,0,50,0,0],"v":{"k":1,"w":17}},{"k":[22,0,0,0,0,50,0,0],"v":{"k":1,"w":17}},{"k":[21,0,0,0,0,50,0,0],"v":{"k":1,"w":17}},{"k":[20,0,0,0,0,50,0,0],"v":{"k":1,"w":17}},{"k":[19,0,0,0,0,50,0,0],"v":{"k":1,"w":17}},{"k":[18,0,0,0,0,50,0,0],"v":{"k":1,"w":17}},{"k":[17,0,0,0,0,50,0,0],"v":{"k":1,"w":17}},{"k":[16,0,0,0,0,50,0,0],"v":{"k":1,"w":17}},{"k":[31,0,0,0,0,50,0,0],"v":{"k":1,"w":17}},{"k":[30,0,0,0,0,50,0,0],"v":{"k":1,"w":17}},{"k":[29,0,0,0,0,50,0,0],"v":{"k":1,"w":17}},{"k":[28,0,0,0,0,50,0,0],"v":{"k":1,"w":17}},{"k":[26,0,0,0,0,50,0,0],"v":{"k":1,"w":17}},{"k":[27,0,0,0,0,50,0,0],"v":{"k":1,"w":17}}]}}