{"lands":{"autotiles":[],"floors":[{"k":[32,0,0,0,0],"v":{"t":[5,0]}},{"k":[36,0,0,13,0],"v":{"t":[5,0]}},{"k":[35,0,0,14,0],"v":{"t":[5,0]}},{"k":[34,0,0,15,0],"v":{"t":[5,0]}},{"k":[37,0,0,12,0],"v":{"t":[5,0]}},{"k":[38,0,0,11,0],"v":{"t":[5,0]}},{"k":[37,0,0,13,0],"v":{"t":[5,0]}},{"k":[36,0,0,14,0],"v":{"t":[5,0]}},{"k":[35,0,0,15,0],"v":{"t":[5,0]}},{"k":[38,0,0,12,0],"v":{"t":[5,0]}},{"k":[38,0,0,13,0],"v":{"t":[5,0]}},{"k":[37,0,0,14,0],"v":{"t":[5,0]}},{"k":[36,0,0,15,0],"v":{"t":[5,0]}},{"k":[38,0,0,14,0],"v":{"t":[5,0]}},{"k":[37,0,0,15,0],"v":{"t":[5,0]}},{"k":[38,0,0,15,0],"v":{"t":[5,0]}},{"k":[32,0,0,9,0],"v":{"t":[5,0]}},{"k":[33,0,0,8,0],"v":{"t":[5,0]}},{"k":[34,0,0,7,0],"v":{"t":[5,0]}},{"k":[35,0,0,6,0],"v":{"t":[5,0]}},{"k":[36,0,0,5,0],"v":{"t":[5,0]}},{"k":[37,0,0,4,0],"v":{"t":[5,0]}},{"k":[38,0,0,3,0],"v":{"t":[5,0]}},{"k":[32,0,0,10,0],"v":{"t":[5,0]}},{"k":[33,0,0,9,0],"v":{"t":[5,0]}},{"k":[34,0,0,8,0],"v":{"t":[5,0]}},{"k":[35,0,0,7,0],"v":{"t":[5,0]}},{"k":[36,0,0,6,0],"v":{"t":[5,0]}},{"k":[37,0,0,5,0],"v":{"t":[5,0]}},{"k":[38,0,0,4,0],"v":{"t":[5,0]}},{"k":[32,0,0,11,0],"v":{"t":[5,0]}},{"k":[33,0,0,10,0],"v":{"t":[5,0]}},{"k":[34,0,0,9,0],"v":{"t":[5,0]}},{"k":[35,0,0,8,0],"v":{"t":[5,0]}},{"k":[36,0,0,7,0],"v":{"t":[5,0]}},{"k":[37,0,0,6,0],"v":{"t":[5,0]}},{"k":[38,0,0,5,0],"v":{"t":[5,0]}},{"k":[32,0,0,12,0],"v":{"t":[5,0]}},{"k":[33,0,0,11,0],"v":{"t":[5,0]}},{"k":[34,0,0,10,0],"v":{"t":[5,0]}},{"k":[35,0,0,9,0],"v":{"t":[5,0]}},{"k":[36,0,0,8,0],"v":{"t":[5,0]}},{"k":[37,0,0,7,0],"v":{"t":[5,0]}},{"k":[38,0,0,6,0],"v":{"t":[5,0]}},{"k":[32,0,0,13,0],"v":{"t":[5,0]}},{"k":[33,0,0,12,0],"v":{"t":[5,0]}},{"k":[35,0,0,10,0],"v":{"t":[5,0]}},{"k":[36,0,0,9,0],"v":{"t":[5,0]}},{"k":[37,0,0,8,0],"v":{"t":[5,0]}},{"k":[38,0,0,7,0],"v":{"t":[5,0]}},{"k":[34,0,0,11,0],"v":{"t":[0,0]}},{"k":[33,0,0,13,0],"v":{"t":[5,0]}},{"k":[32,0,0,14,0],"v":{"t":[5,0]}},{"k":[34,0,0,12,0],"v":{"t":[5,0]}},{"k":[35,0,0,11,0],"v":{"t":[5,0]}},{"k":[36,0,0,10,0],"v":{"t":[5,0]}},{"k":[37,0,0,9,0],"v":{"t":[5,0]}},{"k":[38,0,0,8,0],"v":{"t":[5,0]}},{"k":[34,0,0,13,0],"v":{"t":[5,0]}},{"k":[33,0,0,14,0],"v":{"t":[5,0]}},{"k":[32,0,0,15,0],"v":{"t":[5,0]}},{"k":[35,0,0,12,0],"v":{"t":[5,0]}},{"k":[36,0,0,11,0],"v":{"t":[5,0]}},{"k":[37,0,0,10,0],"v":{"t":[5,0]}},{"k":[38,0,0,9,0],"v":{"t":[5,0]}},{"k":[35,0,0,13,0],"v":{"t":[5,0]}},{"k":[33,0,0,15,0],"v":{"t":[5,0]}},{"k":[36,0,0,12,0],"v":{"t":[5,0]}},{"k":[37,0,0,11,0],"v":{"t":[5,0]}},{"k":[38,0,0,10,0],"v":{"t":[5,0]}},{"k":[34,0,0,14,0],"v":{"t":[5,0]}},{"k":[32,0,0,1,0],"v":{"t":[5,0]}},{"k":[33,0,0,0,0],"v":{"t":[5,0]}},{"k":[32,0,0,2,0],"v":{"t":[5,0]}},{"k":[33,0,0,1,0],"v":{"t":[5,0]}},{"k":[34,0,0,0,0],"v":{"t":[5,0]}},{"k":[32,0,0,3,0],"v":{"t":[5,0]}},{"k":[33,0,0,2,0],"v":{"t":[5,0]}},{"k":[34,0,0,1,0],"v":{"t":[5,0]}},{"k":[35,0,0,0,0],"v":{"t":[5,0]}},{"k":[32,0,0,4,0],"v":{"t":[5,0]}},{"k":[33,0,0,3,0],"v":{"t":[5,0]}},{"k":[34,0,0,2,0],"v":{"t":[5,0]}},{"k":[35,0,0,1,0],"v":{"t":[5,0]}},{"k":[36,0,0,0,0],"v":{"t":[5,0]}},{"k":[32,0,0,5,0],"v":{"t":[5,0]}},{"k":[33,0,0,4,0],"v":{"t":[5,0]}},{"k":[34,0,0,3,0],"v":{"t":[5,0]}},{"k":[35,0,0,2,0],"v":{"t":[5,0]}},{"k":[36,0,0,1,0],"v":{"t":[5,0]}},{"k":[37,0,0,0,0],"v":{"t":[5,0]}},{"k":[32,0,0,6,0],"v":{"t":[5,0]}},{"k":[33,0,0,5,0],"v":{"t":[5,0]}},{"k":[34,0,0,4,0],"v":{"t":[5,0]}},{"k":[35,0,0,3,0],"v":{"t":[5,0]}},{"k":[36,0,0,2,0],"v":{"t":[5,0]}},{"k":[37,0,0,1,0],"v":{"t":[5,0]}},{"k":[38,0,0,0,0],"v":{"t":[5,0]}},{"k":[32,0,0,7,0],"v":{"t":[5,0]}},{"k":[33,0,0,6,0],"v":{"t":[5,0]}},{"k":[34,0,0,5,0],"v":{"t":[5,0]}},{"k":[35,0,0,4,0],"v":{"t":[5,0]}},{"k":[36,0,0,3,0],"v":{"t":[5,0]}},{"k":[37,0,0,2,0],"v":{"t":[5,0]}},{"k":[38,0,0,1,0],"v":{"t":[5,0]}},{"k":[32,0,0,8,0],"v":{"t":[5,0]}},{"k":[33,0,0,7,0],"v":{"t":[5,0]}},{"k":[34,0,0,6,0],"v":{"t":[5,0]}},{"k":[35,0,0,5,0],"v":{"t":[5,0]}},{"k":[36,0,0,4,0],"v":{"t":[5,0]}},{"k":[37,0,0,3,0],"v":{"t":[5,0]}},{"k":[38,0,0,2,0],"v":{"t":[5,0]}}]},"moun":{"a":[],"o":[]},"objs":{"list":[{"k":[38,0,0,6,0],"v":{"events":[{"id":2,"name":"Hero touch","p":[],"r":{"1":{"bh":true,"c":[{"command":[7,0,0,6,2,0,0,8,0,0,0],"kind":20}]}},"sys":false}],"hId":-1,"id":5,"name":"OBJ0005","ooepf":false,"states":[{"cam":true,"climb":false,"dir":false,"gid":-1,"gk":0,"id":1,"move":true,"name":"Normal","pix":true,"pos":false,"stop":false,"sx":{"k":12,"v":1},"sy":{"k":12,"v":1},"sz":{"k":12,"v":1},"through":false,"x":0,"y":0}]}}]},"objs3d":{"a":[],"o":[]},"sprites":{"list":[{"k":[38,0,0,6,0,50,50,90],"v":{"k":5,"t":[6,12,2,2]}}],"overflow":[],"walls":[{"k":[38,0,0,15,0,100,50,90],"v":{"k":0,"w":17}},{"k":[38,0,0,7,0,100,50,90],"v":{"k":1,"w":17}},{"k":[38,0,0,8,0,100,50,90],"v":{"k":1,"w":17}},{"k":[38,0,0,9,0,100,50,90],"v":{"k":1,"w":17}},{"k":[38,0,0,10,0,100,50,90],"v":{"k":1,"w":17}},{"k":[38,0,0,11,0,100,50,90],"v":{"k":1,"w":17}},{"k":[38,0,0,12,0,100,50,90],"v":{"k":1,"w":17}},{"k":[35,0,0,0,0,50,0,0],"v":{"k":1,"w":17}},{"k":[38,0,0,13,0,100,50,90],"v":{"k":1,"w":17}},{"k":[36,0,0,0,0,50,0,0],"v":{"k":1,"w":17}},{"k":[38,0,0,14,0,100,50,90],"v":{"k":1,"w":17}},{"k":[37,0,0,0,0,50,0,0],"v":{"k":1,"w":17}},{"k":[38,0,0,0,0,50,0,0],"v":{"k":2,"w":17}},{"k":[38,0,0,0,0,100,50,90],"v":{"k":2,"w":17}},{"k":[38,0,0,1,0,100,50,90],"v":{"k":1,"w":17}},{"k":[38,0,0,2,0,100,50,90],"v":{"k":1,"w":17}},{"k":[38,0,0,3,0,100,50,90],"v":{"k":1,"w":17}},{"k":[38,0,0,4,0,100,50,90],"v":{"k":1,"w":17}},{"k":[38,0,0,5,0,100,50,90],"v":{"k":1,"w":17}},{"k":[32,0,0,0,0,50,0,0],"v":{"k":1,"w":17}},{"k":[38,0,0,6,0,100,50,90],"v":{"k":1,"w":17}},{"k":[33,0,0,0,0,50,0,0],"v":{"k":1,"w":17}},{"k":[34,0,0,0,0,50,0,0],"v":{"k":1,"w":17}}]}}