{"lands":{"autotiles":[],"floors":[{"k":[15,0,0,13,0],"v":{"t":[0,0]}},{"k":[14,0,0,14,0],"v":{"t":[0,0]}},{"k":[13,0,0,15,0],"v":{"t":[0,0]}},{"k":[15,0,0,12,0],"v":{"t":[0,0]}},{"k":[12,0,0,15,0],"v":{"t":[0,0]}},{"k":[14,0,0,13,0],"v":{"t":[0,0]}},{"k":[13,0,0,14,0],"v":{"t":[0,0]}},{"k":[15,0,0,11,0],"v":{"t":[0,0]}},{"k":[14,0,0,12,0],"v":{"t":[0,0]}},{"k":[13,0,0,13,0],"v":{"t":[0,0]}},{"k":[12,0,0,14,0],"v":{"t":[0,0]}},{"k":[11,0,0,15,0],"v":{"t":[0,0]}},{"k":[10,0,0,15,0],"v":{"t":[0,0]}},{"k":[15,0,0,10,0],"v":{"t":[0,0]}},{"k":[14,0,0,11,0],"v":{"t":[0,0]}},{"k":[13,0,0,12,0],"v":{"t":[0,0]}},{"k":[12,0,0,13,0],"v":{"t":[0,0]}},{"k":[11,0,0,14,0],"v":{"t":[0,0]}},{"k":[15,0,0,15,0],"v":{"t":[0,0]}},{"k":[14,0,0,15,0],"v":{"t":[0,0]}},{"k":[15,0,0,14,0],"v":{"t":[0,0]}},{"k":[3,0,0,1,0],"v":{"t":[0,0]}},{"k":[0,0,0,4,0],"v":{"t":[0,0]}},{"k":[1,0,0,3,0],"v":{"t":[0,0]}},{"k":[2,0,0,2,0],"v":{"t":[0,0]}},{"k":[4,0,0,0,0],"v":{"t":[0,0]}},{"k":[3,0,0,0,0],"v":{"t":[0,0]}},{"k":[2,0,0,1,0],"v":{"t":[0,0]}},{"k":[0,0,0,3,0],"v":{"t":[0,0]}},{"k":[1,0,0,2,0],"v":{"t":[0,0]}},{"k":[2,0,0,0,0],"v":{"t":[0,0]}},{"k":[1,0,0,1,0],"v":{"t":[0,0]}},{"k":[0,0,0,2,0],"v":{"t":[0,0]}},{"k":[1,0,0,0,0],"v":{"t":[0,0]}},{"k":[0,0,0,1,0],"v":{"t":[0,0]}},{"k":[8,0,0,0,0],"v":{"t":[0,0]}},{"k":[6,0,0,2,0],"v":{"t":[0,0]}},{"k":[5,0,0,3,0],"v":{"t":[0,0]}},{"k":[3,0,0,5,0],"v":{"t":[0,0]}},{"k":[4,0,0,4,0],"v":{"t":[0,0]}},{"k":[2,0,0,6,0],"v":{"t":[0,0]}},{"k":[1,0,0,7,0],"v":{"t":[0,0]}},{"k":[0,0,0,8,0],"v":{"t":[0,0]}},{"k":[7,0,0,1,0],"v":{"t":[0,0]}},{"k":[7,0,0,0,0],"v":{"t":[0,0]}},{"k":[6,0,0,1,0],"v":{"t":[0,0]}},{"k":[4,0,0,3,0],"v":{"t":[0,0]}},{"k":[2,0,0,5,0],"v":{"t":[0,0]}},{"k":[3,0,0,4,0],"v":{"t":[0,0]}},{"k":[1,0,0,6,0],"v":{"t":[0,0]}},{"k":[0,0,0,7,0],"v":{"t":[0,0]}},{"k":[5,0,0,2,0],"v":{"t":[0,0]}},{"k":[6,0,0,0,0],"v":{"t":[0,0]}},{"k":[5,0,0,1,0],"v":{"t":[0,0]}},{"k":[3,0,0,3,0],"v":{"t":[0,0]}},{"k":[2,0,0,4,0],"v":{"t":[0,0]}},{"k":[1,0,0,5,0],"v":{"t":[0,0]}},{"k":[0,0,0,6,0],"v":{"t":[0,0]}},{"k":[4,0,0,2,0],"v":{"t":[0,0]}},{"k":[5,0,0,0,0],"v":{"t":[0,0]}},{"k":[4,0,0,1,0],"v":{"t":[0,0]}},{"k":[1,0,0,4,0],"v":{"t":[0,0]}},{"k":[0,0,0,5,0],"v":{"t":[0,0]}},{"k":[2,0,0,3,0],"v":{"t":[0,0]}},{"k":[3,0,0,2,0],"v":{"t":[0,0]}},{"k":[0,0,0,0,0],"v":{"t":[0,0]}},{"k":[6,0,0,14,0],"v":{"t":[0,0]}},{"k":[15,0,0,5,0],"v":{"t":[0,0]}},{"k":[14,0,0,6,0],"v":{"t":[0,0]}},{"k":[13,0,0,7,0],"v":{"t":[0,0]}},{"k":[12,0,0,8,0],"v":{"t":[0,0]}},{"k":[11,0,0,9,0],"v":{"t":[0,0]}},{"k":[10,0,0,10,0],"v":{"t":[0,0]}},{"k":[9,0,0,11,0],"v":{"t":[0,0]}},{"k":[8,0,0,12,0],"v":{"t":[0,0]}},{"k":[7,0,0,13,0],"v":{"t":[0,0]}},{"k":[5,0,0,15,0],"v":{"t":[0,0]}},{"k":[5,0,0,14,0],"v":{"t":[0,0]}},{"k":[14,0,0,5,0],"v":{"t":[0,0]}},{"k":[13,0,0,6,0],"v":{"t":[0,0]}},{"k":[12,0,0,7,0],"v":{"t":[0,0]}},{"k":[11,0,0,8,0],"v":{"t":[0,0]}},{"k":[10,0,0,9,0],"v":{"t":[0,0]}},{"k":[9,0,0,10,0],"v":{"t":[0,0]}},{"k":[15,0,0,4,0],"v":{"t":[0,0]}},{"k":[8,0,0,11,0],"v":{"t":[0,0]}},{"k":[7,0,0,12,0],"v":{"t":[0,0]}},{"k":[6,0,0,13,0],"v":{"t":[0,0]}},{"k":[4,0,0,15,0],"v":{"t":[0,0]}},{"k":[4,0,0,14,0],"v":{"t":[0,0]}},{"k":[15,0,0,3,0],"v":{"t":[0,0]}},{"k":[13,0,0,5,0],"v":{"t":[0,0]}},{"k":[12,0,0,6,0],"v":{"t":[0,0]}},{"k":[11,0,0,7,0],"v":{"t":[0,0]}},{"k":[10,0,0,8,0],"v":{"t":[0,0]}},{"k":[9,0,0,9,0],"v":{"t":[0,0]}},{"k":[14,0,0,4,0],"v":{"t":[0,0]}},{"k":[8,0,0,10,0],"v":{"t":[0,0]}},{"k":[7,0,0,11,0],"v":{"t":[0,0]}},{"k":[6,0,0,12,0],"v":{"t":[0,0]}},{"k":[5,0,0,13,0],"v":{"t":[0,0]}},{"k":[3,0,0,15,0],"v":{"t":[0,0]}},{"k":[3,0,0,14,0],"v":{"t":[0,0]}},{"k":[15,0,0,2,0],"v":{"t":[0,0]}},{"k":[12,0,0,5,0],"v":{"t":[0,0]}},{"k":[11,0,0,6,0],"v":{"t":[0,0]}},{"k":[10,0,0,7,0],"v":{"t":[0,0]}},{"k":[9,0,0,8,0],"v":{"t":[0,0]}},{"k":[13,0,0,4,0],"v":{"t":[0,0]}},{"k":[8,0,0,9,0],"v":{"t":[0,0]}},{"k":[14,0,0,3,0],"v":{"t":[0,0]}},{"k":[7,0,0,10,0],"v":{"t":[0,0]}},{"k":[6,0,0,11,0],"v":{"t":[0,0]}},{"k":[5,0,0,12,0],"v":{"t":[0,0]}},{"k":[4,0,0,13,0],"v":{"t":[0,0]}},{"k":[2,0,0,15,0],"v":{"t":[0,0]}},{"k":[9,0,0,15,0],"v":{"t":[0,0]}},{"k":[15,0,0,9,0],"v":{"t":[0,0]}},{"k":[14,0,0,10,0],"v":{"t":[0,0]}},{"k":[13,0,0,11,0],"v":{"t":[0,0]}},{"k":[12,0,0,12,0],"v":{"t":[0,0]}},{"k":[11,0,0,13,0],"v":{"t":[0,0]}},{"k":[10,0,0,14,0],"v":{"t":[0,0]}},{"k":[8,0,0,15,0],"v":{"t":[0,0]}},{"k":[15,0,0,8,0],"v":{"t":[0,0]}},{"k":[14,0,0,9,0],"v":{"t":[0,0]}},{"k":[12,0,0,11,0],"v":{"t":[0,0]}},{"k":[11,0,0,12,0],"v":{"t":[0,0]}},{"k":[10,0,0,13,0],"v":{"t":[0,0]}},{"k":[9,0,0,14,0],"v":{"t":[0,0]}},{"k":[13,0,0,10,0],"v":{"t":[0,0]}},{"k":[15,0,0,7,0],"v":{"t":[0,0]}},{"k":[14,0,0,8,0],"v":{"t":[0,0]}},{"k":[13,0,0,9,0],"v":{"t":[0,0]}},{"k":[12,0,0,10,0],"v":{"t":[0,0]}},{"k":[11,0,0,11,0],"v":{"t":[0,0]}},{"k":[10,0,0,12,0],"v":{"t":[0,0]}},{"k":[9,0,0,13,0],"v":{"t":[0,0]}},{"k":[8,0,0,14,0],"v":{"t":[0,0]}},{"k":[7,0,0,15,0],"v":{"t":[0,0]}},{"k":[7,0,0,14,0],"v":{"t":[0,0]}},{"k":[15,0,0,6,0],"v":{"t":[0,0]}},{"k":[14,0,0,7,0],"v":{"t":[0,0]}},{"k":[13,0,0,8,0],"v":{"t":[0,0]}},{"k":[12,0,0,9,0],"v":{"t":[0,0]}},{"k":[11,0,0,10,0],"v":{"t":[0,0]}},{"k":[10,0,0,11,0],"v":{"t":[0,0]}},{"k":[9,0,0,12,0],"v":{"t":[0,0]}},{"k":[8,0,0,13,0],"v":{"t":[0,0]}},{"k":[6,0,0,15,0],"v":{"t":[0,0]}},{"k":[12,0,0,0,0],"v":{"t":[0,0]}},{"k":[11,0,0,1,0],"v":{"t":[0,0]}},{"k":[7,0,0,5,0],"v":{"t":[0,0]}},{"k":[8,0,0,4,0],"v":{"t":[0,0]}},{"k":[9,0,0,3,0],"v":{"t":[0,0]}},{"k":[10,0,0,2,0],"v":{"t":[0,0]}},{"k":[6,0,0,6,0],"v":{"t":[0,0]}},{"k":[5,0,0,7,0],"v":{"t":[0,0]}},{"k":[4,0,0,8,0],"v":{"t":[0,0]}},{"k":[3,0,0,9,0],"v":{"t":[0,0]}},{"k":[2,0,0,10,0],"v":{"t":[0,0]}},{"k":[1,0,0,11,0],"v":{"t":[0,0]}},{"k":[0,0,0,12,0],"v":{"t":[0,0]}},{"k":[11,0,0,0,0],"v":{"t":[0,0]}},{"k":[10,0,0,1,0],"v":{"t":[0,0]}},{"k":[9,0,0,2,0],"v":{"t":[0,0]}},{"k":[6,0,0,5,0],"v":{"t":[0,0]}},{"k":[7,0,0,4,0],"v":{"t":[0,0]}},{"k":[8,0,0,3,0],"v":{"t":[0,0]}},{"k":[5,0,0,6,0],"v":{"t":[0,0]}},{"k":[4,0,0,7,0],"v":{"t":[0,0]}},{"k":[3,0,0,8,0],"v":{"t":[0,0]}},{"k":[2,0,0,9,0],"v":{"t":[0,0]}},{"k":[1,0,0,10,0],"v":{"t":[0,0]}},{"k":[0,0,0,11,0],"v":{"t":[0,0]}},{"k":[10,0,0,0,0],"v":{"t":[0,0]}},{"k":[9,0,0,1,0],"v":{"t":[0,0]}},{"k":[8,0,0,2,0],"v":{"t":[0,0]}},{"k":[5,0,0,5,0],"v":{"t":[0,0]}},{"k":[6,0,0,4,0],"v":{"t":[0,0]}},{"k":[7,0,0,3,0],"v":{"t":[0,0]}},{"k":[4,0,0,6,0],"v":{"t":[0,0]}},{"k":[3,0,0,7,0],"v":{"t":[0,0]}},{"k":[2,0,0,8,0],"v":{"t":[0,0]}},{"k":[1,0,0,9,0],"v":{"t":[0,0]}},{"k":[0,0,0,10,0],"v":{"t":[0,0]}},{"k":[9,0,0,0,0],"v":{"t":[0,0]}},{"k":[8,0,0,1,0],"v":{"t":[0,0]}},{"k":[7,0,0,2,0],"v":{"t":[0,0]}},{"k":[4,0,0,5,0],"v":{"t":[0,0]}},{"k":[5,0,0,4,0],"v":{"t":[0,0]}},{"k":[6,0,0,3,0],"v":{"t":[0,0]}},{"k":[3,0,0,6,0],"v":{"t":[0,0]}},{"k":[2,0,0,7,0],"v":{"t":[0,0]}},{"k":[1,0,0,8,0],"v":{"t":[0,0]}},{"k":[0,0,0,9,0],"v":{"t":[0,0]}},{"k":[2,0,0,14,0],"v":{"t":[0,0]}},{"k":[15,0,0,1,0],"v":{"t":[0,0]}},{"k":[14,0,0,2,0],"v":{"t":[0,0]}},{"k":[11,0,0,5,0],"v":{"t":[0,0]}},{"k":[10,0,0,6,0],"v":{"t":[0,0]}},{"k":[9,0,0,7,0],"v":{"t":[0,0]}},{"k":[12,0,0,4,0],"v":{"t":[0,0]}},{"k":[8,0,0,8,0],"v":{"t":[0,0]}},{"k":[13,0,0,3,0],"v":{"t":[0,0]}},{"k":[7,0,0,9,0],"v":{"t":[0,0]}},{"k":[6,0,0,10,0],"v":{"t":[0,0]}},{"k":[5,0,0,11,0],"v":{"t":[0,0]}},{"k":[4,0,0,12,0],"v":{"t":[0,0]}},{"k":[3,0,0,13,0],"v":{"t":[0,0]}},{"k":[1,0,0,15,0],"v":{"t":[0,0]}},{"k":[15,0,0,0,0],"v":{"t":[0,0]}},{"k":[1,0,0,14,0],"v":{"t":[0,0]}},{"k":[14,0,0,1,0],"v":{"t":[0,0]}},{"k":[13,0,0,2,0],"v":{"t":[0,0]}},{"k":[10,0,0,5,0],"v":{"t":[0,0]}},{"k":[9,0,0,6,0],"v":{"t":[0,0]}},{"k":[11,0,0,4,0],"v":{"t":[0,0]}},{"k":[8,0,0,7,0],"v":{"t":[0,0]}},{"k":[12,0,0,3,0],"v":{"t":[0,0]}},{"k":[7,0,0,8,0],"v":{"t":[0,0]}},{"k":[6,0,0,9,0],"v":{"t":[0,0]}},{"k":[5,0,0,10,0],"v":{"t":[0,0]}},{"k":[4,0,0,11,0],"v":{"t":[0,0]}},{"k":[3,0,0,12,0],"v":{"t":[0,0]}},{"k":[2,0,0,13,0],"v":{"t":[0,0]}},{"k":[0,0,0,15,0],"v":{"t":[0,0]}},{"k":[14,0,0,0,0],"v":{"t":[0,0]}},{"k":[0,0,0,14,0],"v":{"t":[0,0]}},{"k":[13,0,0,1,0],"v":{"t":[0,0]}},{"k":[12,0,0,2,0],"v":{"t":[0,0]}},{"k":[9,0,0,5,0],"v":{"t":[0,0]}},{"k":[10,0,0,4,0],"v":{"t":[0,0]}},{"k":[8,0,0,6,0],"v":{"t":[0,0]}},{"k":[11,0,0,3,0],"v":{"t":[0,0]}},{"k":[7,0,0,7,0],"v":{"t":[0,0]}},{"k":[6,0,0,8,0],"v":{"t":[0,0]}},{"k":[5,0,0,9,0],"v":{"t":[0,0]}},{"k":[4,0,0,10,0],"v":{"t":[0,0]}},{"k":[3,0,0,11,0],"v":{"t":[0,0]}},{"k":[2,0,0,12,0],"v":{"t":[0,0]}},{"k":[1,0,0,13,0],"v":{"t":[0,0]}},{"k":[13,0,0,0,0],"v":{"t":[0,0]}},{"k":[12,0,0,1,0],"v":{"t":[0,0]}},{"k":[8,0,0,5,0],"v":{"t":[0,0]}},{"k":[9,0,0,4,0],"v":{"t":[0,0]}},{"k":[10,0,0,3,0],"v":{"t":[0,0]}},{"k":[7,0,0,6,0],"v":{"t":[0,0]}},{"k":[11,0,0,2,0],"v":{"t":[0,0]}},{"k":[6,0,0,7,0],"v":{"t":[0,0]}},{"k":[5,0,0,8,0],"v":{"t":[0,0]}},{"k":[4,0,0,9,0],"v":{"t":[0,0]}},{"k":[3,0,0,10,0],"v":{"t":[0,0]}},{"k":[2,0,0,11,0],"v":{"t":[0,0]}},{"k":[1,0,0,12,0],"v":{"t":[0,0]}},{"k":[0,0,0,13,0],"v":{"t":[0,0]}}]},"moun":{"a":[],"o":[]},"objs":{"list":[{"k":[7,0,0,7,0],"v":{"events":[{"id":1,"name":"Hero action","p":[],"r":{"1":{"bh":true,"c":[{"command":[3,2,3,5,"-",1,"drink","-",1,"leave"],"kind":31},{"children":[{"command":[7,-1,7,1,7,3,0],"kind":18},{"command":[7,13,7,1,7,1,0],"kind":18},{"command":[8,"",1,1,0,1,"now i will tell u my tale..."],"kind":1},{"command":[0,1,0,1],"kind":73},{"command":[8,"",1,1,0,1,"pls help me...  pls giv green-chan this valentine i made..."],"kind":1},{"command":[3,25,0,3,0,1,12,0,12,0,12,75,12,100,12,0,0],"kind":35},{"command":[0,7,43,1,3,1],"kind":13},{"command":[7,-1,7,-1,7,2,0],"kind":18},{"command":[3,0],"kind":37}],"command":[1],"kind":32},{"children":[],"command":[2],"kind":32},{"command":[],"kind":33}]},"2":{"bh":true,"c":[]}},"sys":false}],"hId":-1,"id":2,"name":"tea","ooepf":false,"states":[{"cam":true,"climb":false,"dir":false,"gid":-1,"gk":0,"id":1,"move":true,"name":"Normal","pix":true,"pos":false,"stop":false,"sx":{"k":12,"v":1},"sy":{"k":12,"v":1},"sz":{"k":12,"v":1},"through":false,"x":0,"y":0},{"cam":true,"climb":false,"dir":false,"gid":-1,"gk":0,"id":2,"move":true,"name":"NO EXISTO","pix":true,"pos":false,"stop":false,"sx":{"k":12,"v":1},"sy":{"k":12,"v":1},"sz":{"k":12,"v":1},"through":false,"x":0,"y":0}]}},{"k":[7,0,0,6,0],"v":{"events":[{"id":1,"name":"Hero action","p":[],"r":{"1":{"bh":true,"c":[{"command":[3,2,3,5,"-",1,"drink tea","-",1,"don't drink tea"],"kind":31},{"children":[{"command":[8,"",-1,0,0,1,"let me tell u my tale C:"],"kind":1}],"command":[1],"kind":32},{"children":[{"command":[8,"",-1,0,0,1,"c'mon have some tea, fren <3 or not... "],"kind":1}],"command":[2],"kind":32},{"command":[],"kind":33}]}},"sys":false}],"hId":-1,"id":3,"name":"OBJ0003","ooepf":false,"states":[{"cam":true,"climb":false,"dir":false,"gid":-1,"gk":0,"id":1,"move":true,"name":"Normal","pix":true,"pos":false,"stop":false,"sx":{"k":12,"v":1},"sy":{"k":12,"v":1},"sz":{"k":12,"v":1},"through":false,"x":0,"y":0}]}},{"k":[12,0,0,8,0],"v":{"events":[{"id":1,"name":"Hero action","p":[],"r":{"1":{"bh":true,"c":[{"children":[{"command":[8,"",1,1,0,1,"haii!! u jus woked up on my couch! who are u??? i'm pink person!!! "],"kind":1},{"command":[8,"",1,1,0,1,"u passed right by me without saying hai earlier!!! smh"],"kind":1},{"command":[8,"",1,1,0,1,"that's oke we can get to know eachother nao c: have some tea!"],"kind":1}],"command":[0,0,4,7,3,12,0],"kind":8},{"command":[],"kind":10},{"command":[8,"",1,1,0,1,"hewwo sweepy head <3 "],"kind":1},{"command":[3,2,3,5,"-",1,"what happened?"],"kind":31},{"children":[{"command":[8,"",1,1,0,1,"u stumbled in here and fell asleep on my couch! u must have been meddling with unknown forces!"],"kind":1},{"command":[8,"",1,1,0,1,"have some tea and listen to my story :3"],"kind":1}],"command":[1],"kind":32},{"command":[],"kind":33},{"command":[8,"",1,1,0,1,"make sure u drink the tea b4 leavin so u can progress the story owo!!!"],"kind":1}]},"2":{"bh":true,"c":[]},"3":{"bh":true,"c":[{"command":[8,"",-1,0,0,1,"pls don give that valentine to some rando in the forest owo "],"kind":1},{"command":[8,"",-1,0,0,1,"is for green-chan only~ my luv"],"kind":1},{"command":[8,"",1,1,0,1,"also u might wanna save bc isabel-sama can't figure out how to let u skip the cut scenes"],"kind":1},{"command":[8,"",-1,0,0,1,"she is not a stem girly hehe"],"kind":1},{"command":[8,"",-1,0,0,1,"although,  i personally think the division btw stem and humanities is a harmful dichotomy :3"],"kind":1}]}},"sys":false}],"hId":3,"id":1,"name":"pink man in haus","ooepf":false,"states":[{"cam":true,"climb":false,"dir":false,"gid":72,"gk":5,"id":1,"move":true,"name":"Normal","pix":true,"pos":false,"stop":false,"sx":{"k":12,"v":0.7},"sy":{"k":12,"v":0.7},"sz":{"k":12,"v":1},"through":false,"x":0,"y":0},{"cam":true,"climb":false,"dir":false,"gid":-1,"gk":5,"id":2,"move":true,"name":"NO EXISTO","pix":true,"pos":false,"stop":false,"sx":{"k":12,"v":0.7},"sy":{"k":12,"v":0.7},"sz":{"k":12,"v":1},"through":false,"x":0,"y":0},{"cam":true,"climb":false,"dir":false,"gid":72,"gk":5,"id":3,"move":true,"name":"third","pix":true,"pos":false,"stop":false,"sx":{"k":12,"v":0.7},"sy":{"k":12,"v":0.7},"sz":{"k":12,"v":1},"through":false,"x":0,"y":0}]}},{"k":[4,0,0,0,0],"v":{"events":[{"id":2,"name":"Hero touch","p":[],"r":{"1":{"bh":true,"c":[{"command":[7,0,0,7,8,0,0,6,0,0,0],"kind":20}]}},"sys":false}],"hId":-1,"id":4,"name":"OBJ0004","ooepf":false,"states":[{"cam":true,"climb":false,"dir":false,"gid":69,"gk":4,"id":1,"move":true,"name":"Normal","pix":true,"pos":false,"stop":false,"sx":{"k":12,"v":1},"sy":{"k":12,"v":1},"sz":{"k":12,"v":1},"through":false,"x":3,"y":1}]}},{"k":[1,0,0,0,0],"v":{"events":[{"id":1,"name":"Hero action","p":[],"r":{"1":{"bh":true,"c":[{"command":[8,"",1,1,0,1,"gren person gave that to me hehe... \nhe said its to tell time but idk wat time even is"],"kind":1},{"command":[8,"",-1,0,0,1,"i jus like the tickytocky noise it makes :3"],"kind":1}]}},"sys":false}],"hId":-1,"id":7,"name":"clock","ooepf":false,"states":[{"cam":true,"climb":false,"dir":false,"gid":-1,"gk":0,"id":1,"move":true,"name":"Normal","pix":true,"pos":false,"stop":false,"sx":{"k":12,"v":1},"sy":{"k":12,"v":1},"sz":{"k":12,"v":1},"through":false,"x":0,"y":0}]}},{"k":[8,0,0,0,0],"v":{"events":[{"id":1,"name":"Hero action","p":[],"r":{"1":{"bh":true,"c":[{"command":[8,"",-1,0,0,1,"Books on shelf:\nWuthering Heights\nMadame Bovary\nMoby Dick\n..."],"kind":1},{"command":[8,"",-1,0,0,1,"American Psycho\nAngus, Thongs, and Full-Frontal Snogging"],"kind":1}]}},"sys":false}],"hId":-1,"id":9,"name":"OBJ0009","ooepf":false,"states":[{"cam":true,"climb":false,"dir":false,"gid":-1,"gk":0,"id":1,"move":true,"name":"Normal","pix":true,"pos":false,"stop":false,"sx":{"k":12,"v":1},"sy":{"k":12,"v":1},"sz":{"k":12,"v":1},"through":false,"x":0,"y":0}]}},{"k":[1,0,0,5,0],"v":{"events":[{"id":1,"name":"Hero action","p":[],"r":{"1":{"bh":true,"c":[{"command":[8,"",2,2,1,1,"i am pink person pet rat.  they feed me cookie and tea and mushroom all day.  "],"kind":1}]}},"sys":false}],"hId":-1,"id":3,"name":"OBJ0003","ooepf":false,"states":[{"cam":true,"climb":false,"dir":false,"gid":15,"gk":4,"id":1,"move":true,"name":"Normal","omk":1,"pix":true,"pos":false,"stop":false,"sx":{"k":12,"v":1},"sy":{"k":12,"v":1},"sz":{"k":12,"v":1},"through":false,"x":0,"y":0}]}},{"k":[6,0,0,0,0],"v":{"events":[{"id":1,"name":"Hero action","p":[],"r":{"1":{"bh":true,"c":[{"children":[{"command":[3,2,3,5,"-",1,"Steal stuff?","-",1,"No"],"kind":31},{"children":[{"command":[8,"",-1,0,0,1,"You got the diary!"],"kind":1},{"command":[7,-1,7,-1,7,2,0],"kind":18},{"command":[7,7,7,3,7,1,0],"kind":18}],"command":[1],"kind":32},{"children":[],"command":[2],"kind":32},{"command":[],"kind":33}],"command":[0,3,7,19,0,12,1],"kind":8},{"command":[],"kind":10},{"children":[{"command":[8,"",-1,0,0,1,"you need a key!"],"kind":1}],"command":[0,3,7,19,0,12,0],"kind":8},{"command":[],"kind":10}]},"2":{"bh":true,"c":[]}},"sys":false}],"hId":-1,"id":6,"name":"pp chest","ooepf":false,"states":[{"cam":true,"climb":false,"dir":false,"gid":-1,"gk":0,"id":1,"move":true,"name":"Normal","pix":true,"pos":false,"stop":false,"sx":{"k":12,"v":1},"sy":{"k":12,"v":1},"sz":{"k":12,"v":1},"through":false,"x":0,"y":0},{"cam":true,"climb":false,"dir":false,"gid":-1,"gk":0,"id":2,"move":true,"name":"NO EXISTO","pix":true,"pos":false,"stop":false,"sx":{"k":12,"v":1},"sy":{"k":12,"v":1},"sz":{"k":12,"v":1},"through":false,"x":0,"y":0}]}},{"k":[10,0,0,0,0],"v":{"events":[{"id":1,"name":"Hero action","p":[],"r":{"1":{"bh":true,"c":[{"command":[8,"",-1,0,0,1,"take cookie?"],"kind":1},{"command":[3,2,3,5,"-",1,"Yes","-",1,"No"],"kind":31},{"children":[{"children":[{"command":[8,"",-1,0,0,1,"No more cookies left! You greedy gluttonous goober!"],"kind":1}],"command":[0,0,4,101,2,12,5],"kind":8},{"command":[],"kind":10},{"children":[{"command":[8,"",-1,0,0,1,"yay! you have a cookie now!"],"kind":1},{"command":[0,7,1,1,3,1],"kind":13},{"command":[0,101,1,0,12,1],"kind":2}],"command":[0,0,4,101,5,12,5],"kind":8},{"command":[],"kind":10}],"command":[1],"kind":32},{"children":[],"command":[2],"kind":32},{"command":[],"kind":33}]}},"sys":false}],"hId":-1,"id":8,"name":"fridge","ooepf":false,"states":[{"cam":true,"climb":false,"dir":false,"gid":-1,"gk":0,"id":1,"move":true,"name":"Normal","pix":true,"pos":false,"stop":false,"sx":{"k":12,"v":1},"sy":{"k":12,"v":1},"sz":{"k":12,"v":1},"through":false,"x":0,"y":0}]}},{"k":[9,0,0,7,0],"v":{"events":[{"id":1,"name":"Hero action","p":[],"r":{"1":{"bh":true,"c":[{"command":[8,"",-1,0,0,1,"that's my tea,  silly! :3"],"kind":1}]},"2":{"bh":true,"c":[]}},"sys":false}],"hId":-1,"id":5,"name":"tea 2","ooepf":false,"states":[{"cam":true,"climb":false,"dir":false,"gid":-1,"gk":0,"id":1,"move":true,"name":"Normal","pix":true,"pos":false,"stop":false,"sx":{"k":12,"v":1},"sy":{"k":12,"v":1},"sz":{"k":12,"v":1},"through":false,"x":0,"y":0},{"cam":true,"climb":false,"dir":false,"gid":-1,"gk":0,"id":2,"move":true,"name":"NO EXISTO","pix":true,"pos":false,"stop":false,"sx":{"k":12,"v":1},"sy":{"k":12,"v":1},"sz":{"k":12,"v":1},"through":false,"x":0,"y":0}]}}]},"objs3d":{"a":[{"k":[13,0,0,0,0],"v":{"did":86}},{"k":[7,0,0,6,0],"v":{"did":92}},{"k":[15,0,0,12,0,50,50,270,0,0,2,3,2],"v":{"did":74}},{"k":[8,0,0,0,0],"v":{"did":98}},{"k":[6,0,0,0,0],"v":{"did":8}},{"k":[10,0,0,0,0],"v":{"did":100}},{"k":[0,0,0,12,0,50,50,90],"v":{"did":99}}],"o":[]},"sprites":{"list":[{"k":[7,0,50,7,0,31.25,18.75,0],"v":{"k":5,"t":[5,6,1,1]}},{"k":[8,0,50,6,0],"v":{"k":5,"t":[7,6,1,1]}},{"k":[9,0,62.5,7,0,0,25,0],"v":{"k":5,"t":[5,6,1,1]}},{"k":[2,0,0,0,0],"v":{"k":4,"t":[2,2,1,1]}},{"k":[1,0,0,0,0],"v":{"k":4,"t":[0,8,1,2]}}],"overflow":[],"walls":[{"k":[0,0,0,8,0,0,50,90],"v":{"k":1,"w":12}},{"k":[0,0,0,7,0,0,50,90],"v":{"k":1,"w":12}},{"k":[0,0,0,6,0,0,50,90],"v":{"k":1,"w":12}},{"k":[0,0,0,5,0,0,50,90],"v":{"k":1,"w":12}},{"k":[15,0,0,15,0,100,50,90],"v":{"k":0,"w":12}},{"k":[15,0,0,14,0,100,50,90],"v":{"k":1,"w":12}},{"k":[6,0,0,0,0,50,0,0],"v":{"k":1,"w":12}},{"k":[5,0,0,0,0,50,0,0],"v":{"k":1,"w":12}},{"k":[4,0,0,0,0,50,0,0],"v":{"k":1,"w":12}},{"k":[3,0,0,0,0,50,0,0],"v":{"k":1,"w":12}},{"k":[10,0,0,0,0,50,0,0],"v":{"k":1,"w":12}},{"k":[9,0,0,0,0,50,0,0],"v":{"k":1,"w":12}},{"k":[8,0,0,0,0,50,0,0],"v":{"k":1,"w":12}},{"k":[7,0,0,0,0,50,0,0],"v":{"k":1,"w":12}},{"k":[2,0,0,0,0,50,0,0],"v":{"k":1,"w":12}},{"k":[1,0,0,0,0,50,0,0],"v":{"k":1,"w":12}},{"k":[0,0,0,0,0,50,0,0],"v":{"k":0,"w":12}},{"k":[0,0,0,0,0,0,50,90],"v":{"k":2,"w":12}},{"k":[14,0,0,0,0,50,0,0],"v":{"k":1,"w":12}},{"k":[13,0,0,0,0,50,0,0],"v":{"k":1,"w":12}},{"k":[15,0,0,9,0,100,50,90],"v":{"k":1,"w":12}},{"k":[12,0,0,0,0,50,0,0],"v":{"k":1,"w":12}},{"k":[15,0,0,8,0,100,50,90],"v":{"k":1,"w":12}},{"k":[11,0,0,0,0,50,0,0],"v":{"k":1,"w":12}},{"k":[15,0,0,7,0,100,50,90],"v":{"k":1,"w":12}},{"k":[15,0,0,6,0,100,50,90],"v":{"k":1,"w":12}},{"k":[15,0,0,13,0,100,50,90],"v":{"k":1,"w":12}},{"k":[15,0,0,12,0,100,50,90],"v":{"k":1,"w":12}},{"k":[15,0,0,0,0,50,0,0],"v":{"k":2,"w":12}},{"k":[15,0,0,11,0,100,50,90],"v":{"k":1,"w":12}},{"k":[15,0,0,10,0,100,50,90],"v":{"k":1,"w":12}},{"k":[15,0,0,1,0,100,50,90],"v":{"k":1,"w":12}},{"k":[15,0,0,0,0,100,50,90],"v":{"k":2,"w":12}},{"k":[0,0,0,12,0,0,50,90],"v":{"k":1,"w":12}},{"k":[0,0,0,11,0,0,50,90],"v":{"k":1,"w":12}},{"k":[15,0,0,5,0,100,50,90],"v":{"k":1,"w":12}},{"k":[0,0,0,10,0,0,50,90],"v":{"k":1,"w":12}},{"k":[0,0,0,9,0,0,50,90],"v":{"k":1,"w":12}},{"k":[15,0,0,4,0,100,50,90],"v":{"k":1,"w":12}},{"k":[15,0,0,3,0,100,50,90],"v":{"k":1,"w":12}},{"k":[0,0,0,15,0,0,50,90],"v":{"k":3,"w":6}},{"k":[15,0,0,2,0,100,50,90],"v":{"k":1,"w":12}},{"k":[0,0,0,14,0,0,50,90],"v":{"k":0,"w":12}},{"k":[0,0,0,13,0,0,50,90],"v":{"k":1,"w":12}},{"k":[0,0,0,4,0,0,50,90],"v":{"k":1,"w":12}},{"k":[0,0,0,3,0,0,50,90],"v":{"k":1,"w":12}},{"k":[0,0,0,2,0,0,50,90],"v":{"k":1,"w":12}},{"k":[0,0,0,1,0,0,50,90],"v":{"k":1,"w":12}}]}}