{"bgs":{"id":-1,"ie":false,"is":false,"name":"<None>","v":{"k":3,"v":100}},"d":0,"h":16,"id":5,"isi":false,"isky":true,"l":16,"music":{"id":-1,"ie":false,"is":false,"name":"<None>","v":{"k":3,"v":100}},"names":{"1":"Pink man's house"},"of3d":[{"k":[0,-1,0],"v":[[13,0,0,0,0],[10,0,0,0,0],[6,0,0,0,0],[15,0,0,12,0,50,50,270,0,0,2,3,2]]},{"k":[0,0,-1],"v":[[13,0,0,0,0],[10,0,0,0,0],[6,0,0,0,0]]},{"k":[0,-1,-1],"v":[[13,0,0,0,0],[10,0,0,0,0],[6,0,0,0,0]]},{"k":[1,0,0],"v":[[15,0,0,12,0,50,50,270,0,0,2,3,2]]},{"k":[1,-1,0],"v":[[15,0,0,12,0,50,50,270,0,0,2,3,2]]}],"ofmoun":[],"ofsprites":[],"sky":{"k":7,"v":1},"so":{"events":[{"id":1,"name":"Time","p":[{"id":1,"name":"Interval","v":{"k":2,"v":null}},{"id":2,"name":"Repeat","v":{"k":10,"v":false}}],"r":{"1":{"bh":true,"c":[]},"2":{"bh":true,"c":[]}},"sys":true}],"hId":-1,"id":1,"name":"","ooepf":false,"states":[{"cam":false,"climb":false,"dir":false,"gid":-1,"gk":0,"id":1,"move":false,"name":"Normal","pix":false,"pos":false,"stop":false,"sx":{"k":12,"v":1},"sy":{"k":12,"v":1},"sz":{"k":12,"v":1},"through":false,"x":0,"y":0},{"cam":true,"climb":false,"dir":false,"gid":-1,"gk":0,"id":2,"move":true,"name":"second","pix":true,"pos":false,"stop":false,"sx":{"k":12,"v":1},"sy":{"k":12,"v":1},"sz":{"k":12,"v":1},"through":false,"x":0,"y":0}]},"tileset":8,"w":16}