{"lands":{"autotiles":[],"floors":[{"k":[4,0,0,8,0],"v":{"t":[5,0]}},{"k":[5,0,0,7,0],"v":{"t":[5,0]}},{"k":[6,0,0,6,0],"v":{"t":[5,0]}},{"k":[7,0,0,5,0],"v":{"t":[5,0]}},{"k":[3,0,0,9,0],"v":{"t":[5,0]}},{"k":[9,0,0,3,0],"v":{"t":[5,0]}},{"k":[10,0,0,2,0],"v":{"t":[5,0]}},{"k":[11,0,0,1,0],"v":{"t":[5,0]}},{"k":[8,0,0,4,0],"v":{"t":[7,0]}},{"k":[12,0,0,0,0],"v":{"t":[5,0]}},{"k":[3,0,0,8,0],"v":{"t":[5,0]}},{"k":[4,0,0,7,0],"v":{"t":[5,0]}},{"k":[5,0,0,6,0],"v":{"t":[5,0]}},{"k":[6,0,0,5,0],"v":{"t":[5,0]}},{"k":[8,0,0,3,0],"v":{"t":[5,0]}},{"k":[2,0,0,9,0],"v":{"t":[5,0]}},{"k":[9,0,0,2,0],"v":{"t":[5,0]}},{"k":[10,0,0,1,0],"v":{"t":[5,0]}},{"k":[7,0,0,4,0],"v":{"t":[7,0]}},{"k":[11,0,0,0,0],"v":{"t":[5,0]}},{"k":[2,0,0,8,0],"v":{"t":[5,0]}},{"k":[3,0,0,7,0],"v":{"t":[5,0]}},{"k":[4,0,0,6,0],"v":{"t":[5,0]}},{"k":[5,0,0,5,0],"v":{"t":[5,0]}},{"k":[7,0,0,3,0],"v":{"t":[5,0]}},{"k":[8,0,0,2,0],"v":{"t":[5,0]}},{"k":[1,0,0,9,0],"v":{"t":[5,0]}},{"k":[9,0,0,1,0],"v":{"t":[5,0]}},{"k":[6,0,0,4,0],"v":{"t":[7,0]}},{"k":[10,0,0,0,0],"v":{"t":[5,0]}},{"k":[1,0,0,8,0],"v":{"t":[5,0]}},{"k":[2,0,0,7,0],"v":{"t":[5,0]}},{"k":[3,0,0,6,0],"v":{"t":[5,0]}},{"k":[4,0,0,5,0],"v":{"t":[5,0]}},{"k":[6,0,0,3,0],"v":{"t":[5,0]}},{"k":[7,0,0,2,0],"v":{"t":[5,0]}},{"k":[8,0,0,1,0],"v":{"t":[5,0]}},{"k":[0,0,0,9,0],"v":{"t":[5,0]}},{"k":[5,0,0,4,0],"v":{"t":[7,0]}},{"k":[9,0,0,0,0],"v":{"t":[5,0]}},{"k":[8,0,0,8,0],"v":{"t":[5,0]}},{"k":[7,0,0,9,0],"v":{"t":[5,0]}},{"k":[9,0,0,7,0],"v":{"t":[5,0]}},{"k":[10,0,0,6,0],"v":{"t":[5,0]}},{"k":[11,0,0,5,0],"v":{"t":[5,0]}},{"k":[13,0,0,3,0],"v":{"t":[5,0]}},{"k":[14,0,0,2,0],"v":{"t":[5,0]}},{"k":[15,0,0,1,0],"v":{"t":[5,0]}},{"k":[12,0,0,4,0],"v":{"t":[7,0]}},{"k":[7,0,0,8,0],"v":{"t":[5,0]}},{"k":[8,0,0,7,0],"v":{"t":[5,0]}},{"k":[6,0,0,9,0],"v":{"t":[5,0]}},{"k":[9,0,0,6,0],"v":{"t":[5,0]}},{"k":[10,0,0,5,0],"v":{"t":[5,0]}},{"k":[12,0,0,3,0],"v":{"t":[5,0]}},{"k":[13,0,0,2,0],"v":{"t":[5,0]}},{"k":[14,0,0,1,0],"v":{"t":[5,0]}},{"k":[11,0,0,4,0],"v":{"t":[7,0]}},{"k":[15,0,0,0,0],"v":{"t":[5,0]}},{"k":[6,0,0,8,0],"v":{"t":[5,0]}},{"k":[7,0,0,7,0],"v":{"t":[5,0]}},{"k":[8,0,0,6,0],"v":{"t":[5,0]}},{"k":[5,0,0,9,0],"v":{"t":[5,0]}},{"k":[9,0,0,5,0],"v":{"t":[5,0]}},{"k":[11,0,0,3,0],"v":{"t":[5,0]}},{"k":[12,0,0,2,0],"v":{"t":[5,0]}},{"k":[13,0,0,1,0],"v":{"t":[5,0]}},{"k":[10,0,0,4,0],"v":{"t":[7,0]}},{"k":[14,0,0,0,0],"v":{"t":[5,0]}},{"k":[5,0,0,8,0],"v":{"t":[5,0]}},{"k":[6,0,0,7,0],"v":{"t":[5,0]}},{"k":[7,0,0,6,0],"v":{"t":[5,0]}},{"k":[8,0,0,5,0],"v":{"t":[5,0]}},{"k":[4,0,0,9,0],"v":{"t":[5,0]}},{"k":[10,0,0,3,0],"v":{"t":[5,0]}},{"k":[11,0,0,2,0],"v":{"t":[5,0]}},{"k":[12,0,0,1,0],"v":{"t":[5,0]}},{"k":[9,0,0,4,0],"v":{"t":[7,0]}},{"k":[13,0,0,0,0],"v":{"t":[5,0]}},{"k":[12,0,0,8,0],"v":{"t":[5,0]}},{"k":[11,0,0,9,0],"v":{"t":[5,0]}},{"k":[13,0,0,7,0],"v":{"t":[5,0]}},{"k":[14,0,0,6,0],"v":{"t":[5,0]}},{"k":[15,0,0,5,0],"v":{"t":[5,0]}},{"k":[11,0,0,8,0],"v":{"t":[5,0]}},{"k":[10,0,0,9,0],"v":{"t":[5,0]}},{"k":[12,0,0,7,0],"v":{"t":[5,0]}},{"k":[13,0,0,6,0],"v":{"t":[5,0]}},{"k":[14,0,0,5,0],"v":{"t":[5,0]}},{"k":[15,0,0,4,0],"v":{"t":[7,0]}},{"k":[10,0,0,8,0],"v":{"t":[5,0]}},{"k":[9,0,0,9,0],"v":{"t":[5,0]}},{"k":[11,0,0,7,0],"v":{"t":[5,0]}},{"k":[12,0,0,6,0],"v":{"t":[5,0]}},{"k":[13,0,0,5,0],"v":{"t":[5,0]}},{"k":[15,0,0,3,0],"v":{"t":[5,0]}},{"k":[14,0,0,4,0],"v":{"t":[7,0]}},{"k":[9,0,0,8,0],"v":{"t":[5,0]}},{"k":[8,0,0,9,0],"v":{"t":[5,0]}},{"k":[10,0,0,7,0],"v":{"t":[5,0]}},{"k":[11,0,0,6,0],"v":{"t":[5,0]}},{"k":[12,0,0,5,0],"v":{"t":[5,0]}},{"k":[14,0,0,3,0],"v":{"t":[5,0]}},{"k":[15,0,0,2,0],"v":{"t":[5,0]}},{"k":[13,0,0,4,0],"v":{"t":[7,0]}},{"k":[15,0,0,9,0],"v":{"t":[5,0]}},{"k":[15,0,0,8,0],"v":{"t":[5,0]}},{"k":[14,0,0,9,0],"v":{"t":[5,0]}},{"k":[14,0,0,8,0],"v":{"t":[5,0]}},{"k":[13,0,0,9,0],"v":{"t":[5,0]}},{"k":[15,0,0,7,0],"v":{"t":[5,0]}},{"k":[14,0,0,7,1],"v":{"t":[4,2]}},{"k":[13,0,0,8,0],"v":{"t":[5,0]}},{"k":[12,0,0,9,0],"v":{"t":[5,0]}},{"k":[14,0,0,7,0],"v":{"t":[5,0]}},{"k":[15,0,0,6,0],"v":{"t":[5,0]}},{"k":[0,0,0,0,0],"v":{"t":[5,0]}},{"k":[1,0,0,3,0],"v":{"t":[5,0]}},{"k":[2,0,0,2,0],"v":{"t":[5,0]}},{"k":[0,0,0,4,0],"v":{"t":[0,6]}},{"k":[3,0,0,1,0],"v":{"t":[5,0]}},{"k":[4,0,0,0,0],"v":{"t":[5,0]}},{"k":[0,0,0,3,0],"v":{"t":[5,0]}},{"k":[1,0,0,2,0],"v":{"t":[5,0]}},{"k":[2,0,0,1,0],"v":{"t":[5,0]}},{"k":[3,0,0,0,0],"v":{"t":[5,0]}},{"k":[0,0,0,2,0],"v":{"t":[5,0]}},{"k":[1,0,0,1,0],"v":{"t":[5,0]}},{"k":[2,0,0,0,0],"v":{"t":[5,0]}},{"k":[0,0,0,1,0],"v":{"t":[5,0]}},{"k":[1,0,0,0,0],"v":{"t":[5,0]}},{"k":[0,0,0,8,0],"v":{"t":[5,0]}},{"k":[1,0,0,7,0],"v":{"t":[5,0]}},{"k":[2,0,0,6,0],"v":{"t":[5,0]}},{"k":[3,0,0,5,0],"v":{"t":[5,0]}},{"k":[5,0,0,3,0],"v":{"t":[5,0]}},{"k":[6,0,0,2,0],"v":{"t":[5,0]}},{"k":[7,0,0,1,0],"v":{"t":[5,0]}},{"k":[4,0,0,4,0],"v":{"t":[7,0]}},{"k":[8,0,0,0,0],"v":{"t":[5,0]}},{"k":[0,0,0,7,0],"v":{"t":[5,0]}},{"k":[1,0,0,6,0],"v":{"t":[5,0]}},{"k":[2,0,0,5,0],"v":{"t":[5,0]}},{"k":[4,0,0,3,0],"v":{"t":[5,0]}},{"k":[5,0,0,2,0],"v":{"t":[5,0]}},{"k":[6,0,0,1,0],"v":{"t":[5,0]}},{"k":[3,0,0,4,0],"v":{"t":[7,0]}},{"k":[7,0,0,0,0],"v":{"t":[5,0]}},{"k":[0,0,0,6,0],"v":{"t":[5,0]}},{"k":[1,0,0,5,0],"v":{"t":[5,0]}},{"k":[3,0,0,3,0],"v":{"t":[5,0]}},{"k":[4,0,0,2,0],"v":{"t":[5,0]}},{"k":[5,0,0,1,0],"v":{"t":[5,0]}},{"k":[2,0,0,4,0],"v":{"t":[2,6]}},{"k":[6,0,0,0,0],"v":{"t":[5,0]}},{"k":[0,0,0,5,0],"v":{"t":[5,0]}},{"k":[2,0,0,3,0],"v":{"t":[5,0]}},{"k":[3,0,0,2,0],"v":{"t":[5,0]}},{"k":[4,0,0,1,0],"v":{"t":[5,0]}},{"k":[1,0,0,4,0],"v":{"t":[1,6]}},{"k":[5,0,0,0,0],"v":{"t":[5,0]}}]},"moun":{"a":[],"o":[]},"objs":{"list":[{"k":[0,0,0,4,0],"v":{"events":[{"id":2,"name":"Hero touch","p":[],"r":{"1":{"bh":true,"c":[{"command":[7,0,0,9,37,0,0,2,0,0,0],"kind":20}]}},"sys":false}],"hId":-1,"id":3,"name":"OBJ0003","ooepf":false,"states":[{"cam":true,"climb":false,"dir":false,"gid":-1,"gk":0,"id":1,"move":true,"name":"Normal","pix":true,"pos":false,"stop":false,"sx":{"k":12,"v":1},"sy":{"k":12,"v":1},"sz":{"k":12,"v":1},"through":false,"x":0,"y":0}]}}]},"objs3d":{"a":[],"o":[]},"sprites":{"list":[{"k":[13,0,0,8,0],"v":{"k":6,"t":[2,1,2,2]}},{"k":[10,0,0,2,0],"v":{"k":6,"t":[0,8,2,3]}},{"k":[8,0,0,3,0],"v":{"k":6,"t":[0,1,2,2]}},{"k":[2,0,0,8,0],"v":{"k":6,"t":[0,8,2,3]}},{"k":[14,0,0,2,0],"v":{"k":5,"t":[6,2,2,1]}},{"k":[9,0,0,7,0],"v":{"k":5,"t":[6,2,2,1]}},{"k":[15,0,0,1,0],"v":{"k":4,"t":[2,3,1,1]}},{"k":[8,0,0,8,0],"v":{"k":4,"t":[2,3,1,1]}},{"k":[6,0,0,8,0],"v":{"k":6,"t":[0,8,2,3]}},{"k":[12,0,0,2,0],"v":{"k":4,"t":[2,8,1,1]}},{"k":[12,0,0,1,0],"v":{"k":6,"t":[2,1,2,2]}},{"k":[2,0,0,1,0],"v":{"k":6,"t":[0,8,2,3]}},{"k":[5,0,0,3,0],"v":{"k":6,"t":[0,8,2,3]}}],"overflow":[],"walls":[{"k":[0,0,0,3,0,0,50,90],"v":{"k":0,"w":3}},{"k":[0,0,0,2,0,0,50,90],"v":{"k":1,"w":3}},{"k":[0,0,0,1,0,0,50,90],"v":{"k":1,"w":3}},{"k":[0,0,0,8,0,0,50,90],"v":{"k":1,"w":3}},{"k":[0,0,0,7,0,0,50,90],"v":{"k":1,"w":3}},{"k":[0,0,0,6,0,0,50,90],"v":{"k":2,"w":3}},{"k":[0,0,0,9,0,0,50,90],"v":{"k":0,"w":3}},{"k":[2,0,0,0,0,50,0,0],"v":{"k":1,"w":3}},{"k":[1,0,0,0,0,50,0,0],"v":{"k":1,"w":3}},{"k":[0,0,0,0,0,50,0,0],"v":{"k":0,"w":3}},{"k":[6,0,0,0,0,50,0,0],"v":{"k":1,"w":3}},{"k":[5,0,0,0,0,50,0,0],"v":{"k":1,"w":3}},{"k":[4,0,0,0,0,50,0,0],"v":{"k":1,"w":3}},{"k":[3,0,0,0,0,50,0,0],"v":{"k":1,"w":3}},{"k":[14,0,0,0,0,50,0,0],"v":{"k":1,"w":3}},{"k":[10,0,0,0,0,50,0,0],"v":{"k":1,"w":3}},{"k":[13,0,0,0,0,50,0,0],"v":{"k":1,"w":3}},{"k":[9,0,0,0,0,50,0,0],"v":{"k":1,"w":3}},{"k":[12,0,0,0,0,50,0,0],"v":{"k":1,"w":3}},{"k":[8,0,0,0,0,50,0,0],"v":{"k":1,"w":3}},{"k":[11,0,0,0,0,50,0,0],"v":{"k":1,"w":3}},{"k":[7,0,0,0,0,50,0,0],"v":{"k":1,"w":3}},{"k":[0,0,0,0,0,0,50,90],"v":{"k":2,"w":3}},{"k":[15,0,0,0,0,50,0,0],"v":{"k":1,"w":3}}]}}