{"lands":{"autotiles":[],"floors":[{"k":[16,0,0,0,0],"v":{"t":[5,0]}},{"k":[18,0,0,6,0],"v":{"t":[5,0]}},{"k":[19,0,0,5,0],"v":{"t":[5,0]}},{"k":[21,0,0,3,0],"v":{"t":[5,0]}},{"k":[22,0,0,2,0],"v":{"t":[5,0]}},{"k":[17,0,0,7,0],"v":{"t":[5,0]}},{"k":[16,0,0,8,0],"v":{"t":[5,0]}},{"k":[20,0,0,4,0],"v":{"t":[7,0]}},{"k":[24,0,0,0,0],"v":{"t":[5,0]}},{"k":[23,0,0,1,0],"v":{"t":[5,0]}},{"k":[17,0,0,6,0],"v":{"t":[5,0]}},{"k":[18,0,0,5,0],"v":{"t":[5,0]}},{"k":[20,0,0,3,0],"v":{"t":[5,0]}},{"k":[21,0,0,2,0],"v":{"t":[5,0]}},{"k":[22,0,0,1,0],"v":{"t":[5,0]}},{"k":[16,0,0,7,0],"v":{"t":[5,0]}},{"k":[19,0,0,4,0],"v":{"t":[7,0]}},{"k":[23,0,0,0,0],"v":{"t":[5,0]}},{"k":[16,0,0,6,0],"v":{"t":[5,0]}},{"k":[17,0,0,5,0],"v":{"t":[5,0]}},{"k":[19,0,0,3,0],"v":{"t":[5,0]}},{"k":[20,0,0,2,0],"v":{"t":[5,0]}},{"k":[18,0,0,4,0],"v":{"t":[7,0]}},{"k":[21,0,0,1,0],"v":{"t":[5,0]}},{"k":[22,0,0,0,0],"v":{"t":[5,0]}},{"k":[18,0,0,3,1],"v":{"t":[4,2]}},{"k":[16,0,0,5,0],"v":{"t":[5,0]}},{"k":[18,0,0,3,0],"v":{"t":[5,0]}},{"k":[21,0,0,0,0],"v":{"t":[5,0]}},{"k":[17,0,0,4,0],"v":{"t":[7,0]}},{"k":[19,0,0,2,0],"v":{"t":[5,0]}},{"k":[20,0,0,1,0],"v":{"t":[5,0]}},{"k":[17,0,0,3,0],"v":{"t":[5,0]}},{"k":[20,0,0,0,0],"v":{"t":[5,0]}},{"k":[16,0,0,4,0],"v":{"t":[7,0]}},{"k":[18,0,0,2,0],"v":{"t":[5,0]}},{"k":[19,0,0,1,0],"v":{"t":[5,0]}},{"k":[16,0,0,3,0],"v":{"t":[5,0]}},{"k":[18,0,0,1,0],"v":{"t":[5,0]}},{"k":[19,0,0,0,0],"v":{"t":[5,0]}},{"k":[17,0,0,2,0],"v":{"t":[5,0]}},{"k":[17,0,0,1,1],"v":{"t":[5,2]}},{"k":[17,0,0,1,0],"v":{"t":[5,0]}},{"k":[18,0,0,0,0],"v":{"t":[5,0]}},{"k":[16,0,0,2,0],"v":{"t":[5,0]}},{"k":[17,0,0,0,0],"v":{"t":[5,0]}},{"k":[16,0,0,1,0],"v":{"t":[5,0]}},{"k":[26,0,0,6,0],"v":{"t":[5,0]}},{"k":[27,0,0,5,0],"v":{"t":[5,0]}},{"k":[25,0,0,7,0],"v":{"t":[5,0]}},{"k":[24,0,0,8,0],"v":{"t":[5,0]}},{"k":[23,0,0,9,0],"v":{"t":[5,0]}},{"k":[31,0,0,1,0],"v":{"t":[5,0]}},{"k":[28,0,0,4,0],"v":{"t":[7,0]}},{"k":[29,0,0,3,0],"v":{"t":[5,0]}},{"k":[30,0,0,2,0],"v":{"t":[5,0]}},{"k":[25,0,0,6,1],"v":{"t":[4,2]}},{"k":[25,0,0,6,0],"v":{"t":[5,0]}},{"k":[26,0,0,5,0],"v":{"t":[5,0]}},{"k":[24,0,0,7,0],"v":{"t":[5,0]}},{"k":[29,0,0,2,0],"v":{"t":[5,0]}},{"k":[23,0,0,8,0],"v":{"t":[5,0]}},{"k":[30,0,0,1,0],"v":{"t":[5,0]}},{"k":[22,0,0,9,0],"v":{"t":[5,0]}},{"k":[31,0,0,0,0],"v":{"t":[5,0]}},{"k":[27,0,0,4,0],"v":{"t":[7,0]}},{"k":[28,0,0,3,0],"v":{"t":[5,0]}},{"k":[24,0,0,6,0],"v":{"t":[5,0]}},{"k":[25,0,0,5,0],"v":{"t":[5,0]}},{"k":[28,0,0,2,0],"v":{"t":[5,0]}},{"k":[23,0,0,7,0],"v":{"t":[5,0]}},{"k":[29,0,0,1,0],"v":{"t":[5,0]}},{"k":[22,0,0,8,0],"v":{"t":[5,0]}},{"k":[30,0,0,0,0],"v":{"t":[5,0]}},{"k":[21,0,0,9,0],"v":{"t":[5,0]}},{"k":[26,0,0,4,0],"v":{"t":[7,0]}},{"k":[27,0,0,3,0],"v":{"t":[5,0]}},{"k":[23,0,0,6,0],"v":{"t":[5,0]}},{"k":[24,0,0,5,0],"v":{"t":[5,0]}},{"k":[26,0,0,3,0],"v":{"t":[5,0]}},{"k":[27,0,0,2,0],"v":{"t":[5,0]}},{"k":[28,0,0,1,0],"v":{"t":[5,0]}},{"k":[22,0,0,7,0],"v":{"t":[5,0]}},{"k":[29,0,0,0,0],"v":{"t":[5,0]}},{"k":[21,0,0,8,0],"v":{"t":[5,0]}},{"k":[20,0,0,9,0],"v":{"t":[5,0]}},{"k":[25,0,0,4,0],"v":{"t":[7,0]}},{"k":[22,0,0,6,0],"v":{"t":[5,0]}},{"k":[23,0,0,5,0],"v":{"t":[5,0]}},{"k":[25,0,0,3,0],"v":{"t":[5,0]}},{"k":[27,0,0,1,0],"v":{"t":[5,0]}},{"k":[28,0,0,0,0],"v":{"t":[5,0]}},{"k":[21,0,0,7,0],"v":{"t":[5,0]}},{"k":[20,0,0,8,0],"v":{"t":[5,0]}},{"k":[19,0,0,9,0],"v":{"t":[5,0]}},{"k":[24,0,0,4,0],"v":{"t":[7,0]}},{"k":[26,0,0,2,0],"v":{"t":[5,0]}},{"k":[21,0,0,6,0],"v":{"t":[5,0]}},{"k":[22,0,0,5,0],"v":{"t":[5,0]}},{"k":[24,0,0,3,0],"v":{"t":[5,0]}},{"k":[25,0,0,2,0],"v":{"t":[5,0]}},{"k":[27,0,0,0,0],"v":{"t":[5,0]}},{"k":[20,0,0,7,0],"v":{"t":[5,0]}},{"k":[19,0,0,8,0],"v":{"t":[5,0]}},{"k":[18,0,0,9,0],"v":{"t":[5,0]}},{"k":[23,0,0,4,0],"v":{"t":[7,0]}},{"k":[26,0,0,1,0],"v":{"t":[5,0]}},{"k":[24,0,0,2,1],"v":{"t":[5,2]}},{"k":[20,0,0,6,0],"v":{"t":[5,0]}},{"k":[21,0,0,5,0],"v":{"t":[5,0]}},{"k":[23,0,0,3,0],"v":{"t":[5,0]}},{"k":[24,0,0,2,0],"v":{"t":[5,0]}},{"k":[25,0,0,1,0],"v":{"t":[5,0]}},{"k":[19,0,0,7,0],"v":{"t":[5,0]}},{"k":[18,0,0,8,0],"v":{"t":[5,0]}},{"k":[17,0,0,9,0],"v":{"t":[5,0]}},{"k":[22,0,0,4,0],"v":{"t":[7,0]}},{"k":[26,0,0,0,0],"v":{"t":[5,0]}},{"k":[19,0,0,6,0],"v":{"t":[5,0]}},{"k":[20,0,0,5,0],"v":{"t":[5,0]}},{"k":[22,0,0,3,0],"v":{"t":[5,0]}},{"k":[23,0,0,2,0],"v":{"t":[5,0]}},{"k":[24,0,0,1,0],"v":{"t":[5,0]}},{"k":[18,0,0,7,0],"v":{"t":[5,0]}},{"k":[17,0,0,8,0],"v":{"t":[5,0]}},{"k":[16,0,0,9,0],"v":{"t":[5,0]}},{"k":[21,0,0,4,0],"v":{"t":[7,0]}},{"k":[25,0,0,0,0],"v":{"t":[5,0]}},{"k":[31,0,0,9,0],"v":{"t":[5,0]}},{"k":[31,0,0,8,0],"v":{"t":[5,0]}},{"k":[30,0,0,9,0],"v":{"t":[5,0]}},{"k":[31,0,0,7,0],"v":{"t":[5,0]}},{"k":[30,0,0,8,0],"v":{"t":[5,0]}},{"k":[29,0,0,9,0],"v":{"t":[5,0]}},{"k":[31,0,0,6,0],"v":{"t":[5,0]}},{"k":[30,0,0,7,0],"v":{"t":[5,0]}},{"k":[29,0,0,8,0],"v":{"t":[5,0]}},{"k":[28,0,0,9,0],"v":{"t":[5,0]}},{"k":[30,0,0,6,0],"v":{"t":[5,0]}},{"k":[29,0,0,7,0],"v":{"t":[5,0]}},{"k":[28,0,0,8,0],"v":{"t":[5,0]}},{"k":[27,0,0,9,0],"v":{"t":[5,0]}},{"k":[31,0,0,5,0],"v":{"t":[5,0]}},{"k":[29,0,0,6,0],"v":{"t":[5,0]}},{"k":[28,0,0,7,0],"v":{"t":[5,0]}},{"k":[27,0,0,8,0],"v":{"t":[5,0]}},{"k":[30,0,0,5,0],"v":{"t":[5,0]}},{"k":[26,0,0,9,0],"v":{"t":[5,0]}},{"k":[31,0,0,4,0],"v":{"t":[7,0]}},{"k":[26,0,0,8,1],"v":{"t":[5,2]}},{"k":[28,0,0,6,0],"v":{"t":[5,0]}},{"k":[27,0,0,7,0],"v":{"t":[5,0]}},{"k":[29,0,0,5,0],"v":{"t":[5,0]}},{"k":[26,0,0,8,0],"v":{"t":[5,0]}},{"k":[25,0,0,9,0],"v":{"t":[5,0]}},{"k":[31,0,0,3,0],"v":{"t":[5,0]}},{"k":[30,0,0,4,0],"v":{"t":[7,0]}},{"k":[27,0,0,6,0],"v":{"t":[5,0]}},{"k":[28,0,0,5,0],"v":{"t":[5,0]}},{"k":[26,0,0,7,0],"v":{"t":[5,0]}},{"k":[25,0,0,8,0],"v":{"t":[5,0]}},{"k":[24,0,0,9,0],"v":{"t":[5,0]}},{"k":[29,0,0,4,0],"v":{"t":[7,0]}},{"k":[30,0,0,3,0],"v":{"t":[5,0]}},{"k":[31,0,0,2,0],"v":{"t":[5,0]}}]},"moun":{"a":[],"o":[]},"objs":{"list":[{"k":[17,0,0,2,0],"v":{"events":[{"id":1,"name":"Hero action","p":[],"r":{"1":{"bh":true,"c":[{"command":[8,"",-1,0,0,1,"Hare Krishna, Hare Krishna, Krishna Krishna, Hare Hare\nHare Rama, Hare Rama, Rama Rama, Hare Hare"],"kind":1}]}},"sys":false}],"hId":-1,"id":4,"name":"OBJ0004","ooepf":false,"states":[{"cam":true,"climb":false,"dir":false,"gid":57,"gk":4,"id":1,"move":true,"name":"Normal","omk":1,"pix":true,"pos":false,"s":3,"stop":false,"sx":{"k":12,"v":1},"sy":{"k":12,"v":1},"sz":{"k":12,"v":1},"through":false,"x":0,"y":0}]}}]},"objs3d":{"a":[],"o":[]},"sprites":{"list":[{"k":[28,0,0,8,0],"v":{"k":6,"t":[2,1,2,2]}},{"k":[22,0,0,2,0],"v":{"k":5,"t":[7,5,1,1]}},{"k":[20,0,0,2,0],"v":{"k":6,"t":[2,1,2,2]}},{"k":[30,0,0,1,0],"v":{"k":5,"t":[7,5,1,1]}},{"k":[24,0,0,7,0],"v":{"k":4,"t":[3,3,1,1]}},{"k":[28,0,0,2,0],"v":{"k":6,"t":[0,8,2,3]}},{"k":[22,0,0,8,0],"v":{"k":4,"t":[2,8,1,1]}},{"k":[21,0,0,7,0],"v":{"k":5,"t":[6,2,2,1]}},{"k":[26,0,0,2,0],"v":{"k":4,"t":[2,8,1,1]}},{"k":[18,0,0,8,0],"v":{"k":6,"t":[0,8,2,3]}},{"k":[24,0,0,1,0],"v":{"k":5,"t":[6,2,2,1]}},{"k":[19,0,0,6,0],"v":{"k":5,"t":[7,5,1,1]}},{"k":[30,0,0,7,0],"v":{"k":5,"t":[7,5,1,1]}}],"overflow":[],"walls":[{"k":[26,0,0,0,0,50,0,0],"v":{"k":1,"w":3}},{"k":[25,0,0,0,0,50,0,0],"v":{"k":1,"w":3}},{"k":[24,0,0,0,0,50,0,0],"v":{"k":1,"w":3}},{"k":[23,0,0,0,0,50,0,0],"v":{"k":1,"w":3}},{"k":[22,0,0,0,0,50,0,0],"v":{"k":1,"w":3}},{"k":[21,0,0,0,0,50,0,0],"v":{"k":1,"w":3}},{"k":[20,0,0,0,0,50,0,0],"v":{"k":1,"w":3}},{"k":[19,0,0,0,0,50,0,0],"v":{"k":1,"w":3}},{"k":[18,0,0,0,0,50,0,0],"v":{"k":1,"w":3}},{"k":[17,0,0,0,0,50,0,0],"v":{"k":1,"w":3}},{"k":[16,0,0,0,0,50,0,0],"v":{"k":1,"w":3}},{"k":[31,0,0,0,0,50,0,0],"v":{"k":1,"w":3}},{"k":[30,0,0,0,0,50,0,0],"v":{"k":1,"w":3}},{"k":[29,0,0,0,0,50,0,0],"v":{"k":1,"w":3}},{"k":[28,0,0,0,0,50,0,0],"v":{"k":1,"w":3}},{"k":[27,0,0,0,0,50,0,0],"v":{"k":1,"w":3}}]}}