{"lands":{"autotiles":[],"floors":[{"k":[47,0,0,9,0],"v":{"t":[5,0]}},{"k":[47,0,0,8,0],"v":{"t":[5,0]}},{"k":[46,0,0,9,0],"v":{"t":[5,0]}},{"k":[47,0,0,7,0],"v":{"t":[5,0]}},{"k":[46,0,0,8,0],"v":{"t":[5,0]}},{"k":[45,0,0,9,0],"v":{"t":[5,0]}},{"k":[47,0,0,6,0],"v":{"t":[5,0]}},{"k":[46,0,0,7,0],"v":{"t":[5,0]}},{"k":[45,0,0,8,0],"v":{"t":[5,0]}},{"k":[44,0,0,9,0],"v":{"t":[5,0]}},{"k":[45,0,0,7,1],"v":{"t":[4,2]}},{"k":[46,0,0,6,0],"v":{"t":[5,0]}},{"k":[45,0,0,7,0],"v":{"t":[5,0]}},{"k":[44,0,0,8,0],"v":{"t":[5,0]}},{"k":[43,0,0,9,0],"v":{"t":[5,0]}},{"k":[47,0,0,5,0],"v":{"t":[5,0]}},{"k":[45,0,0,6,0],"v":{"t":[5,0]}},{"k":[44,0,0,7,0],"v":{"t":[5,0]}},{"k":[43,0,0,8,0],"v":{"t":[5,0]}},{"k":[42,0,0,9,0],"v":{"t":[5,0]}},{"k":[46,0,0,5,0],"v":{"t":[5,0]}},{"k":[47,0,0,4,0],"v":{"t":[0,6]}},{"k":[44,0,0,6,0],"v":{"t":[5,0]}},{"k":[43,0,0,7,0],"v":{"t":[5,0]}},{"k":[42,0,0,8,0],"v":{"t":[5,0]}},{"k":[41,0,0,9,0],"v":{"t":[5,0]}},{"k":[45,0,0,5,0],"v":{"t":[5,0]}},{"k":[47,0,0,3,0],"v":{"t":[5,0]}},{"k":[46,0,0,4,0],"v":{"t":[7,0]}},{"k":[46,0,0,3,1],"v":{"t":[5,2]}},{"k":[43,0,0,6,0],"v":{"t":[5,0]}},{"k":[42,0,0,7,0],"v":{"t":[5,0]}},{"k":[41,0,0,8,0],"v":{"t":[5,0]}},{"k":[40,0,0,9,0],"v":{"t":[5,0]}},{"k":[44,0,0,5,0],"v":{"t":[5,0]}},{"k":[46,0,0,3,0],"v":{"t":[5,0]}},{"k":[45,0,0,4,0],"v":{"t":[7,0]}},{"k":[47,0,0,2,0],"v":{"t":[5,0]}},{"k":[42,0,0,6,0],"v":{"t":[5,0]}},{"k":[41,0,0,7,0],"v":{"t":[5,0]}},{"k":[40,0,0,8,0],"v":{"t":[5,0]}},{"k":[39,0,0,9,0],"v":{"t":[5,0]}},{"k":[43,0,0,5,0],"v":{"t":[5,0]}},{"k":[45,0,0,3,0],"v":{"t":[5,0]}},{"k":[44,0,0,4,0],"v":{"t":[7,0]}},{"k":[46,0,0,2,0],"v":{"t":[5,0]}},{"k":[47,0,0,1,0],"v":{"t":[5,0]}},{"k":[41,0,0,6,0],"v":{"t":[5,0]}},{"k":[40,0,0,7,0],"v":{"t":[5,0]}},{"k":[39,0,0,8,0],"v":{"t":[5,0]}},{"k":[38,0,0,9,0],"v":{"t":[5,0]}},{"k":[42,0,0,5,0],"v":{"t":[5,0]}},{"k":[44,0,0,3,0],"v":{"t":[5,0]}},{"k":[46,0,0,1,0],"v":{"t":[5,0]}},{"k":[47,0,0,0,0],"v":{"t":[5,0]}},{"k":[43,0,0,4,0],"v":{"t":[7,0]}},{"k":[45,0,0,2,0],"v":{"t":[5,0]}},{"k":[40,0,0,6,0],"v":{"t":[5,0]}},{"k":[39,0,0,7,0],"v":{"t":[5,0]}},{"k":[38,0,0,8,0],"v":{"t":[5,0]}},{"k":[37,0,0,9,0],"v":{"t":[5,0]}},{"k":[41,0,0,5,0],"v":{"t":[5,0]}},{"k":[43,0,0,3,0],"v":{"t":[5,0]}},{"k":[44,0,0,2,0],"v":{"t":[5,0]}},{"k":[46,0,0,0,0],"v":{"t":[5,0]}},{"k":[42,0,0,4,0],"v":{"t":[7,0]}},{"k":[45,0,0,1,0],"v":{"t":[5,0]}},{"k":[39,0,0,6,0],"v":{"t":[5,0]}},{"k":[38,0,0,7,0],"v":{"t":[5,0]}},{"k":[37,0,0,8,0],"v":{"t":[5,0]}},{"k":[36,0,0,9,0],"v":{"t":[5,0]}},{"k":[40,0,0,5,0],"v":{"t":[5,0]}},{"k":[42,0,0,3,0],"v":{"t":[5,0]}},{"k":[43,0,0,2,0],"v":{"t":[5,0]}},{"k":[45,0,0,0,0],"v":{"t":[5,0]}},{"k":[41,0,0,4,0],"v":{"t":[7,0]}},{"k":[44,0,0,1,0],"v":{"t":[5,0]}},{"k":[38,0,0,6,0],"v":{"t":[5,0]}},{"k":[37,0,0,7,0],"v":{"t":[5,0]}},{"k":[36,0,0,8,0],"v":{"t":[5,0]}},{"k":[35,0,0,9,0],"v":{"t":[5,0]}},{"k":[39,0,0,5,0],"v":{"t":[5,0]}},{"k":[41,0,0,3,0],"v":{"t":[5,0]}},{"k":[42,0,0,2,0],"v":{"t":[5,0]}},{"k":[44,0,0,0,0],"v":{"t":[5,0]}},{"k":[40,0,0,4,0],"v":{"t":[7,0]}},{"k":[43,0,0,1,0],"v":{"t":[5,0]}},{"k":[42,0,0,1,1],"v":{"t":[5,2]}},{"k":[37,0,0,6,0],"v":{"t":[5,0]}},{"k":[36,0,0,7,0],"v":{"t":[5,0]}},{"k":[35,0,0,8,0],"v":{"t":[5,0]}},{"k":[34,0,0,9,0],"v":{"t":[5,0]}},{"k":[38,0,0,5,0],"v":{"t":[5,0]}},{"k":[40,0,0,3,0],"v":{"t":[5,0]}},{"k":[41,0,0,2,0],"v":{"t":[5,0]}},{"k":[43,0,0,0,0],"v":{"t":[5,0]}},{"k":[39,0,0,4,0],"v":{"t":[7,0]}},{"k":[42,0,0,1,0],"v":{"t":[5,0]}},{"k":[36,0,0,6,0],"v":{"t":[5,0]}},{"k":[35,0,0,7,0],"v":{"t":[5,0]}},{"k":[34,0,0,8,0],"v":{"t":[5,0]}},{"k":[33,0,0,9,0],"v":{"t":[5,0]}},{"k":[37,0,0,5,0],"v":{"t":[5,0]}},{"k":[39,0,0,3,0],"v":{"t":[5,0]}},{"k":[40,0,0,2,0],"v":{"t":[5,0]}},{"k":[41,0,0,1,0],"v":{"t":[5,0]}},{"k":[38,0,0,4,0],"v":{"t":[7,0]}},{"k":[42,0,0,0,0],"v":{"t":[5,0]}},{"k":[34,0,0,7,1],"v":{"t":[5,2]}},{"k":[35,0,0,6,0],"v":{"t":[5,0]}},{"k":[34,0,0,7,0],"v":{"t":[5,0]}},{"k":[33,0,0,8,0],"v":{"t":[5,0]}},{"k":[32,0,0,9,0],"v":{"t":[5,0]}},{"k":[36,0,0,5,0],"v":{"t":[5,0]}},{"k":[38,0,0,3,0],"v":{"t":[5,0]}},{"k":[39,0,0,2,0],"v":{"t":[5,0]}},{"k":[40,0,0,1,0],"v":{"t":[5,0]}},{"k":[37,0,0,4,0],"v":{"t":[7,0]}},{"k":[41,0,0,0,0],"v":{"t":[5,0]}},{"k":[34,0,0,6,0],"v":{"t":[5,0]}},{"k":[33,0,0,7,0],"v":{"t":[5,0]}},{"k":[32,0,0,8,0],"v":{"t":[5,0]}},{"k":[35,0,0,5,0],"v":{"t":[5,0]}},{"k":[37,0,0,3,0],"v":{"t":[5,0]}},{"k":[38,0,0,2,0],"v":{"t":[5,0]}},{"k":[39,0,0,1,0],"v":{"t":[5,0]}},{"k":[36,0,0,4,0],"v":{"t":[7,0]}},{"k":[40,0,0,0,0],"v":{"t":[5,0]}},{"k":[33,0,0,6,0],"v":{"t":[5,0]}},{"k":[32,0,0,7,0],"v":{"t":[5,0]}},{"k":[34,0,0,5,0],"v":{"t":[5,0]}},{"k":[36,0,0,3,0],"v":{"t":[5,0]}},{"k":[37,0,0,2,0],"v":{"t":[5,0]}},{"k":[38,0,0,1,0],"v":{"t":[5,0]}},{"k":[35,0,0,4,0],"v":{"t":[7,0]}},{"k":[39,0,0,0,0],"v":{"t":[5,0]}},{"k":[36,0,0,2,1],"v":{"t":[4,2]}},{"k":[32,0,0,6,0],"v":{"t":[5,0]}},{"k":[33,0,0,5,0],"v":{"t":[5,0]}},{"k":[35,0,0,3,0],"v":{"t":[5,0]}},{"k":[36,0,0,2,0],"v":{"t":[5,0]}},{"k":[37,0,0,1,0],"v":{"t":[5,0]}},{"k":[34,0,0,4,0],"v":{"t":[7,0]}},{"k":[38,0,0,0,0],"v":{"t":[5,0]}},{"k":[32,0,0,5,0],"v":{"t":[5,0]}},{"k":[34,0,0,3,0],"v":{"t":[5,0]}},{"k":[35,0,0,2,0],"v":{"t":[5,0]}},{"k":[36,0,0,1,0],"v":{"t":[5,0]}},{"k":[33,0,0,4,0],"v":{"t":[7,0]}},{"k":[37,0,0,0,0],"v":{"t":[3,4]}},{"k":[33,0,0,3,0],"v":{"t":[5,0]}},{"k":[32,0,0,4,0],"v":{"t":[7,0]}},{"k":[34,0,0,2,0],"v":{"t":[5,0]}},{"k":[35,0,0,1,0],"v":{"t":[5,0]}},{"k":[36,0,0,0,0],"v":{"t":[5,0]}},{"k":[32,0,0,3,0],"v":{"t":[5,0]}},{"k":[35,0,0,0,0],"v":{"t":[5,0]}},{"k":[33,0,0,2,0],"v":{"t":[5,0]}},{"k":[34,0,0,1,0],"v":{"t":[5,0]}},{"k":[33,0,0,1,0],"v":{"t":[5,0]}},{"k":[34,0,0,0,0],"v":{"t":[5,0]}},{"k":[32,0,0,2,0],"v":{"t":[5,0]}},{"k":[32,0,0,1,0],"v":{"t":[5,0]}},{"k":[33,0,0,0,0],"v":{"t":[5,0]}},{"k":[32,0,0,0,0],"v":{"t":[5,0]}}]},"moun":{"a":[],"o":[]},"objs":{"list":[]},"objs3d":{"a":[],"o":[]},"sprites":{"list":[{"k":[40,0,0,2,0],"v":{"k":6,"t":[0,8,2,3]}},{"k":[37,0,0,1,0],"v":{"k":5,"t":[7,5,1,1]}},{"k":[35,0,0,1,0],"v":{"k":4,"t":[2,3,1,1]}},{"k":[33,0,0,1,0],"v":{"k":6,"t":[2,1,2,2]}},{"k":[42,0,0,8,0],"v":{"k":4,"t":[2,3,1,1]}},{"k":[38,0,0,8,0],"v":{"k":6,"t":[0,8,2,3]}},{"k":[44,0,0,1,0],"v":{"k":6,"t":[2,1,2,2]}},{"k":[36,0,0,9,0],"v":{"k":5,"t":[7,5,1,1]}}],"overflow":[],"walls":[{"k":[42,0,0,0,0,50,0,0],"v":{"k":1,"w":3}},{"k":[41,0,0,0,0,50,0,0],"v":{"k":1,"w":3}},{"k":[40,0,0,0,0,50,0,0],"v":{"k":1,"w":3}},{"k":[39,0,0,0,0,50,0,0],"v":{"k":1,"w":3}},{"k":[38,0,0,0,0,50,0,0],"v":{"k":1,"w":3}},{"k":[37,0,0,0,0,50,0,0],"v":{"k":1,"w":3}},{"k":[36,0,0,0,0,50,0,0],"v":{"k":1,"w":3}},{"k":[35,0,0,0,0,50,0,0],"v":{"k":1,"w":3}},{"k":[47,0,0,0,0,50,0,0],"v":{"k":1,"w":3}},{"k":[34,0,0,0,0,50,0,0],"v":{"k":1,"w":3}},{"k":[46,0,0,0,0,50,0,0],"v":{"k":1,"w":3}},{"k":[33,0,0,0,0,50,0,0],"v":{"k":1,"w":3}},{"k":[45,0,0,0,0,50,0,0],"v":{"k":1,"w":3}},{"k":[32,0,0,0,0,50,0,0],"v":{"k":1,"w":3}},{"k":[44,0,0,0,0,50,0,0],"v":{"k":1,"w":3}},{"k":[43,0,0,0,0,50,0,0],"v":{"k":1,"w":3}}]}}