{"lands":{"autotiles":[],"floors":[{"k":[48,0,0,0,0],"v":{"t":[5,0]}},{"k":[49,0,0,3,0],"v":{"t":[5,0]}},{"k":[48,0,0,4,0],"v":{"t":[1,6]}},{"k":[48,0,0,3,0],"v":{"t":[5,0]}},{"k":[49,0,0,2,0],"v":{"t":[5,0]}},{"k":[48,0,0,2,0],"v":{"t":[5,0]}},{"k":[49,0,0,1,0],"v":{"t":[5,0]}},{"k":[49,0,0,0,0],"v":{"t":[5,0]}},{"k":[48,0,0,1,0],"v":{"t":[5,0]}},{"k":[49,0,0,7,0],"v":{"t":[5,0]}},{"k":[48,0,0,8,0],"v":{"t":[5,0]}},{"k":[48,0,0,7,1],"v":{"t":[5,2]}},{"k":[49,0,0,9,0],"v":{"t":[5,0]}},{"k":[49,0,0,6,0],"v":{"t":[5,0]}},{"k":[48,0,0,7,0],"v":{"t":[5,0]}},{"k":[49,0,0,8,0],"v":{"t":[5,0]}},{"k":[48,0,0,9,0],"v":{"t":[5,0]}},{"k":[48,0,0,6,0],"v":{"t":[5,0]}},{"k":[49,0,0,5,0],"v":{"t":[5,0]}},{"k":[48,0,0,5,0],"v":{"t":[5,0]}},{"k":[49,0,0,4,0],"v":{"t":[2,6]}}]},"moun":{"a":[],"o":[]},"objs":{"list":[{"k":[49,0,0,4,0],"v":{"events":[{"id":1,"name":"Hero action","p":[],"r":{"1":{"bh":true,"c":[{"command":[8,"",4,1,1,1,"I am guarding the beast chamber.  You cannot visit the beast."],"kind":1},{"children":[{"command":[3,2,3,5,"-",1,"give valentine?","-",1,"No"],"kind":31},{"children":[{"command":[8,"",-1,0,0,1,"this document is not addressed to me..."],"kind":1},{"command":[8,"",-1,0,0,1,"yet i am deeply moved..."],"kind":1},{"command":[0,7,43,2,3,1],"kind":13}],"command":[1],"kind":32},{"children":[],"command":[2],"kind":32},{"command":[],"kind":33}],"command":[0,3,7,43,0,12,1],"kind":8},{"command":[],"kind":10}]}},"sys":false}],"hId":-1,"id":2,"name":"red","ooepf":false,"states":[{"cam":true,"climb":false,"dir":false,"gid":86,"gk":4,"id":1,"move":true,"name":"Normal","pix":true,"pos":false,"stop":false,"sx":{"k":12,"v":0.7},"sy":{"k":12,"v":0.7},"sz":{"k":12,"v":1},"through":false,"x":0,"y":0}]}}]},"objs3d":{"a":[],"o":[]},"sprites":{"list":[],"overflow":[],"walls":[{"k":[49,0,0,6,0,100,50,90],"v":{"k":1,"w":3}},{"k":[49,0,0,5,0,100,50,90],"v":{"k":2,"w":3}},{"k":[49,0,0,9,0,100,50,90],"v":{"k":0,"w":3}},{"k":[49,0,0,8,0,100,50,90],"v":{"k":1,"w":3}},{"k":[49,0,0,0,0,50,0,0],"v":{"k":2,"w":3}},{"k":[48,0,0,0,0,50,0,0],"v":{"k":1,"w":3}},{"k":[49,0,0,3,0,100,50,90],"v":{"k":0,"w":3}},{"k":[49,0,0,2,0,100,50,90],"v":{"k":1,"w":3}},{"k":[49,0,0,1,0,100,50,90],"v":{"k":1,"w":3}},{"k":[49,0,0,0,0,100,50,90],"v":{"k":2,"w":3}},{"k":[49,0,0,7,0,100,50,90],"v":{"k":1,"w":3}}]}}