{"bgs":{"id":-1,"ie":false,"is":false,"name":"<None>","v":{"k":3,"v":100}},"d":0,"h":16,"id":12,"ipid":24,"isi":true,"isky":false,"l":50,"music":{"id":14,"ie":false,"is":false,"name":"dark song - 2:27:23, 10.02 PM.mp3","v":{"k":3,"v":56}},"names":{"1":"road to beast"},"of3d":[],"ofmoun":[],"ofsprites":[{"k":[0,0,0],"v":[[16,0,0,2,0]]},{"k":[1,0,0],"v":[[32,0,0,1,0]]},{"k":[2,0,0],"v":[[48,0,0,8,0]]}],"so":{"events":[{"id":1,"name":"Time","p":[{"id":1,"name":"Interval","v":{"k":2,"v":null}},{"id":2,"name":"Repeat","v":{"k":10,"v":false}}],"r":{"1":{"bh":true,"c":[]}},"sys":true}],"hId":-1,"id":1,"name":"","ooepf":false,"states":[{"cam":false,"climb":false,"dir":false,"gid":-1,"gk":0,"id":1,"move":false,"name":"Normal","pix":false,"pos":false,"stop":false,"sx":{"k":12,"v":1},"sy":{"k":12,"v":1},"sz":{"k":12,"v":1},"through":false,"x":0,"y":0}]},"tileset":2,"w":10}