{"armors":[{"battleMessage":{"id":-1,"names":{"1":""}},"car":[{"o":false,"svid":{"k":7,"v":10},"u":false,"v":{"k":3,"v":2}}],"d":{"id":-1,"names":{"1":"A bronze helmet"}},"id":1,"names":{"1":"Bronze Helmet"},"p":[{"k":1,"vf":{"k":8,"v":"10"}}],"pid":4},{"battleMessage":{"id":-1,"names":{"1":""}},"car":[{"o":false,"svid":{"k":7,"v":10},"u":false,"v":{"k":3,"v":3}}],"d":{"id":-1,"names":{"1":"A bronze mail"}},"id":2,"names":{"1":"Bronze Mail"},"p":[{"k":1,"vf":{"k":8,"v":"50"}}],"pictureIndexX":1,"pid":4,"t":3},{"battleMessage":{"id":-1,"names":{"1":""}},"car":[{"o":false,"svid":{"k":7,"v":10},"u":false,"v":{"k":3,"v":2}}],"d":{"id":-1,"names":{"1":"A bronze vambraces"}},"id":3,"names":{"1":"Bronze Vambraces"},"p":[{"k":1,"vf":{"k":8,"v":"40"}}],"pictureIndexX":2,"pid":4,"t":5},{"battleMessage":{"id":-1,"names":{"1":""}},"car":[{"o":false,"svid":{"k":7,"v":10},"u":false,"v":{"k":3,"v":2}}],"d":{"id":-1,"names":{"1":"A bronze greaves"}},"id":4,"names":{"1":"Bronze Greaves"},"p":[{"k":1,"vf":{"k":8,"v":"30"}}],"pictureIndexX":3,"pid":4,"t":7},{"battleMessage":{"id":-1,"names":{"1":""}},"car":[{"o":false,"svid":{"k":7,"v":10},"u":false,"v":{"k":3,"v":2}}],"d":{"id":-1,"names":{"1":"A cotton headgear"}},"id":5,"names":{"1":"Cotton headgear"},"p":[{"k":1,"vf":{"k":8,"v":"10"}}],"pictureIndexY":4,"pid":4,"t":2},{"battleMessage":{"id":-1,"names":{"1":""}},"car":[{"o":false,"svid":{"k":7,"v":10},"u":false,"v":{"k":3,"v":3}}],"d":{"id":-1,"names":{"1":"A cotton vest"}},"id":6,"names":{"1":"Cotton vest"},"p":[{"k":1,"vf":{"k":8,"v":"50"}}],"pictureIndexX":1,"pictureIndexY":4,"pid":4,"t":4},{"battleMessage":{"id":-1,"names":{"1":""}},"car":[{"o":false,"svid":{"k":7,"v":10},"u":false,"v":{"k":3,"v":2}}],"d":{"id":-1,"names":{"1":"A cotton gloves"}},"id":7,"names":{"1":"Cotton gloves"},"p":[{"k":1,"vf":{"k":8,"v":"40"}}],"pictureIndexX":2,"pictureIndexY":4,"pid":4,"t":6},{"battleMessage":{"id":-1,"names":{"1":""}},"car":[{"o":false,"svid":{"k":7,"v":10},"u":false,"v":{"k":3,"v":2}}],"d":{"id":-1,"names":{"1":"A cotton trousers"}},"id":8,"names":{"1":"Cotton trousers"},"p":[{"k":1,"vf":{"k":8,"v":"30"}}],"pictureIndexX":3,"pictureIndexY":4,"pid":4,"t":7},{"battleMessage":{"id":-1,"names":{"1":""}},"car":[{"o":false,"svid":{"k":7,"v":10},"u":false,"v":{"k":3,"v":3}}],"d":{"id":-1,"names":{"1":"A silver helmet"}},"id":9,"names":{"1":"Silver helmet"},"p":[{"k":1,"vf":{"k":8,"v":"100"}}],"pictureIndexY":1,"pid":4},{"battleMessage":{"id":-1,"names":{"1":""}},"car":[{"o":false,"svid":{"k":7,"v":10},"u":false,"v":{"k":3,"v":5}}],"d":{"id":-1,"names":{"1":"A silver mail"}},"id":10,"names":{"1":"Silver mail"},"p":[{"k":1,"vf":{"k":8,"v":"500"}}],"pictureIndexX":1,"pictureIndexY":1,"pid":4,"t":3},{"battleMessage":{"id":-1,"names":{"1":""}},"car":[{"o":false,"svid":{"k":7,"v":10},"u":false,"v":{"k":3,"v":3}}],"d":{"id":-1,"names":{"1":"A silver vambraces"}},"id":11,"names":{"1":"Silver vambraces"},"p":[{"k":1,"vf":{"k":8,"v":"400"}}],"pictureIndexX":2,"pictureIndexY":1,"pid":4,"t":5},{"battleMessage":{"id":-1,"names":{"1":""}},"car":[{"o":false,"svid":{"k":7,"v":10},"u":false,"v":{"k":3,"v":3}}],"d":{"id":-1,"names":{"1":"A silver greaves"}},"id":12,"names":{"1":"Silver greaves"},"p":[{"k":1,"vf":{"k":8,"v":"300"}}],"pictureIndexX":3,"pictureIndexY":1,"pid":4,"t":7},{"battleMessage":{"id":-1,"names":{"1":""}},"car":[{"o":false,"svid":{"k":7,"v":10},"u":false,"v":{"k":3,"v":3}}],"d":{"id":-1,"names":{"1":"A leather headgear"}},"id":13,"names":{"1":"Leather headgear"},"p":[{"k":1,"vf":{"k":8,"v":"100"}}],"pictureIndexY":4,"pid":4,"t":2},{"battleMessage":{"id":-1,"names":{"1":""}},"car":[{"o":false,"svid":{"k":7,"v":10},"u":false,"v":{"k":3,"v":5}}],"d":{"id":-1,"names":{"1":"A leather vest"}},"id":14,"names":{"1":"Leather vest"},"p":[{"k":1,"vf":{"k":8,"v":"500"}}],"pictureIndexX":1,"pictureIndexY":4,"pid":4,"t":4},{"battleMessage":{"id":-1,"names":{"1":""}},"car":[{"o":false,"svid":{"k":7,"v":10},"u":false,"v":{"k":3,"v":3}}],"d":{"id":-1,"names":{"1":"A leather gloves"}},"id":15,"names":{"1":"Leather gloves"},"p":[{"k":1,"vf":{"k":8,"v":"400"}}],"pictureIndexX":2,"pictureIndexY":4,"pid":4,"t":6},{"battleMessage":{"id":-1,"names":{"1":""}},"car":[{"o":false,"svid":{"k":7,"v":10},"u":false,"v":{"k":3,"v":3}}],"d":{"id":-1,"names":{"1":"A leather trousers"}},"id":16,"names":{"1":"Leather trousers"},"p":[{"k":1,"vf":{"k":8,"v":"300"}}],"pictureIndexX":3,"pictureIndexY":4,"pid":4,"t":7},{"battleMessage":{"id":-1,"names":{"1":""}},"car":[{"o":false,"svid":{"k":7,"v":10},"u":false,"v":{"k":3,"v":10}}],"d":{"id":-1,"names":{"1":"A gold helmet"}},"id":17,"names":{"1":"Gold helmet"},"p":[{"k":1,"vf":{"k":8,"v":"1000"}}],"pictureIndexY":2,"pid":4},{"battleMessage":{"id":-1,"names":{"1":""}},"car":[{"o":false,"svid":{"k":7,"v":10},"u":false,"v":{"k":3,"v":15}}],"d":{"id":-1,"names":{"1":"A gold mail"}},"id":18,"names":{"1":"Gold mail"},"p":[{"k":1,"vf":{"k":8,"v":"5000"}}],"pictureIndexX":1,"pictureIndexY":2,"pid":4,"t":3},{"battleMessage":{"id":-1,"names":{"1":""}},"car":[{"o":false,"svid":{"k":7,"v":10},"u":false,"v":{"k":3,"v":10}}],"d":{"id":-1,"names":{"1":"A gold vambraces"}},"id":19,"names":{"1":"Gold vambraces"},"p":[{"k":1,"vf":{"k":8,"v":"4000"}}],"pictureIndexX":2,"pictureIndexY":2,"pid":4,"t":5},{"battleMessage":{"id":-1,"names":{"1":""}},"car":[{"o":false,"svid":{"k":7,"v":10},"u":false,"v":{"k":3,"v":10}}],"d":{"id":-1,"names":{"1":"A gold greaves"}},"id":20,"names":{"1":"Gold greaves"},"p":[{"k":1,"vf":{"k":8,"v":"3000"}}],"pictureIndexX":3,"pictureIndexY":2,"pid":4,"t":7},{"battleMessage":{"id":-1,"names":{"1":""}},"car":[{"o":false,"svid":{"k":7,"v":11},"u":false,"v":{"k":3,"v":10}}],"d":{"id":-1,"names":{"1":"A luxurious headgear"}},"id":21,"names":{"1":"Luxurious headgear"},"p":[{"k":1,"vf":{"k":8,"v":"1000"}}],"pictureIndexY":6,"pid":4,"t":2},{"battleMessage":{"id":-1,"names":{"1":""}},"car":[{"o":false,"svid":{"k":7,"v":11},"u":false,"v":{"k":3,"v":15}}],"d":{"id":-1,"names":{"1":"A luxurious vest"}},"id":22,"names":{"1":"Luxurious vest"},"p":[{"k":1,"vf":{"k":8,"v":"5000"}}],"pictureIndexX":1,"pictureIndexY":6,"pid":4,"t":4},{"battleMessage":{"id":-1,"names":{"1":""}},"car":[{"o":false,"svid":{"k":7,"v":11},"u":false,"v":{"k":3,"v":10}}],"d":{"id":-1,"names":{"1":"A luxurious gloves"}},"id":23,"names":{"1":"Luxurious gloves"},"p":[{"k":1,"vf":{"k":8,"v":"4000"}}],"pictureIndexX":2,"pictureIndexY":6,"pid":4,"t":6},{"battleMessage":{"id":-1,"names":{"1":""}},"car":[{"o":false,"svid":{"k":7,"v":11},"u":false,"v":{"k":3,"v":10}}],"d":{"id":-1,"names":{"1":"A luxurious trousers"}},"id":24,"names":{"1":"Luxurious trousers"},"p":[{"k":1,"vf":{"k":8,"v":"3000"}}],"pictureIndexX":3,"pictureIndexY":6,"pid":4,"t":7},{"battleMessage":{"id":-1,"names":{"1":""}},"car":[{"o":false,"svid":{"k":7,"v":10},"u":false,"v":{"k":3,"v":30}}],"d":{"id":-1,"names":{"1":"A diamond helmet"}},"id":25,"names":{"1":"Diamond helmet"},"p":[{"k":1,"vf":{"k":8,"v":"10000"}}],"pictureIndexY":3,"pid":4},{"battleMessage":{"id":-1,"names":{"1":""}},"car":[{"o":false,"svid":{"k":7,"v":10},"u":false,"v":{"k":3,"v":50}}],"d":{"id":-1,"names":{"1":"A diamond mail"}},"id":26,"names":{"1":"Diamond mail"},"p":[{"k":1,"vf":{"k":8,"v":"50000"}}],"pictureIndexX":1,"pictureIndexY":3,"pid":4,"t":3},{"battleMessage":{"id":-1,"names":{"1":""}},"car":[{"o":false,"svid":{"k":7,"v":10},"u":false,"v":{"k":3,"v":30}}],"d":{"id":-1,"names":{"1":"A diamond vambraces"}},"id":27,"names":{"1":"Diamond vambraces"},"p":[{"k":1,"vf":{"k":8,"v":"40000"}}],"pictureIndexX":2,"pictureIndexY":3,"pid":4,"t":5},{"battleMessage":{"id":-1,"names":{"1":""}},"car":[{"o":false,"svid":{"k":7,"v":10},"u":false,"v":{"k":3,"v":30}}],"d":{"id":-1,"names":{"1":"A diamond greaves"}},"id":28,"names":{"1":"Diamond greaves"},"p":[{"k":1,"vf":{"k":8,"v":"30000"}}],"pictureIndexX":3,"pictureIndexY":3,"pid":4,"t":7},{"battleMessage":{"id":-1,"names":{"1":""}},"car":[{"o":false,"svid":{"k":7,"v":11},"u":false,"v":{"k":3,"v":30}}],"d":{"id":-1,"names":{"1":"A mystic headgear"}},"id":29,"names":{"1":"Mystic headgear"},"p":[{"k":1,"vf":{"k":8,"v":"10000"}}],"pictureIndexY":7,"pid":4,"t":2},{"battleMessage":{"id":-1,"names":{"1":""}},"car":[{"o":false,"svid":{"k":7,"v":10},"u":false,"v":{"k":3,"v":50}}],"d":{"id":-1,"names":{"1":"A mystic vest"}},"id":30,"names":{"1":"Mystic vest"},"p":[{"k":1,"vf":{"k":8,"v":"50000"}}],"pictureIndexX":1,"pictureIndexY":7,"pid":4,"t":4},{"battleMessage":{"id":-1,"names":{"1":""}},"car":[{"o":false,"svid":{"k":7,"v":11},"u":false,"v":{"k":3,"v":30}}],"d":{"id":-1,"names":{"1":"A mystic gloves"}},"id":31,"names":{"1":"Mystic gloves"},"p":[{"k":1,"vf":{"k":8,"v":"40000"}}],"pictureIndexX":2,"pictureIndexY":7,"pid":4,"t":6},{"battleMessage":{"id":-1,"names":{"1":""}},"car":[{"o":false,"svid":{"k":7,"v":10},"u":false,"v":{"k":3,"v":30}}],"d":{"id":-1,"names":{"1":"A mystic trousers"}},"id":32,"names":{"1":"Mystic trousers"},"p":[{"k":1,"vf":{"k":8,"v":"30000"}}],"pictureIndexX":3,"pictureIndexY":7,"pid":4,"t":7},{"battleMessage":{"id":-1,"names":{"1":""}},"car":[{"o":false,"svid":{"k":7,"v":9},"u":false,"v":{"k":3,"v":25}}],"d":{"id":-1,"names":{"1":"A beautiful sapphire ring"}},"id":33,"names":{"1":"Sapphire Ring"},"p":[{"k":1,"vf":{"k":8,"v":"1000"}}],"pictureIndexY":9,"pid":4,"t":9},{"battleMessage":{"id":-1,"names":{"1":""}},"car":[{"o":false,"svid":{"k":7,"v":9},"u":false,"v":{"k":3,"v":20}}],"d":{"id":-1,"names":{"1":"A beautiful sapphire necklace"}},"id":34,"names":{"1":"Sapphire Necklace"},"p":[{"k":1,"vf":{"k":8,"v":"500"}}],"pictureIndexX":1,"pictureIndexY":9,"pid":4,"t":10},{"battleMessage":{"id":-1,"names":{"1":""}},"car":[{"o":false,"svid":{"k":7,"v":9},"u":false,"v":{"k":3,"v":15}}],"d":{"id":-1,"names":{"1":"A beautiful sapphire bracelet"}},"id":35,"names":{"1":"Sapphire bracelet"},"p":[{"k":1,"vf":{"k":8,"v":"300"}}],"pictureIndexX":2,"pictureIndexY":9,"pid":4,"t":11},{"battleMessage":{"id":-1,"names":{"1":""}},"car":[{"o":false,"svid":{"k":7,"v":9},"u":false,"v":{"k":3,"v":10}}],"d":{"id":-1,"names":{"1":"A beautiful sapphire earring"}},"id":36,"names":{"1":"Sapphire earring"},"p":[{"k":1,"vf":{"k":8,"v":"150"}}],"pictureIndexX":3,"pictureIndexY":9,"pid":4,"t":12},{"battleMessage":{"id":-1,"names":{"1":""}},"car":[{"o":false,"svid":{"k":7,"v":8},"u":false,"v":{"k":3,"v":25}}],"d":{"id":-1,"names":{"1":"A beautiful ruby ring"}},"id":37,"names":{"1":"Ruby ring"},"p":[{"k":1,"vf":{"k":8,"v":"1000"}}],"pictureIndexY":10,"pid":4,"t":9},{"battleMessage":{"id":-1,"names":{"1":""}},"car":[{"o":false,"svid":{"k":7,"v":8},"u":false,"v":{"k":3,"v":20}}],"d":{"id":-1,"names":{"1":"A beautiful ruby necklace"}},"id":38,"names":{"1":"Ruby necklace"},"p":[{"k":1,"vf":{"k":8,"v":"500"}}],"pictureIndexX":1,"pictureIndexY":10,"pid":4,"t":10},{"battleMessage":{"id":-1,"names":{"1":""}},"car":[{"o":false,"svid":{"k":7,"v":8},"u":false,"v":{"k":3,"v":15}}],"d":{"id":-1,"names":{"1":"A beautiful ruby bracelet"}},"id":39,"names":{"1":"Ruby bracelet"},"p":[{"k":1,"vf":{"k":8,"v":"300"}}],"pictureIndexX":2,"pictureIndexY":10,"pid":4,"t":11},{"battleMessage":{"id":-1,"names":{"1":""}},"car":[{"o":false,"svid":{"k":7,"v":8},"u":false,"v":{"k":3,"v":10}}],"d":{"id":-1,"names":{"1":"A beautiful ruby earring"}},"id":40,"names":{"1":"Ruby earring"},"p":[{"k":1,"vf":{"k":8,"v":"150"}}],"pictureIndexX":3,"pictureIndexY":10,"pid":4,"t":12},{"battleMessage":{"id":-1,"names":{"1":""}},"car":[{"o":false,"svid":{"k":7,"v":12},"u":false,"v":{"k":3,"v":25}}],"d":{"id":-1,"names":{"1":"A beautiful emerald ring"}},"id":41,"names":{"1":"Emerald ring"},"p":[{"k":1,"vf":{"k":8,"v":"1000"}}],"pictureIndexY":11,"pid":4,"t":9},{"battleMessage":{"id":-1,"names":{"1":""}},"car":[{"o":false,"svid":{"k":7,"v":12},"u":false,"v":{"k":3,"v":20}}],"d":{"id":-1,"names":{"1":"A beautiful emerald necklace"}},"id":42,"names":{"1":"Emerald necklace"},"p":[{"k":1,"vf":{"k":8,"v":"500"}}],"pictureIndexX":1,"pictureIndexY":11,"pid":4,"t":10},{"battleMessage":{"id":-1,"names":{"1":""}},"car":[{"o":false,"svid":{"k":7,"v":12},"u":false,"v":{"k":3,"v":15}}],"d":{"id":-1,"names":{"1":"A beautiful emerald bracelet"}},"id":43,"names":{"1":"Emerald bracelet"},"p":[{"k":1,"vf":{"k":8,"v":"300"}}],"pictureIndexX":2,"pictureIndexY":11,"pid":4,"t":11},{"battleMessage":{"id":-1,"names":{"1":""}},"car":[{"o":false,"svid":{"k":7,"v":12},"u":false,"v":{"k":3,"v":10}}],"d":{"id":-1,"names":{"1":"A beautiful emerald earring"}},"id":44,"names":{"1":"Emerald earring"},"p":[{"k":1,"vf":{"k":8,"v":"150"}}],"pictureIndexX":3,"pictureIndexY":11,"pid":4,"t":12}]}