{"armorsKind":[{"equipment":[false,false,true,false,false,false,false],"id":1,"names":{"1":"Helmet"}},{"equipment":[false,false,true,false,false,false,false],"id":2,"names":{"1":"Headgear"}},{"equipment":[false,false,false,true,false,false,false],"id":3,"names":{"1":"Mail"}},{"equipment":[false,false,false,true,false,false,false],"id":4,"names":{"1":"Vest"}},{"equipment":[false,false,false,false,true,false,false],"id":5,"names":{"1":"Vambraces"}},{"equipment":[false,false,false,false,true,false,false],"id":6,"names":{"1":"Gloves"}},{"equipment":[false,false,false,false,false,true,false],"id":7,"names":{"1":"Greaves"}},{"equipment":[false,false,false,false,false,true,false],"id":8,"names":{"1":"Trousers"}},{"equipment":[false,false,false,false,false,false,true],"id":9,"names":{"1":"Ring"}},{"equipment":[false,false,false,false,false,false,true],"id":10,"names":{"1":"Necklace"}},{"equipment":[false,false,false,false,false,false,true],"id":11,"names":{"1":"Bracelet"}},{"equipment":[false,false,false,false,false,false,true],"id":12,"names":{"1":"Earring"}}],"battleCommands":[{"id":1,"s":1},{"id":2,"s":2},{"id":3,"s":3},{"id":4,"s":4},{"id":5,"s":5}],"battleMaps":[{"id":1,"idm":2,"name":"Default","p":[8,0,0,7]}],"blevelup":{"id":4,"ie":false,"is":false,"name":"Levelup.wav","v":{"k":3,"v":100}},"bmusic":{"id":2,"ie":false,"is":false,"name":"Battle1.mp3","v":{"k":3,"v":100}},"bvictory":{"id":2,"ie":false,"is":false,"name":"Battle1.mp3","v":{"k":3,"v":100}},"elements":[{"e":[{"k":4,"v":{"k":12,"v":0.5}},{"k":5,"v":{"k":12,"v":2}}],"id":1,"names":{"1":"Fire"},"pictureIndexX":4,"pictureIndexY":2,"pid":5},{"e":[{"k":3,"v":{"k":12,"v":2}},{"k":6,"v":{"k":12,"v":0.5}}],"id":2,"names":{"1":"Earth"},"pictureIndexY":3,"pid":5},{"e":[{"k":2,"v":{"k":12,"v":0.5}},{"k":4,"v":{"k":12,"v":2}}],"id":3,"names":{"1":"Thunder"},"pictureIndexX":3,"pictureIndexY":3,"pid":5},{"e":[{"k":3,"v":{"k":12,"v":0.5}},{"k":1,"v":{"k":12,"v":2}}],"id":4,"names":{"1":"Water"},"pictureIndexX":6,"pictureIndexY":3,"pid":5},{"e":[{"k":1,"v":{"k":12,"v":0.5}},{"k":6,"v":{"k":12,"v":2}}],"id":5,"names":{"1":"Ice"},"pictureIndexX":2,"pictureIndexY":4,"pid":5},{"e":[{"k":2,"v":{"k":12,"v":2}},{"k":5,"v":{"k":12,"v":0.5}}],"id":6,"names":{"1":"Wind"},"pictureIndexX":5,"pictureIndexY":4,"pid":5},{"e":[{"k":8,"v":{"k":12,"v":2}}],"id":7,"names":{"1":"Darkness"},"pictureIndexX":1,"pictureIndexY":5,"pid":5},{"e":[{"k":7,"v":{"k":12,"v":2}}],"id":8,"names":{"1":"Light"},"pictureIndexX":4,"pictureIndexY":5,"pid":5}],"equipments":[{"id":1,"names":{"1":"Left hand"}},{"id":2,"names":{"1":"Right hand"}},{"id":3,"names":{"1":"Head"}},{"id":4,"names":{"1":"Chest"}},{"id":5,"names":{"1":"Arms"}},{"id":6,"names":{"1":"Legs"}},{"id":7,"names":{"1":"Accessory"}}],"fc":{"k":8,"v":"damage * 2"},"fisdead":{"k":8,"v":"u.hp === 0"},"lv":1,"statistics":[{"abr":"lv","fix":true,"id":1,"names":{"1":"Lv."}},{"abr":"xp","fix":false,"id":2,"names":{"1":"Exp."}},{"abr":"hp","fix":false,"id":3,"names":{"1":"HP"},"pid":1},{"abr":"mp","fix":false,"id":4,"names":{"1":"MP"},"pid":2},{"abr":"tp","fix":false,"id":5,"names":{"1":"TP"},"pid":3},{"abr":"atk","fix":true,"id":6,"names":{"1":"Attack"}},{"abr":"mag","fix":true,"id":7,"names":{"1":"Magic"}},{"abr":"str","fix":true,"id":8,"names":{"1":"Strength"}},{"abr":"int","fix":true,"id":9,"names":{"1":"Intelligence"}},{"abr":"pdef","fix":true,"id":10,"names":{"1":"P. defense"}},{"abr":"mdef","fix":true,"id":11,"names":{"1":"M. defense"}},{"abr":"agi","fix":true,"id":12,"names":{"1":"Agility"}}],"weaponsKind":[{"equipment":[true,true,false,false,false,false,false],"id":1,"names":{"1":"Sword"}},{"equipment":[true,true,false,false,false,false,false],"id":2,"names":{"1":"Axe"}},{"equipment":[true,true,false,false,false,false,false],"id":3,"names":{"1":"Spear"}},{"equipment":[true,true,false,false,false,false,false],"id":4,"names":{"1":"Knife"}},{"equipment":[true,true,false,false,false,false,false],"id":5,"names":{"1":"Staff"}},{"equipment":[true,true,false,false,false,false,false],"id":6,"names":{"1":"Rod"}},{"equipment":[true,true,false,false,false,false,false],"id":7,"names":{"1":"Firearm"}},{"equipment":[true,true,false,false,false,false,false],"id":8,"names":{"1":"Bow"}}],"xp":2}