{"classes":[{"characteristics":[{"k":2},{"ewtid":{"k":7,"v":2},"iae":false,"k":2},{"ewtid":{"k":7,"v":3},"iae":false,"k":2},{"ewtid":{"k":7,"v":4},"iae":false,"k":2},{"ewtid":{"k":7,"v":5},"iae":false,"k":2},{"ewtid":{"k":7,"v":6},"iae":false,"k":2},{"ewtid":{"k":7,"v":7},"iae":false,"k":2},{"ewtid":{"k":7,"v":8},"iae":false,"k":2},{"k":2},{"k":2},{"k":2},{"k":2},{"eatid":{"k":7,"v":2},"iae":false,"iaew":false,"k":2},{"eatid":{"k":7,"v":4},"iae":false,"iaew":false,"k":2},{"eatid":{"k":7,"v":6},"iae":false,"iaew":false,"k":2},{"eatid":{"k":7,"v":8},"iae":false,"iaew":false,"k":2}],"eB":5,"eI":20,"id":1,"iniL":1,"mxL":100,"names":{"1":"Knight"},"skills":[{"id":6,"l":1,"name":"Blazing sword"},{"id":7,"l":5,"name":"Power"},{"id":8,"l":20,"name":"Bandage"}],"stats":[{"id":3,"if":true,"m":{"k":3,"v":1000},"name":"HP","r":{"k":3,"v":0},"t":{"e":0,"f":{"k":3,"v":1000},"i":{"k":3,"v":20}}},{"id":4,"if":true,"m":{"k":3,"v":500},"name":"MP","r":{"k":3,"v":0},"t":{"e":0,"f":{"k":3,"v":500},"i":{"k":3,"v":10}}},{"id":5,"if":true,"m":{"k":3,"v":100},"name":"TP","r":{"k":3,"v":0},"t":{"e":0,"f":{"k":3,"v":100},"i":{"k":3,"v":10}}},{"f":{"k":8,"v":"Math.ceil(u.str * 0.3)"},"id":6,"if":false,"m":{"k":3,"v":999},"name":"Attack"},{"f":{"k":8,"v":"Math.ceil(u.int * 0.3)"},"id":7,"if":false,"m":{"k":3,"v":999},"name":"Magic"},{"id":8,"if":true,"m":{"k":3,"v":500},"name":"Strength","r":{"k":3,"v":0},"t":{"e":0,"f":{"k":3,"v":500},"i":{"k":3,"v":1}}},{"id":9,"if":true,"m":{"k":3,"v":50},"name":"Intelligence","r":{"k":3,"v":0},"t":{"e":0,"f":{"k":3,"v":50},"i":{"k":3,"v":1}}},{"id":10,"if":true,"m":{"k":3,"v":50},"name":"P. defense","r":{"k":3,"v":0},"t":{"e":0,"f":{"k":3,"v":50},"i":{"k":3,"v":0}}},{"id":11,"if":true,"m":{"k":3,"v":50},"name":"M. defense","r":{"k":3,"v":0},"t":{"e":0,"f":{"k":3,"v":50},"i":{"k":3,"v":0}}},{"id":12,"if":true,"m":{"k":3,"v":200},"name":"Agility","r":{"k":3,"v":0},"t":{"e":0,"f":{"k":3,"v":200},"i":{"k":3,"v":1}}}]},{"characteristics":[{"iae":false,"k":2},{"ewtid":{"k":7,"v":2},"k":2},{"ewtid":{"k":7,"v":3},"iae":false,"k":2},{"ewtid":{"k":7,"v":4},"iae":false,"k":2},{"ewtid":{"k":7,"v":5},"iae":false,"k":2},{"ewtid":{"k":7,"v":6},"iae":false,"k":2},{"ewtid":{"k":7,"v":7},"iae":false,"k":2},{"ewtid":{"k":7,"v":8},"iae":false,"k":2},{"k":2},{"k":2},{"k":2},{"k":2},{"eatid":{"k":7,"v":2},"iae":false,"iaew":false,"k":2},{"eatid":{"k":7,"v":4},"iae":false,"iaew":false,"k":2},{"eatid":{"k":7,"v":6},"iae":false,"iaew":false,"k":2},{"eatid":{"k":7,"v":8},"iae":false,"iaew":false,"k":2}],"eB":5,"eI":20,"id":2,"iniL":1,"mxL":100,"names":{"1":"Warrior"},"skills":[{"id":9,"l":1,"name":"Cross axe"},{"id":10,"l":5,"name":"War cry"},{"id":11,"l":20,"name":"Heavy jump"}],"stats":[{"id":3,"if":true,"m":{"k":3,"v":800},"name":"HP","r":{"k":3,"v":0},"t":{"e":0,"f":{"k":3,"v":800},"i":{"k":3,"v":20}}},{"id":4,"if":true,"m":{"k":3,"v":500},"name":"MP","r":{"k":3,"v":0},"t":{"e":0,"f":{"k":3,"v":500},"i":{"k":3,"v":10}}},{"id":5,"if":true,"m":{"k":3,"v":100},"name":"TP","r":{"k":3,"v":0},"t":{"e":0,"f":{"k":3,"v":100},"i":{"k":3,"v":10}}},{"f":{"k":8,"v":"Math.ceil(u.str * 0.3)"},"id":6,"if":false,"m":{"k":3,"v":999},"name":"Attack"},{"f":{"k":8,"v":"Math.ceil(u.int * 0.3)"},"id":7,"if":false,"m":{"k":3,"v":999},"name":"Magic"},{"id":8,"if":true,"m":{"k":3,"v":600},"name":"Strength","r":{"k":3,"v":0},"t":{"e":0,"f":{"k":3,"v":600},"i":{"k":3,"v":1}}},{"id":9,"if":true,"m":{"k":3,"v":50},"name":"Intelligence","r":{"k":3,"v":0},"t":{"e":0,"f":{"k":3,"v":50},"i":{"k":3,"v":1}}},{"id":10,"if":true,"m":{"k":3,"v":50},"name":"P. defense","r":{"k":3,"v":0},"t":{"e":0,"f":{"k":3,"v":50},"i":{"k":3,"v":0}}},{"id":11,"if":true,"m":{"k":3,"v":50},"name":"M. defense","r":{"k":3,"v":0},"t":{"e":0,"f":{"k":3,"v":50},"i":{"k":3,"v":0}}},{"id":12,"if":true,"m":{"k":3,"v":200},"name":"Agility","r":{"k":3,"v":0},"t":{"e":0,"f":{"k":3,"v":200},"i":{"k":3,"v":1}}}]},{"characteristics":[{"iae":false,"k":2},{"ewtid":{"k":7,"v":2},"iae":false,"k":2},{"ewtid":{"k":7,"v":3},"k":2},{"ewtid":{"k":7,"v":4},"iae":false,"k":2},{"ewtid":{"k":7,"v":5},"iae":false,"k":2},{"ewtid":{"k":7,"v":6},"iae":false,"k":2},{"ewtid":{"k":7,"v":7},"iae":false,"k":2},{"ewtid":{"k":7,"v":8},"iae":false,"k":2},{"k":2},{"k":2},{"k":2},{"k":2},{"eatid":{"k":7,"v":2},"iae":false,"iaew":false,"k":2},{"eatid":{"k":7,"v":4},"iae":false,"iaew":false,"k":2},{"eatid":{"k":7,"v":6},"iae":false,"iaew":false,"k":2},{"eatid":{"k":7,"v":8},"iae":false,"iaew":false,"k":2}],"eB":5,"eI":20,"id":3,"iniL":1,"mxL":100,"names":{"1":"Lancer"},"skills":[{"id":12,"l":1,"name":"Pic lance"},{"id":13,"l":5,"name":"Long slay"},{"id":14,"l":20,"name":"Concentration"}],"stats":[{"id":3,"if":true,"m":{"k":3,"v":900},"name":"HP","r":{"k":3,"v":0},"t":{"e":0,"f":{"k":3,"v":900},"i":{"k":3,"v":20}}},{"id":4,"if":true,"m":{"k":3,"v":600},"name":"MP","r":{"k":3,"v":0},"t":{"e":0,"f":{"k":3,"v":600},"i":{"k":3,"v":10}}},{"id":5,"if":true,"m":{"k":3,"v":200},"name":"TP","r":{"k":3,"v":0},"t":{"e":0,"f":{"k":3,"v":200},"i":{"k":3,"v":10}}},{"f":{"k":8,"v":"Math.ceil(u.str * 0.3)"},"id":6,"if":false,"m":{"k":3,"v":999},"name":"Attack"},{"f":{"k":8,"v":"Math.ceil(u.int * 0.3)"},"id":7,"if":false,"m":{"k":3,"v":999},"name":"Magic"},{"id":8,"if":true,"m":{"k":3,"v":500},"name":"Strength","r":{"k":3,"v":0},"t":{"e":0,"f":{"k":3,"v":500},"i":{"k":3,"v":1}}},{"id":9,"if":true,"m":{"k":3,"v":50},"name":"Intelligence","r":{"k":3,"v":0},"t":{"e":0,"f":{"k":3,"v":50},"i":{"k":3,"v":1}}},{"id":10,"if":true,"m":{"k":3,"v":50},"name":"P. defense","r":{"k":3,"v":0},"t":{"e":0,"f":{"k":3,"v":50},"i":{"k":3,"v":0}}},{"id":11,"if":true,"m":{"k":3,"v":50},"name":"M. defense","r":{"k":3,"v":0},"t":{"e":0,"f":{"k":3,"v":50},"i":{"k":3,"v":0}}},{"id":12,"if":true,"m":{"k":3,"v":200},"name":"Agility","r":{"k":3,"v":0},"t":{"e":0,"f":{"k":3,"v":200},"i":{"k":3,"v":1}}}]},{"characteristics":[{"iae":false,"k":2},{"ewtid":{"k":7,"v":2},"iae":false,"k":2},{"ewtid":{"k":7,"v":3},"iae":false,"k":2},{"ewtid":{"k":7,"v":4},"k":2},{"ewtid":{"k":7,"v":5},"iae":false,"k":2},{"ewtid":{"k":7,"v":6},"iae":false,"k":2},{"ewtid":{"k":7,"v":7},"iae":false,"k":2},{"ewtid":{"k":7,"v":8},"iae":false,"k":2},{"k":2},{"k":2},{"k":2},{"k":2},{"eatid":{"k":7,"v":2},"iae":false,"iaew":false,"k":2},{"eatid":{"k":7,"v":4},"iae":false,"iaew":false,"k":2},{"eatid":{"k":7,"v":6},"iae":false,"iaew":false,"k":2},{"eatid":{"k":7,"v":8},"iae":false,"iaew":false,"k":2}],"eB":5,"eI":20,"id":4,"iniL":1,"mxL":100,"names":{"1":"Thief"},"skills":[{"id":15,"l":1,"name":"Steel"},{"id":16,"l":5,"name":"Stabbing"},{"id":17,"l":20,"name":"Illusion"}],"stats":[{"id":3,"if":true,"m":{"k":3,"v":900},"name":"HP","r":{"k":3,"v":0},"t":{"e":0,"f":{"k":3,"v":900},"i":{"k":3,"v":20}}},{"id":4,"if":true,"m":{"k":3,"v":500},"name":"MP","r":{"k":3,"v":0},"t":{"e":0,"f":{"k":3,"v":500},"i":{"k":3,"v":10}}},{"id":5,"if":true,"m":{"k":3,"v":100},"name":"TP","r":{"k":3,"v":0},"t":{"e":0,"f":{"k":3,"v":100},"i":{"k":3,"v":10}}},{"f":{"k":8,"v":"Math.ceil(u.str * 0.3)"},"id":6,"if":false,"m":{"k":3,"v":999},"name":"Attack"},{"f":{"k":8,"v":"Math.ceil(u.int * 0.3)"},"id":7,"if":false,"m":{"k":3,"v":999},"name":"Magic"},{"id":8,"if":true,"m":{"k":3,"v":400},"name":"Strength","r":{"k":3,"v":0},"t":{"e":0,"f":{"k":3,"v":400},"i":{"k":3,"v":1}}},{"id":9,"if":true,"m":{"k":3,"v":50},"name":"Intelligence","r":{"k":3,"v":0},"t":{"e":0,"f":{"k":3,"v":50},"i":{"k":3,"v":1}}},{"id":10,"if":true,"m":{"k":3,"v":200},"name":"P. defense","r":{"k":3,"v":0},"t":{"e":0,"f":{"k":3,"v":200},"i":{"k":3,"v":0}}},{"id":11,"if":true,"m":{"k":3,"v":200},"name":"M. defense","r":{"k":3,"v":0},"t":{"e":0,"f":{"k":3,"v":200},"i":{"k":3,"v":0}}},{"id":12,"if":true,"m":{"k":3,"v":500},"name":"Agility","r":{"k":3,"v":0},"t":{"e":0,"f":{"k":3,"v":500},"i":{"k":3,"v":1}}}]},{"characteristics":[{"iae":false,"k":2},{"ewtid":{"k":7,"v":2},"iae":false,"k":2},{"ewtid":{"k":7,"v":3},"iae":false,"k":2},{"ewtid":{"k":7,"v":4},"iae":false,"k":2},{"ewtid":{"k":7,"v":5},"k":2},{"ewtid":{"k":7,"v":6},"iae":false,"k":2},{"ewtid":{"k":7,"v":7},"iae":false,"k":2},{"ewtid":{"k":7,"v":8},"iae":false,"k":2},{"iae":false,"iaew":false,"k":2},{"eatid":{"k":7,"v":3},"iae":false,"iaew":false,"k":2},{"eatid":{"k":7,"v":5},"iae":false,"iaew":false,"k":2},{"eatid":{"k":7,"v":7},"iae":false,"iaew":false,"k":2},{"k":2},{"k":2},{"k":2},{"k":2}],"eB":5,"eI":20,"id":5,"iniL":1,"mxL":100,"names":{"1":"White mage"},"skills":[{"id":39,"l":1,"name":"Light I"},{"id":42,"l":1,"name":"Heal I"},{"id":45,"l":2,"name":"Barrier I"},{"id":47,"l":3,"name":"Remedy I"},{"id":63,"l":4,"name":"Revive I"},{"id":40,"l":5,"name":"Light II"},{"id":43,"l":5,"name":"Heal II"},{"id":41,"l":20,"name":"Light III"},{"id":44,"l":20,"name":"Heal III"},{"id":46,"l":21,"name":"Barrier II"},{"id":48,"l":22,"name":"Remedy II"},{"id":64,"l":23,"name":"Revive II"}],"stats":[{"id":3,"if":true,"m":{"k":3,"v":1000},"name":"HP","r":{"k":3,"v":0},"t":{"e":0,"f":{"k":3,"v":1000},"i":{"k":3,"v":20}}},{"id":4,"if":true,"m":{"k":3,"v":500},"name":"MP","r":{"k":3,"v":0},"t":{"e":0,"f":{"k":3,"v":500},"i":{"k":3,"v":10}}},{"id":5,"if":true,"m":{"k":3,"v":100},"name":"TP","r":{"k":3,"v":0},"t":{"e":0,"f":{"k":3,"v":100},"i":{"k":3,"v":10}}},{"f":{"k":8,"v":"Math.ceil(u.str * 0.3)"},"id":6,"if":false,"m":{"k":3,"v":999},"name":"Attack"},{"f":{"k":8,"v":"Math.ceil(u.int * 0.3)"},"id":7,"if":false,"m":{"k":3,"v":999},"name":"Magic"},{"id":8,"if":true,"m":{"k":3,"v":50},"name":"Strength","r":{"k":3,"v":0},"t":{"e":0,"f":{"k":3,"v":50},"i":{"k":3,"v":1}}},{"id":9,"if":true,"m":{"k":3,"v":500},"name":"Intelligence","r":{"k":3,"v":0},"t":{"e":0,"f":{"k":3,"v":500},"i":{"k":3,"v":1}}},{"id":10,"if":true,"m":{"k":3,"v":50},"name":"P. defense","r":{"k":3,"v":0},"t":{"e":0,"f":{"k":3,"v":50},"i":{"k":3,"v":0}}},{"id":11,"if":true,"m":{"k":3,"v":50},"name":"M. defense","r":{"k":3,"v":0},"t":{"e":0,"f":{"k":3,"v":50},"i":{"k":3,"v":0}}},{"id":12,"if":true,"m":{"k":3,"v":200},"name":"Agility","r":{"k":3,"v":0},"t":{"e":0,"f":{"k":3,"v":200},"i":{"k":3,"v":1}}}]},{"characteristics":[{"iae":false,"k":2},{"ewtid":{"k":7,"v":2},"iae":false,"k":2},{"ewtid":{"k":7,"v":3},"iae":false,"k":2},{"ewtid":{"k":7,"v":4},"iae":false,"k":2},{"ewtid":{"k":7,"v":5},"iae":false,"k":2},{"ewtid":{"k":7,"v":6},"k":2},{"ewtid":{"k":7,"v":7},"iae":false,"k":2},{"ewtid":{"k":7,"v":8},"iae":false,"k":2},{"iae":false,"iaew":false,"k":2},{"eatid":{"k":7,"v":3},"iae":false,"iaew":false,"k":2},{"eatid":{"k":7,"v":5},"iae":false,"iaew":false,"k":2},{"eatid":{"k":7,"v":7},"iae":false,"iaew":false,"k":2},{"k":2},{"k":2},{"k":2},{"k":2}],"eB":5,"eI":20,"id":6,"iniL":1,"mxL":100,"names":{"1":"Black mage"},"skills":[{"id":18,"l":1,"name":"Fire I"},{"id":21,"l":1,"name":"Earth I"},{"id":24,"l":1,"name":"Thunder I"},{"id":27,"l":2,"name":"Water I"},{"id":30,"l":2,"name":"Ice I"},{"id":33,"l":2,"name":"Wind I"},{"id":36,"l":3,"name":"Darkness I"},{"id":49,"l":4,"name":"Weak I"},{"id":51,"l":4,"name":"Poison I"},{"id":53,"l":4,"name":"Burn I"},{"id":55,"l":5,"name":"Mute I"},{"id":57,"l":5,"name":"Confuse I"},{"id":59,"l":5,"name":"Sleep I"},{"id":61,"l":5,"name":"Blink I"},{"id":19,"l":6,"name":"Fire II"},{"id":22,"l":6,"name":"Earth II"},{"id":25,"l":6,"name":"Thunder II"},{"id":28,"l":7,"name":"Water II"},{"id":31,"l":7,"name":"Ice II"},{"id":34,"l":7,"name":"Wind II"},{"id":37,"l":8,"name":"Darkness II"},{"id":50,"l":9,"name":"Weak II"},{"id":52,"l":9,"name":"Poison II"},{"id":54,"l":9,"name":"Burn II"},{"id":56,"l":10,"name":"Mute II"},{"id":58,"l":10,"name":"Confuse II"},{"id":60,"l":10,"name":"Sleep II"},{"id":62,"l":10,"name":"Blink II"},{"id":20,"l":20,"name":"Fire III"},{"id":23,"l":20,"name":"Earth III"},{"id":26,"l":20,"name":"Thunder III"},{"id":29,"l":21,"name":"Water III"},{"id":32,"l":21,"name":"Ice III"},{"id":35,"l":21,"name":"Wind III"},{"id":38,"l":22,"name":"Darkness III"}],"stats":[{"id":3,"if":true,"m":{"k":3,"v":1000},"name":"HP","r":{"k":3,"v":0},"t":{"e":0,"f":{"k":3,"v":1000},"i":{"k":3,"v":20}}},{"id":4,"if":true,"m":{"k":3,"v":500},"name":"MP","r":{"k":3,"v":0},"t":{"e":0,"f":{"k":3,"v":500},"i":{"k":3,"v":10}}},{"id":5,"if":true,"m":{"k":3,"v":100},"name":"TP","r":{"k":3,"v":0},"t":{"e":0,"f":{"k":3,"v":100},"i":{"k":3,"v":10}}},{"f":{"k":8,"v":"Math.ceil(u.str * 0.3)"},"id":6,"if":false,"m":{"k":3,"v":999},"name":"Attack"},{"f":{"k":8,"v":"Math.ceil(u.int * 0.3)"},"id":7,"if":false,"m":{"k":3,"v":999},"name":"Magic"},{"id":8,"if":true,"m":{"k":3,"v":50},"name":"Strength","r":{"k":3,"v":0},"t":{"e":0,"f":{"k":3,"v":50},"i":{"k":3,"v":1}}},{"id":9,"if":true,"m":{"k":3,"v":500},"name":"Intelligence","r":{"k":3,"v":0},"t":{"e":0,"f":{"k":3,"v":500},"i":{"k":3,"v":1}}},{"id":10,"if":true,"m":{"k":3,"v":50},"name":"P. defense","r":{"k":3,"v":0},"t":{"e":0,"f":{"k":3,"v":50},"i":{"k":3,"v":0}}},{"id":11,"if":true,"m":{"k":3,"v":50},"name":"M. defense","r":{"k":3,"v":0},"t":{"e":0,"f":{"k":3,"v":50},"i":{"k":3,"v":0}}},{"id":12,"if":true,"m":{"k":3,"v":200},"name":"Agility","r":{"k":3,"v":0},"t":{"e":0,"f":{"k":3,"v":200},"i":{"k":3,"v":1}}}]},{"characteristics":[{"iae":false,"k":2},{"ewtid":{"k":7,"v":2},"iae":false,"k":2},{"ewtid":{"k":7,"v":3},"iae":false,"k":2},{"ewtid":{"k":7,"v":4},"iae":false,"k":2},{"ewtid":{"k":7,"v":5},"iae":false,"k":2},{"ewtid":{"k":7,"v":6},"iae":false,"k":2},{"ewtid":{"k":7,"v":7},"k":2},{"ewtid":{"k":7,"v":8},"iae":false,"k":2},{"iae":false,"iaew":false,"k":2},{"eatid":{"k":7,"v":3},"iae":false,"iaew":false,"k":2},{"eatid":{"k":7,"v":5},"iae":false,"iaew":false,"k":2},{"eatid":{"k":7,"v":7},"iae":false,"iaew":false,"k":2},{"k":2},{"k":2},{"k":2},{"k":2}],"eB":5,"eI":20,"id":7,"iniL":1,"mxL":100,"names":{"1":"Gunner"},"skills":[{"id":68,"l":1,"name":"Magic arrow"},{"id":69,"l":5,"name":"Poison arrow"},{"id":70,"l":20,"name":"Mute arrow"}],"stats":[{"id":3,"if":true,"m":{"k":3,"v":1000},"name":"HP","r":{"k":3,"v":0},"t":{"e":0,"f":{"k":3,"v":1000},"i":{"k":3,"v":20}}},{"id":4,"if":true,"m":{"k":3,"v":500},"name":"MP","r":{"k":3,"v":0},"t":{"e":0,"f":{"k":3,"v":500},"i":{"k":3,"v":10}}},{"id":5,"if":true,"m":{"k":3,"v":100},"name":"TP","r":{"k":3,"v":0},"t":{"e":0,"f":{"k":3,"v":100},"i":{"k":3,"v":10}}},{"f":{"k":8,"v":"Math.ceil(u.str * 0.3)"},"id":6,"if":false,"m":{"k":3,"v":999},"name":"Attack"},{"f":{"k":8,"v":"Math.ceil(u.int * 0.3)"},"id":7,"if":false,"m":{"k":3,"v":999},"name":"Magic"},{"id":8,"if":true,"m":{"k":3,"v":500},"name":"Strength","r":{"k":3,"v":0},"t":{"e":0,"f":{"k":3,"v":500},"i":{"k":3,"v":1}}},{"id":9,"if":true,"m":{"k":3,"v":50},"name":"Intelligence","r":{"k":3,"v":0},"t":{"e":0,"f":{"k":3,"v":50},"i":{"k":3,"v":1}}},{"id":10,"if":true,"m":{"k":3,"v":50},"name":"P. defense","r":{"k":3,"v":0},"t":{"e":0,"f":{"k":3,"v":50},"i":{"k":3,"v":0}}},{"id":11,"if":true,"m":{"k":3,"v":50},"name":"M. defense","r":{"k":3,"v":0},"t":{"e":0,"f":{"k":3,"v":50},"i":{"k":3,"v":0}}},{"id":12,"if":true,"m":{"k":3,"v":200},"name":"Agility","r":{"k":3,"v":0},"t":{"e":0,"f":{"k":3,"v":200},"i":{"k":3,"v":1}}}]},{"characteristics":[{"iae":false,"k":2},{"ewtid":{"k":7,"v":2},"iae":false,"k":2},{"ewtid":{"k":7,"v":3},"iae":false,"k":2},{"ewtid":{"k":7,"v":4},"iae":false,"k":2},{"ewtid":{"k":7,"v":5},"iae":false,"k":2},{"ewtid":{"k":7,"v":6},"iae":false,"k":2},{"ewtid":{"k":7,"v":7},"iae":false,"k":2},{"ewtid":{"k":7,"v":8},"k":2},{"iae":false,"iaew":false,"k":2},{"eatid":{"k":7,"v":3},"iae":false,"iaew":false,"k":2},{"eatid":{"k":7,"v":5},"iae":false,"iaew":false,"k":2},{"eatid":{"k":7,"v":7},"iae":false,"iaew":false,"k":2},{"k":2},{"k":2},{"k":2},{"k":2}],"eB":5,"eI":20,"id":8,"iniL":1,"mxL":100,"names":{"1":"Archer"},"skills":[{"id":65,"l":1,"name":"Silver bullet"},{"id":66,"l":5,"name":"Paralyze bullet"},{"id":67,"l":20,"name":"Heal bullet"}],"stats":[{"id":3,"if":true,"m":{"k":3,"v":1000},"name":"HP","r":{"k":3,"v":0},"t":{"e":0,"f":{"k":3,"v":1000},"i":{"k":3,"v":20}}},{"id":4,"if":true,"m":{"k":3,"v":500},"name":"MP","r":{"k":3,"v":0},"t":{"e":0,"f":{"k":3,"v":500},"i":{"k":3,"v":10}}},{"id":5,"if":true,"m":{"k":3,"v":100},"name":"TP","r":{"k":3,"v":0},"t":{"e":0,"f":{"k":3,"v":100},"i":{"k":3,"v":10}}},{"f":{"k":8,"v":"Math.ceil(u.str * 0.3)"},"id":6,"if":false,"m":{"k":3,"v":999},"name":"Attack"},{"f":{"k":8,"v":"Math.ceil(u.int * 0.3)"},"id":7,"if":false,"m":{"k":3,"v":999},"name":"Magic"},{"id":8,"if":true,"m":{"k":3,"v":500},"name":"Strength","r":{"k":3,"v":0},"t":{"e":0,"f":{"k":3,"v":500},"i":{"k":3,"v":1}}},{"id":9,"if":true,"m":{"k":3,"v":50},"name":"Intelligence","r":{"k":3,"v":0},"t":{"e":0,"f":{"k":3,"v":50},"i":{"k":3,"v":1}}},{"id":10,"if":true,"m":{"k":3,"v":50},"name":"P. defense","r":{"k":3,"v":0},"t":{"e":0,"f":{"k":3,"v":50},"i":{"k":3,"v":0}}},{"id":11,"if":true,"m":{"k":3,"v":50},"name":"M. defense","r":{"k":3,"v":0},"t":{"e":0,"f":{"k":3,"v":50},"i":{"k":3,"v":0}}},{"id":12,"if":true,"m":{"k":3,"v":200},"name":"Agility","r":{"k":3,"v":0},"t":{"e":0,"f":{"k":3,"v":200},"i":{"k":3,"v":1}}}]},{"characteristics":[{"iae":false,"k":2},{"ewtid":{"k":7,"v":2},"iae":false,"k":2},{"ewtid":{"k":7,"v":3},"iae":false,"k":2},{"ewtid":{"k":7,"v":5},"iae":false,"k":2},{"ewtid":{"k":7,"v":6},"iae":false,"k":2},{"ewtid":{"k":7,"v":7},"iae":false,"k":2},{"ewtid":{"k":7,"v":8},"iae":false,"k":2},{"iae":false,"iaew":false,"k":2},{"eatid":{"k":7,"v":3},"iae":false,"iaew":false,"k":2},{"eatid":{"k":7,"v":5},"iae":false,"iaew":false,"k":2},{"eatid":{"k":7,"v":7},"iae":false,"iaew":false,"k":2},{"eatid":{"k":7,"v":2},"iae":false,"iaew":false,"k":2},{"eatid":{"k":7,"v":4},"iae":false,"iaew":false,"k":2},{"eatid":{"k":7,"v":6},"iae":false,"iaew":false,"k":2},{"eatid":{"k":7,"v":8},"iae":false,"iaew":false,"k":2}],"eB":5,"eI":20,"id":9,"iniL":1,"mxL":100,"names":{"1":"Monster"},"stats":[{"id":3,"if":true,"m":{"k":3,"v":200},"name":"HP","r":{"k":3,"v":0},"t":{"e":0,"f":{"k":3,"v":200},"i":{"k":3,"v":5}}},{"id":4,"if":true,"m":{"k":3,"v":500},"name":"MP","r":{"k":3,"v":0},"t":{"e":0,"f":{"k":3,"v":500},"i":{"k":3,"v":10}}},{"id":5,"if":true,"m":{"k":3,"v":100},"name":"TP","r":{"k":3,"v":0},"t":{"e":0,"f":{"k":3,"v":100},"i":{"k":3,"v":10}}},{"f":{"k":8,"v":"Math.ceil(u.str * 0.3)"},"id":6,"if":false,"m":{"k":3,"v":999},"name":"Attack"},{"f":{"k":8,"v":"Math.ceil(u.int * 0.3)"},"id":7,"if":false,"m":{"k":3,"v":999},"name":"Magic"},{"id":8,"if":true,"m":{"k":3,"v":50},"name":"Strength","r":{"k":3,"v":0},"t":{"e":0,"f":{"k":3,"v":50},"i":{"k":3,"v":1}}},{"id":9,"if":true,"m":{"k":3,"v":50},"name":"Intelligence","r":{"k":3,"v":0},"t":{"e":0,"f":{"k":3,"v":50},"i":{"k":3,"v":1}}},{"id":10,"if":true,"m":{"k":3,"v":50},"name":"P. defense","r":{"k":3,"v":0},"t":{"e":0,"f":{"k":3,"v":50},"i":{"k":3,"v":0}}},{"id":11,"if":true,"m":{"k":3,"v":50},"name":"M. defense","r":{"k":3,"v":0},"t":{"e":0,"f":{"k":3,"v":50},"i":{"k":3,"v":0}}},{"id":12,"if":true,"m":{"k":3,"v":200},"name":"Agility","r":{"k":3,"v":0},"t":{"e":0,"f":{"k":3,"v":200},"i":{"k":3,"v":1}}}]},{"eB":0,"eI":0,"id":10,"iniL":1,"mxL":100,"names":{"1":"idk"}}]}