{"commonObjects":[{"events":[{"id":1,"name":"Hero action","p":[],"r":{"1":{"bh":true,"c":[]}},"sys":false}],"hId":-1,"id":1,"name":"Basic","ooepf":false,"states":[{"cam":true,"climb":false,"dir":false,"gid":-1,"gk":0,"id":1,"move":true,"name":"Normal","pix":true,"pos":false,"stop":false,"sx":{"k":12,"v":1},"sy":{"k":12,"v":1},"sz":{"k":12,"v":1},"through":false,"x":0,"y":0}]},{"events":[{"id":3,"name":"KeyPress","p":[{"id":1,"name":"ID","v":{"k":11,"v":1}},{"id":2,"name":"Repeat","v":{"k":10,"v":true}},{"id":3,"name":"Immediate Repeat","v":{"k":10,"v":true}}],"r":{"1":{"bh":false,"c":[{"command":[7,-1,1,1,1,0,1],"kind":21},{"command":[1,7,2,1,0,1,2],"kind":19}]}},"sys":true},{"id":3,"name":"KeyPress","p":[{"id":1,"name":"ID","v":{"k":11,"v":2}},{"id":2,"name":"Repeat","v":{"k":10,"v":true}},{"id":3,"name":"Immediate Repeat","v":{"k":10,"v":true}}],"r":{"1":{"bh":false,"c":[{"command":[7,-1,1,1,1,1,1],"kind":21},{"command":[1,7,2,1,0,1,2],"kind":19}]}},"sys":true},{"id":3,"name":"KeyPress","p":[{"id":1,"name":"ID","v":{"k":11,"v":3}},{"id":2,"name":"Repeat","v":{"k":10,"v":true}},{"id":3,"name":"Immediate Repeat","v":{"k":10,"v":true}}],"r":{"1":{"bh":false,"c":[{"command":[7,-1,1,1,1,2,1],"kind":21},{"command":[1,7,2,1,0,1,2],"kind":19}]}},"sys":true},{"id":3,"name":"KeyPress","p":[{"id":1,"name":"ID","v":{"k":11,"v":4}},{"id":2,"name":"Repeat","v":{"k":10,"v":true}},{"id":3,"name":"Immediate Repeat","v":{"k":10,"v":true}}],"r":{"1":{"bh":false,"c":[{"command":[7,-1,1,1,1,3,1],"kind":21},{"command":[1,7,2,1,0,1,2],"kind":19}]}},"sys":true},{"id":3,"name":"KeyPress","p":[{"id":1,"name":"ID","v":{"k":11,"v":9}},{"id":2,"name":"Repeat","v":{"k":10,"v":true}},{"id":3,"name":"Immediate Repeat","v":{"k":10,"v":true}}],"r":{"1":{"bh":false,"c":[{"children":[{"command":[7,1,0,10,1],"kind":30},{"command":[0,1,0,0,3,0,0,3,0,0,3,0,0,0,12,-90,12,0,3,0,1,12,1],"kind":23},{"command":[7,1,0,10,0],"kind":30}],"command":[0,0,6,1,0,10,0],"kind":8},{"command":[],"kind":10}]}},"sys":true},{"id":3,"name":"KeyPress","p":[{"id":1,"name":"ID","v":{"k":11,"v":10}},{"id":2,"name":"Repeat","v":{"k":10,"v":true}},{"id":3,"name":"Immediate Repeat","v":{"k":10,"v":true}}],"r":{"1":{"bh":false,"c":[{"children":[{"command":[7,1,0,10,1],"kind":30},{"command":[0,1,0,0,3,0,0,3,0,0,3,0,0,0,12,90,12,0,3,0,1,12,1],"kind":23},{"command":[7,1,0,10,0],"kind":30}],"command":[0,0,6,1,0,10,0],"kind":8},{"command":[],"kind":10}]}},"sys":true},{"id":3,"name":"KeyPress","p":[{"id":1,"name":"ID","v":{"k":11,"v":11}},{"id":2,"name":"Repeat","v":{"k":10,"v":false}},{"id":3,"name":"Immediate Repeat","v":{"k":10,"v":false}}],"r":{"1":{"bh":false,"c":[{"command":[1,7,1,1,0,1,1],"kind":19}]}},"sys":true},{"id":3,"name":"KeyPress","p":[{"id":1,"name":"ID","v":{"k":11,"v":13}},{"id":2,"name":"Repeat","v":{"k":10,"v":false}},{"id":3,"name":"Immediate Repeat","v":{"k":10,"v":false}}],"r":{"1":{"bh":false,"c":[{"command":[],"kind":11}]}},"sys":true},{"id":1,"name":"Time","p":[{"id":1,"name":"Interval","v":{"k":2,"v":null}},{"id":2,"name":"Repeat","v":{"k":2,"v":null}}],"r":{"1":{"bh":false,"c":[{"command":[1,7,2,1,0,1,3],"kind":19}]}},"sys":true},{"id":1,"name":"Time","p":[{"id":1,"name":"Interval","v":{"k":2,"v":null}},{"id":2,"name":"Repeat","v":{"k":10,"v":false}}],"r":{"1":{"bh":true,"c":[{"command":[7,1,0,10,0],"kind":30}]}},"sys":true},{"id":5,"name":"MouseDown","p":[{"id":1,"name":"x","v":{"k":1,"v":null}},{"id":2,"name":"y","v":{"k":1,"v":null}},{"id":3,"name":"Left","v":{"k":2,"v":null}},{"id":4,"name":"Repeat","v":{"k":10,"v":true}}],"r":{"1":{"bh":false,"c":[{"children":[{"command":[7,-1,1,1,1,2,1],"kind":21}],"command":[0,7,8,"Core.ReactionInterpreter.currentParameters[1].getValue() <= (Common.ScreenResolution.CANVAS_WIDTH - Common.ScreenResolution.getScreenX(64)) / 2"],"kind":8},{"command":[],"kind":10},{"children":[{"command":[7,-1,1,1,1,3,1],"kind":21}],"command":[0,7,8,"Core.ReactionInterpreter.currentParameters[1].getValue() >= (Common.ScreenResolution.CANVAS_WIDTH + Common.ScreenResolution.getScreenX(64)) / 2"],"kind":8},{"command":[],"kind":10},{"children":[{"command":[7,-1,1,1,1,0,1],"kind":21}],"command":[0,7,8,"Core.ReactionInterpreter.currentParameters[2].getValue() <= (Common.ScreenResolution.CANVAS_HEIGHT - Common.ScreenResolution.getScreenY(64)) / 2"],"kind":8},{"command":[],"kind":10},{"children":[{"command":[7,-1,1,1,1,1,1],"kind":21}],"command":[0,7,8,"Core.ReactionInterpreter.currentParameters[2].getValue() >= (Common.ScreenResolution.CANVAS_HEIGHT + Common.ScreenResolution.getScreenY(64)) / 2"],"kind":8},{"command":[],"kind":10},{"command":[1,7,2,1,0,1,2],"kind":19}]}},"sys":true},{"id":3,"name":"KeyPress","p":[{"id":1,"name":"ID","v":{"k":11,"v":14}},{"id":2,"name":"Repeat","v":{"k":2,"v":null}},{"id":3,"name":"Immediate Repeat","v":{"k":2,"v":null}}],"r":{"1":{"bh":true,"c":[{"children":[{"command":[0,25,1,0,12,1],"kind":2},{"command":[6],"kind":45}],"command":[0,0,4,23,0,10,1],"kind":8},{"command":[],"kind":10}]}},"sys":true},{"id":3,"name":"KeyPress","p":[{"id":1,"name":"ID","v":{"k":11,"v":15}},{"id":2,"name":"Repeat","v":{"k":2,"v":null}},{"id":3,"name":"Immediate Repeat","v":{"k":2,"v":null}}],"r":{"1":{"bh":true,"c":[{"children":[{"command":[0,25,2,0,12,1],"kind":2},{"command":[6],"kind":45}],"command":[0,0,4,23,0,10,1],"kind":8},{"command":[],"kind":10}]}},"sys":true},{"id":3,"name":"KeyPress","p":[{"id":1,"name":"ID","v":{"k":11,"v":16}},{"id":2,"name":"Repeat","v":{"k":2,"v":null}},{"id":3,"name":"Immediate Repeat","v":{"k":2,"v":null}}],"r":{"1":{"bh":true,"c":[{"command":[4,24],"kind":37}]}},"sys":true}],"hId":-1,"id":2,"name":"Hero","ooepf":false,"p":[{"id":1,"iv":{"k":10,"v":false},"name":"CameraMoving"}],"states":[{"cam":true,"climb":true,"dir":false,"gid":70,"gk":4,"id":1,"move":true,"name":"Normal","pix":true,"pos":false,"stop":true,"sx":{"k":12,"v":0.7},"sy":{"k":12,"v":0.7},"sz":{"k":12,"v":1},"through":false,"x":0,"y":0}]},{"events":[{"id":1,"name":"Hero action","p":[],"r":{"1":{"bh":true,"c":[]}},"sys":false}],"hId":-1,"id":3,"name":"guys","ooepf":false,"states":[{"cam":true,"climb":false,"dir":false,"gid":-1,"gk":0,"id":1,"move":true,"name":"Normal","pix":true,"pos":false,"stop":false,"sx":{"k":12,"v":0.7},"sy":{"k":12,"v":0.7},"sz":{"k":12,"v":1},"through":false,"x":0,"y":0}]}],"commonReactors":[{"bh":true,"c":[{"command":[5,1,0,4,125,0,0,5,2,0,1],"kind":49}],"id":1,"name":"Increase statistic","p":[{"d":{"k":3,"v":1},"id":1,"name":"statistic ID"},{"d":{"k":3,"v":0},"id":2,"name":"addition"}]},{"bh":true,"c":[{"command":[0,125,0,1,3,1,3,50],"kind":2},{"command":[7,1,1,4,125],"kind":53},{"command":[8,"",-1,0,0,1,"[var=125] [ico=6;0;0]"],"kind":1}],"id":2,"name":"Steel"},{"bh":true,"c":[{"command":[8,"",-1,0,0,1,"i'm gonna have to fight u >:C "],"kind":1},{"command":[3,2,3,5,"-",1,"bring it on, punk!","-",1,"wait! forgive me!"],"kind":31},{"children":[{"command":[0,1,0,7,40,3,2,2],"kind":15},{"command":[7,7,7,3,7,4,0],"kind":18},{"command":[7,13,7,1,7,5,0],"kind":18}],"command":[1],"kind":32},{"children":[{"children":[{"command":[8,"",-1,0,0,1,"nu! im mad at u! u were so mean! it's time to FAITO!"],"kind":1},{"command":[0,1,0,7,40,3,2,2],"kind":15},{"command":[7,7,7,3,7,4,0],"kind":18},{"command":[7,13,7,1,7,5,0],"kind":18}],"command":[0,0,4,18,0,10,1],"kind":8},{"command":[],"kind":10},{"children":[{"command":[8,"",-1,0,0,1,"i will forgiv u if u explain why u doin this stuff!!!"],"kind":1},{"command":[4],"kind":45}],"command":[0,0,4,18,0,10,0],"kind":8},{"command":[],"kind":10}],"command":[2],"kind":32},{"command":[],"kind":33}],"id":3,"name":"pink man FAITO"},{"bh":true,"c":[{"command":[3,2,3,5,"-",1,"green man told me to!","-",1,"because you're stupid and I hate you!"],"kind":31},{"children":[{"command":[8,"",-1,0,0,1,"zomg!!!111 rly???? he was thinkin bout me ~(*'w'*)~ that's so romantic <3"],"kind":1},{"children":[{"command":[3,2,3,5,"-",1,"he also wanted to kill you...","-",1,"yeah.  he's totally obsessed with you."],"kind":31},{"children":[{"command":[8,"",-1,0,0,1,"WAOW omg omg!! rly! he wanted to kill ME? lil ol' me! uguuu"],"kind":1},{"command":[3,2,3,5,"-",1,"you got picked, sis!","-",1,"what!? you stupid idiot!"],"kind":31},{"children":[{"command":[8,"",-1,0,0,1,"if he doesnt wanna be with me i'd rather die anyway! when he kills me it will be soooo romantic OwO"],"kind":1},{"command":[8,"",-1,0,0,1,"i gotta go get ready... i wanna look cute when he kills me <3"],"kind":1}],"command":[1],"kind":32},{"children":[{"command":[8,"",-1,0,0,1,"if he doesnt wanna be with me i'd rather die anyway! when he kills me it will be soooo romantic OwO"],"kind":1},{"command":[8,"",-1,0,0,1,"i gotta go get ready... i wanna look cute when he kills me <3"],"kind":1}],"command":[2],"kind":32},{"command":[],"kind":33},{"command":[3,2,3,5,"-",1,"actually,  he wanted me to kill you..."],"kind":31},{"children":[{"command":[8,"",-1,0,0,1,"WUT!? nu! why r u breakin my heart! tell him if he wants me dead he has to do it himself! "],"kind":1},{"command":[0,16,0,3,10,1],"kind":2},{"command":[7,7,7,3,7,3,0],"kind":18},{"command":[7,13,7,1,7,7,0],"kind":18}],"command":[1],"kind":32},{"command":[],"kind":33}],"command":[1],"kind":32},{"children":[{"command":[8,"",-1,0,0,1,"WAOUUUhh!!! omg! my manifestation ritual worked!! uguuu!! yaayy<3"],"kind":1},{"command":[0,17,0,3,10,1],"kind":2},{"command":[7,7,7,3,7,3,0],"kind":18},{"command":[7,13,7,1,7,6,0],"kind":18}],"command":[2],"kind":32},{"command":[],"kind":33},{"command":[],"kind":42}],"command":[0,0,4,8,0,10,1],"kind":8},{"command":[],"kind":10},{"children":[{"command":[3,2,3,5,"-",1,"no, baka! he clearly is crazy and has some nefarious scheme against you!","-",1,"yeah! he must love you!"],"kind":31},{"children":[{"command":[8,"",-1,0,0,1,"omg that makes it even more romantic!!1 OwO"],"kind":1},{"command":[8,"",-1,0,0,1,"give him my diary! i forgiv u for stealin!"],"kind":1},{"command":[0,17,0,3,10,1],"kind":2},{"command":[7,13,7,1,7,6,0],"kind":18}],"command":[1],"kind":32},{"children":[{"command":[8,"",-1,0,0,1,"my manifestation rituals worked <3"],"kind":1},{"command":[8,"",-1,0,0,1,"give him my diary! i forgiv u for stealin!"],"kind":1},{"command":[0,17,0,3,10,1],"kind":2}],"command":[2],"kind":32},{"command":[],"kind":33}],"command":[0,0,4,12,0,10,1],"kind":8},{"command":[],"kind":10}],"command":[1],"kind":32},{"children":[{"command":[8,"",-1,0,0,1,"u r mean and evil!!!! "],"kind":1},{"command":[0,18,0,3,10,1],"kind":2},{"command":[3],"kind":45}],"command":[2],"kind":32},{"command":[],"kind":33},{"children":[{"command":[8,"",-1,0,0,1,"giv him my diary so he knows how i truly feel! i forgiv u for stealin <3"],"kind":1},{"command":[7,7,7,3,7,3,0],"kind":18}],"command":[0,0,4,17,0,10,1],"kind":8},{"command":[],"kind":10}],"id":4,"name":"pink man forgiv"},{"bh":true,"c":[{"command":[8,"",-1,0,0,1,"I need to know what pink person is hiding in their chest!"],"kind":1},{"command":[8,"",-1,0,0,1,"It is too mysterious! I can't handle it!\nSteal whatever is in there for me!"],"kind":1},{"command":[3,2,3,5,"-",1,"you got it,  chief!","-",1,"No way weirdo!"],"kind":31},{"children":[{"command":[0,7,19,1,3,1],"kind":13},{"command":[8,"",-1,0,0,1,"Yes! YES! GOOD LITTLE LAD! Here take the key!"],"kind":1},{"command":[3,2,3,5,"-",1,"If you have the key why can't you just-","-",1,"no problemo!"],"kind":31},{"children":[{"command":[8,"",-1,0,0,1,"Do it myself?! Just be grateful someone gave you a quest,  kiddo!"],"kind":1},{"command":[8,"",-1,0,0,1,"Sheesh, kids these days! You don't even want to do quests!"],"kind":1},{"command":[3,2,3,5,"-",1,"Okay,  whatever. "],"kind":31},{"children":[],"command":[1],"kind":32},{"command":[],"kind":33}],"command":[1],"kind":32},{"children":[],"command":[2],"kind":32},{"command":[],"kind":33},{"command":[8,"",-1,0,0,1,"Oh yeah and one more thing...."],"kind":1},{"command":[8,"",-1,0,0,1,"I also need you to..."],"kind":1},{"command":[8,"",-1,0,0,1,"Just a little favor..."],"kind":1},{"command":[8,"",-1,0,0,1,"If while you're at it you could also just..."],"kind":1},{"command":[8,"",-1,0,0,1,"kill pink person.  "],"kind":1},{"command":[8,"",-1,0,0,1,"OKAY BYE HAVE FUN! NOT TAKING ANYMORE QUESTIONS BYE!"],"kind":1},{"command":[7,-1,0,1,0,1,0,1,0,1,0,1,0,1,0,1,0,1,0,1,0,1,0,1,0,1,0,1,0,1,0,1,0,1,0,1,0,1,0,1,0],"kind":21},{"command":[7,-1,7,-1,7,2,0],"kind":18}],"command":[1],"kind":32},{"children":[{"command":[8,"",-1,0,0,1,"What!? You can't reject my quest! This is a video game!\nHow are you going to PROGRESS THE STORY!?!?!?"],"kind":1}],"command":[2],"kind":32},{"command":[],"kind":33}],"id":5,"name":"green man quest"},{"bh":true,"c":[{"children":[{"command":[0,25,0,0,12,1],"kind":2}],"command":[0,0,4,25,3,12,0],"kind":8},{"command":[],"kind":10},{"children":[{"command":[3,2,0,4,24,1,12,0,12,0,12,25,12,100,12,0,0],"kind":35}],"command":[0,0,4,25,0,12,1],"kind":8},{"command":[],"kind":10},{"children":[{"command":[3,3,0,4,24,0,12,0,12,0,12,23,12,100,12,0,0],"kind":35}],"command":[0,0,4,25,0,12,2],"kind":8},{"command":[],"kind":10},{"children":[{"command":[3,4,0,4,24,0,12,0,12,0,12,21,12,100,12,0,0],"kind":35}],"command":[0,0,4,25,0,12,3],"kind":8},{"command":[],"kind":10},{"children":[{"command":[3,5,0,4,24,0,12,0,12,0,12,21,12,100,12,0,0],"kind":35}],"command":[0,0,4,25,0,12,4],"kind":8},{"command":[],"kind":10},{"children":[{"command":[3,6,0,4,24,0,12,0,12,0,12,22.5,12,100,12,0,0],"kind":35}],"command":[0,0,4,25,0,12,5],"kind":8},{"command":[],"kind":10},{"children":[{"command":[3,7,0,4,24,0,12,0,12,0,12,22.5,12,100,12,0,0],"kind":35}],"command":[0,0,4,25,0,12,6],"kind":8},{"command":[],"kind":10},{"children":[{"command":[3,8,0,4,24,0,12,0,12,0,12,22.5,12,100,12,0,0],"kind":35}],"command":[0,0,4,25,0,12,7],"kind":8},{"command":[],"kind":10},{"children":[{"command":[3,9,0,4,24,1,12,0,12,0,12,22.5,12,100,12,0,0],"kind":35}],"command":[0,0,4,25,0,12,8],"kind":8},{"command":[],"kind":10},{"children":[{"command":[3,10,0,4,24,0,12,0,12,0,12,22.5,12,100,12,0,0],"kind":35}],"command":[0,0,4,25,0,12,9],"kind":8},{"command":[],"kind":10},{"children":[{"command":[3,11,0,4,24,0,12,0,12,0,12,22.5,12,100,12,0,0],"kind":35}],"command":[0,0,4,25,0,12,10],"kind":8},{"command":[],"kind":10},{"children":[{"command":[3,12,0,4,24,0,12,0,12,0,12,22.5,12,100,12,0,0],"kind":35}],"command":[0,0,4,25,0,12,11],"kind":8},{"command":[],"kind":10},{"children":[{"command":[3,13,0,4,24,0,12,0,12,0,12,23,12,100,12,0,0],"kind":35}],"command":[0,0,4,25,0,12,12],"kind":8},{"command":[],"kind":10},{"children":[{"command":[3,14,0,4,24,0,12,0,12,0,12,23,12,100,12,0,0],"kind":35}],"command":[0,0,4,25,0,12,13],"kind":8},{"command":[],"kind":10},{"children":[{"command":[3,15,0,4,24,0,12,0,12,0,12,23,12,100,12,0,0],"kind":35}],"command":[0,0,4,25,0,12,14],"kind":8},{"command":[],"kind":10},{"children":[{"command":[3,16,0,4,24,0,12,0,12,0,12,23,12,100,12,0,0],"kind":35}],"command":[0,0,4,25,0,12,15],"kind":8},{"command":[],"kind":10},{"children":[{"command":[3,17,0,4,24,0,12,0,12,0,12,23,12,100,12,0,0],"kind":35}],"command":[0,0,4,25,0,12,16],"kind":8},{"command":[],"kind":10},{"children":[{"command":[3,18,0,4,24,0,12,0,12,0,12,23,12,100,12,0,0],"kind":35}],"command":[0,0,4,25,0,12,17],"kind":8},{"command":[],"kind":10},{"children":[{"command":[3,19,0,4,24,0,12,0,12,0,12,23,12,100,12,0,0],"kind":35}],"command":[0,0,4,25,0,12,18],"kind":8},{"command":[],"kind":10}],"id":6,"name":"Book"}],"eventsSystem":[{"id":1,"name":"Time","p":[{"d":{"k":3,"v":0},"id":1,"name":"Interval"},{"d":{"k":10,"v":true},"id":2,"name":"Repeat"}]},{"id":2,"name":"Chronometer finished","p":[{"d":{"k":3,"v":0},"id":1,"name":"ID"}]},{"id":3,"name":"KeyPress","p":[{"d":{"k":1,"v":null},"id":1,"name":"ID"},{"d":{"k":10,"v":false},"id":2,"name":"Repeat"},{"d":{"k":10,"v":false},"id":3,"name":"Immediate Repeat"}]},{"id":4,"name":"KeyRelease","p":[{"d":{"k":1,"v":null},"id":1,"name":"ID"}]},{"id":5,"name":"MouseDown","p":[{"d":{"k":3,"v":0},"id":1,"name":"x"},{"d":{"k":3,"v":0},"id":2,"name":"y"},{"d":{"k":10,"v":true},"id":3,"name":"Left"},{"d":{"k":10,"v":false},"id":4,"name":"Repeat"}]},{"id":6,"name":"MouseUp","p":[{"d":{"k":3,"v":0},"id":1,"name":"x"},{"d":{"k":3,"v":0},"id":2,"name":"y"},{"d":{"k":10,"v":true},"id":3,"name":"Left"}]},{"id":7,"name":"MouseMove","p":[{"d":{"k":3,"v":0},"id":1,"name":"x"},{"d":{"k":3,"v":0},"id":2,"name":"y"}]}],"eventsUser":[{"id":1,"name":"Hero action"},{"id":2,"name":"Hero touch"},{"id":3,"name":"Enemy touch"},{"id":4,"name":""}],"states":[{"id":1,"name":"Normal"},{"id":2,"name":"NO EXISTO"},{"id":3,"name":"third"},{"id":4,"name":"fourth"},{"id":5,"name":"5"},{"id":6,"name":"6"},{"id":7,"name":"7"}]}