{"heroes":[{"bid":29,"ci":{"id":1,"names":{"1":""}},"class":2,"description":{"id":-1,"names":{"1":""}},"fid":1,"id":1,"names":{"1":"purple"}},{"bid":1,"ci":{"eI":30,"id":1,"iniL":1,"mxL":100,"names":{"1":""}},"class":1,"description":{"id":-1,"names":{"1":""}},"fid":-1,"id":2,"names":{"1":"blue"}},{"bid":1,"ci":{"eB":5,"eI":30,"id":1,"iniL":1,"mxL":100,"names":{"1":""}},"class":1,"description":{"id":-1,"names":{"1":""}},"fid":1,"id":3,"names":{"1":"pink"}},{"bid":1,"ci":{"eB":5,"eI":30,"id":1,"iniL":1,"mxL":100,"names":{"1":""}},"class":1,"description":{"id":-1,"names":{"1":""}},"fid":-1,"id":4,"names":{"1":"green"}},{"bid":1,"ci":{"eB":5,"eI":30,"id":1,"iniL":1,"mxL":100,"names":{"1":""}},"class":1,"description":{"id":-1,"names":{"1":""}},"fid":1,"id":5,"names":{"1":""}},{"bid":1,"ci":{"eB":5,"eI":30,"id":1,"iniL":1,"mxL":100,"names":{"1":""}},"class":1,"description":{"id":-1,"names":{"1":""}},"fid":-1,"id":6,"names":{"1":""}}]}