{"items":[{"ak":2,"atid":{"k":7,"v":74},"auid":{"k":7,"v":7},"battleMessage":{"id":1,"names":{"1":"[item]"}},"con":true,"d":{"id":-1,"names":{"1":"baked wif luv- pink person :3"}},"e":[{"df":{"k":8,"v":"-10"},"dsid":{"k":7,"v":3},"idmin":false}],"id":1,"names":{"1":"Cookie"},"p":[{"k":1,"vf":{"k":8,"v":"10"}}],"pid":1,"t":3,"tcf":{"k":8,"v":"t.hp > 0"},"tk":5},{"ak":2,"atid":{"k":7,"v":75},"auid":{"k":7,"v":7},"battleMessage":{"id":1,"names":{"1":"[item]"}},"con":true,"d":{"id":-1,"names":{"1":"flesh and blood of christ"}},"e":[{"df":{"k":8,"v":"-100"},"dsid":{"k":7,"v":3},"idmin":false}],"id":2,"names":{"1":"Eucharist"},"p":[{"k":1,"vf":{"k":8,"v":"100"}}],"pictureIndexX":1,"pid":1,"t":3,"tcf":{"k":8,"v":"t.hp > 0"},"tk":3},{"ak":2,"atid":{"k":7,"v":76},"auid":{"k":7,"v":7},"battleMessage":{"id":1,"names":{"1":"[item]"}},"con":true,"d":{"id":-1,"names":{"1":"A large potion recovering your HP"}},"e":[{"df":{"k":8,"v":"-2000"},"dsid":{"k":7,"v":3},"idmin":false}],"id":3,"names":{"1":"Mega HP potion"},"p":[{"k":1,"vf":{"k":8,"v":"500"}}],"pictureIndexX":2,"pid":1,"t":3,"tcf":{"k":8,"v":"t.hp > 0"},"tk":3},{"ak":2,"atid":{"k":7,"v":77},"auid":{"k":7,"v":7},"battleMessage":{"id":1,"names":{"1":"[item]"}},"con":true,"d":{"id":-1,"names":{"1":"A small potion recovering your MP"}},"e":[{"df":{"k":8,"v":"-10"},"dsid":{"k":7,"v":4},"idmin":false}],"id":4,"names":{"1":"MP potion"},"p":[{"k":1,"vf":{"k":8,"v":"20"}}],"pictureIndexX":3,"pid":1,"t":3,"tcf":{"k":8,"v":"t.hp > 0"},"tk":3},{"ak":2,"atid":{"k":7,"v":78},"auid":{"k":7,"v":7},"battleMessage":{"id":1,"names":{"1":"[item]"}},"con":true,"d":{"id":-1,"names":{"1":"A medium potion recovering your MP"}},"e":[{"df":{"k":8,"v":"-100"},"dsid":{"k":7,"v":4},"idmin":false}],"id":5,"names":{"1":"Super MP potion"},"p":[{"k":1,"vf":{"k":8,"v":"200"}}],"pictureIndexX":4,"pid":1,"t":3,"tcf":{"k":8,"v":"t.hp > 0"},"tk":3},{"ak":2,"atid":{"k":7,"v":79},"auid":{"k":7,"v":7},"battleMessage":{"id":1,"names":{"1":"[item]"}},"con":true,"d":{"id":-1,"names":{"1":"A large potion recovering your MP"}},"e":[{"df":{"k":8,"v":"-2000"},"dsid":{"k":7,"v":4},"idmin":false}],"id":6,"names":{"1":"Mega MP potion"},"p":[{"k":1,"vf":{"k":8,"v":"600"}}],"pictureIndexX":5,"pid":1,"t":3,"tcf":{"k":8,"v":"t.hp > 0"},"tk":3},{"ak":2,"atid":{"k":7,"v":80},"auid":{"k":7,"v":7},"battleMessage":{"id":1,"names":{"1":"[item]"}},"con":true,"d":{"id":-1,"names":{"1":"A small potion recovering your TP"}},"e":[{"df":{"k":8,"v":"-10"},"dsid":{"k":7,"v":5},"idmin":false}],"id":7,"names":{"1":"TP potion"},"p":[{"k":1,"vf":{"k":8,"v":"20"}}],"pictureIndexX":6,"pid":1,"t":3,"tcf":{"k":8,"v":"t.hp > 0"},"tk":3},{"ak":2,"atid":{"k":7,"v":81},"auid":{"k":7,"v":7},"battleMessage":{"id":1,"names":{"1":"[item]"}},"con":true,"d":{"id":-1,"names":{"1":"A medium potion recovering your TP"}},"e":[{"df":{"k":8,"v":"-100"},"dsid":{"k":7,"v":5},"idmin":false}],"id":8,"names":{"1":"Super TP potion"},"p":[{"k":1,"vf":{"k":8,"v":"200"}}],"pictureIndexY":1,"pid":1,"t":3,"tcf":{"k":8,"v":"t.hp > 0"},"tk":3},{"ak":2,"atid":{"k":7,"v":82},"auid":{"k":7,"v":7},"battleMessage":{"id":1,"names":{"1":"[item]"}},"con":true,"d":{"id":-1,"names":{"1":"A large potion recovering your TP"}},"e":[{"df":{"k":8,"v":"-2000"},"dsid":{"k":7,"v":5},"idmin":false}],"id":9,"names":{"1":"Mega TP potion"},"p":[{"k":1,"vf":{"k":8,"v":"600"}}],"pictureIndexX":1,"pictureIndexY":1,"pid":1,"t":3,"tcf":{"k":8,"v":"t.hp > 0"},"tk":3},{"ak":2,"atid":{"k":7,"v":83},"auid":{"k":7,"v":7},"battleMessage":{"id":1,"names":{"1":"[item]"}},"con":true,"d":{"id":-1,"names":{"1":"Resurrect an ally"}},"e":[{"df":{"k":8,"v":"-1"},"dsid":{"k":7,"v":3},"idmin":false}],"id":10,"names":{"1":"Phoenix feather"},"p":[{"k":1,"vf":{"k":8,"v":"1000"}}],"pictureIndexX":2,"pictureIndexY":1,"pid":1,"t":3,"tcf":{"k":8,"v":"t.hp === 0"},"tk":3},{"ak":2,"atid":{"k":7,"v":50},"auid":{"k":7,"v":7},"battleMessage":{"id":1,"names":{"1":"[item]"}},"con":true,"d":{"id":-1,"names":{"1":"A remedy to recover from all status"}},"e":[{"iast":false,"k":1,"sid":{"k":7,"v":2}},{"iast":false,"k":1,"sid":{"k":7,"v":3}},{"iast":false,"k":1,"sid":{"k":7,"v":4}},{"iast":false,"k":1,"sid":{"k":7,"v":5}},{"iast":false,"k":1,"sid":{"k":7,"v":6}},{"iast":false,"k":1,"sid":{"k":7,"v":7}},{"iast":false,"k":1,"sid":{"k":7,"v":8}}],"id":11,"names":{"1":"Remedy"},"p":[{"k":1,"vf":{"k":8,"v":"100"}}],"pictureIndexX":3,"pictureIndexY":1,"pid":1,"t":3,"tcf":{"k":8,"v":"t.hp > 0"},"tk":3},{"ak":2,"atid":{"k":7,"v":50},"auid":{"k":7,"v":7},"battleMessage":{"id":-1,"names":{"1":"[item]"}},"con":true,"d":{"id":-1,"names":{"1":"A remedy to recover from poisoned status"}},"e":[{"iast":false,"k":1,"sid":{"k":7,"v":2}}],"id":12,"names":{"1":"Remedy poisoned"},"p":[{"k":1,"vf":{"k":8,"v":"10"}}],"pictureIndexX":4,"pictureIndexY":1,"pid":1,"t":3,"tcf":{"k":8,"v":"t.hp > 0"},"tk":3},{"ak":2,"atid":{"k":7,"v":50},"auid":{"k":7,"v":7},"battleMessage":{"id":-1,"names":{"1":"[item]"}},"con":true,"d":{"id":-1,"names":{"1":"A remedy to recover from burnt status"}},"e":[{"iast":false,"k":1,"sid":{"k":7,"v":3}}],"id":13,"names":{"1":"Remedy burnt"},"p":[{"k":1,"vf":{"k":8,"v":"10"}}],"pictureIndexX":5,"pictureIndexY":1,"pid":1,"t":3,"tcf":{"k":8,"v":"t.hp > 0"},"tk":3},{"ak":2,"atid":{"k":7,"v":50},"auid":{"k":7,"v":7},"battleMessage":{"id":-1,"names":{"1":"[item]"}},"con":true,"d":{"id":-1,"names":{"1":"A remedy to recover from paralized status"}},"e":[{"iast":false,"k":1,"sid":{"k":7,"v":4}}],"id":14,"names":{"1":"Remedy paralized"},"p":[{"k":1,"vf":{"k":8,"v":"10"}}],"pictureIndexX":6,"pictureIndexY":1,"pid":1,"t":3,"tcf":{"k":8,"v":"t.hp > 0"},"tk":3},{"ak":2,"atid":{"k":7,"v":50},"auid":{"k":7,"v":7},"battleMessage":{"id":-1,"names":{"1":"[item]"}},"con":true,"d":{"id":-1,"names":{"1":"A remedy to recover from confused status"}},"e":[{"iast":false,"k":1,"sid":{"k":7,"v":5}}],"id":15,"names":{"1":"Remedy confused"},"p":[{"k":1,"vf":{"k":8,"v":"10"}}],"pictureIndexY":2,"pid":1,"t":3,"tcf":{"k":8,"v":"t.hp > 0"},"tk":3},{"ak":2,"atid":{"k":7,"v":50},"auid":{"k":7,"v":7},"battleMessage":{"id":-1,"names":{"1":"[item]"}},"con":true,"d":{"id":-1,"names":{"1":"A remedy to recover from muted status"}},"e":[{"iast":false,"k":1,"sid":{"k":7,"v":6}}],"id":16,"names":{"1":"Remedy muted"},"p":[{"k":1,"vf":{"k":8,"v":"10"}}],"pictureIndexX":1,"pictureIndexY":2,"pid":1,"t":3,"tcf":{"k":8,"v":"t.hp > 0"},"tk":3},{"ak":2,"atid":{"k":7,"v":50},"auid":{"k":7,"v":7},"battleMessage":{"id":-1,"names":{"1":"[item]"}},"con":true,"d":{"id":-1,"names":{"1":"A remedy to recover from sleeping status"}},"e":[{"iast":false,"k":1,"sid":{"k":7,"v":7}}],"id":17,"names":{"1":"Remedy sleeping"},"p":[{"k":1,"vf":{"k":8,"v":"10"}}],"pictureIndexX":2,"pictureIndexY":2,"pid":1,"t":3,"tcf":{"k":8,"v":"t.hp > 0"},"tk":3},{"ak":2,"atid":{"k":7,"v":50},"auid":{"k":7,"v":7},"battleMessage":{"id":-1,"names":{"1":"[item]"}},"con":true,"d":{"id":-1,"names":{"1":"A remedy to recover from blind status"}},"e":[{"iast":false,"k":1,"sid":{"k":7,"v":8}}],"id":18,"names":{"1":"Remedy blind"},"p":[{"k":1,"vf":{"k":8,"v":"10"}}],"pictureIndexX":3,"pictureIndexY":2,"pid":1,"t":3,"tcf":{"k":8,"v":"t.hp > 0"},"tk":3},{"battleMessage":{"id":-1,"names":{"1":"[item]"}},"canBeSold":{"k":10,"v":false},"d":{"id":-1,"names":{"1":"A key to use on a door"}},"id":19,"names":{"1":"Key"},"p":[{"k":1,"vf":{"k":8,"v":"0"}}],"pictureIndexX":4,"pictureIndexY":2,"pid":1,"t":2},{"battleMessage":{"id":-1,"names":{"1":"[item]"}},"canBeSold":{"k":10,"v":false},"d":{"id":-1,"names":{"1":"A big key to use on a big door"}},"id":20,"names":{"1":"Big key"},"p":[{"k":1,"vf":{"k":8,"v":"0"}}],"pictureIndexX":5,"pictureIndexY":2,"pid":1,"t":2},{"battleMessage":{"id":-1,"names":{"1":"[item]"}},"canBeSold":{"k":10,"v":false},"d":{"id":-1,"names":{"1":"A world map"}},"id":21,"names":{"1":"Map"},"p":[{"k":1,"vf":{"k":8,"v":"0"}}],"pictureIndexX":6,"pictureIndexY":2,"pid":1,"t":2},{"battleMessage":{"id":-1,"names":{"1":"[item]"}},"canBeSold":{"k":10,"v":false},"d":{"id":-1,"names":{"1":"A cute bear blush"}},"id":22,"names":{"1":"Plush"},"p":[{"k":1,"vf":{"k":8,"v":"0"}}],"pictureIndexY":3,"pid":1,"t":2},{"battleMessage":{"id":-1,"names":{"1":"[item]"}},"canBeSold":{"k":10,"v":false},"d":{"id":-1,"names":{"1":"A closed envelope"}},"id":23,"names":{"1":"Envelope"},"p":[{"k":1,"vf":{"k":8,"v":"0"}}],"pictureIndexX":1,"pictureIndexY":3,"pid":1,"t":2},{"battleMessage":{"id":-1,"names":{"1":"[item]"}},"canBeSold":{"k":10,"v":false},"d":{"id":-1,"names":{"1":"A simple page of a book"}},"id":24,"names":{"1":"Page"},"p":[{"k":1,"vf":{"k":8,"v":"0"}}],"pictureIndexX":2,"pictureIndexY":3,"pid":1,"t":2},{"battleMessage":{"id":-1,"names":{"1":"[item]"}},"canBeSold":{"k":10,"v":false},"d":{"id":-1,"names":{"1":"A simple book"}},"id":25,"names":{"1":"Book"},"p":[{"k":1,"vf":{"k":8,"v":"0"}}],"pictureIndexX":3,"pictureIndexY":3,"pid":1,"t":2},{"battleMessage":{"id":-1,"names":{"1":"[item]"}},"canBeSold":{"k":10,"v":false},"d":{"id":-1,"names":{"1":"A simple bag"}},"id":26,"names":{"1":"Bag"},"p":[{"k":1,"vf":{"k":8,"v":"0"}}],"pictureIndexX":4,"pictureIndexY":3,"pid":1,"t":2},{"battleMessage":{"id":-1,"names":{"1":"[item]"}},"canBeSold":{"k":10,"v":false},"d":{"id":-1,"names":{"1":"A pickaxe for stones"}},"id":27,"names":{"1":"Pickaxe"},"p":[{"k":1,"vf":{"k":8,"v":"0"}}],"pictureIndexX":5,"pictureIndexY":3,"pid":1,"t":2},{"battleMessage":{"id":-1,"names":{"1":"[item]"}},"canBeSold":{"k":10,"v":false},"d":{"id":-1,"names":{"1":"A shovel for digging"}},"id":28,"names":{"1":"Shovel"},"p":[{"k":1,"vf":{"k":8,"v":"0"}}],"pictureIndexX":6,"pictureIndexY":3,"pid":1,"t":2},{"battleMessage":{"id":-1,"names":{"1":"[item]"}},"con":true,"d":{"id":-1,"names":{"1":"A string to escape a zone"}},"id":29,"names":{"1":"String"},"p":[{"k":1,"vf":{"k":8,"v":"50"}}],"pictureIndexY":4,"pid":1,"t":3},{"battleMessage":{"id":-1,"names":{"1":"[item]"}},"con":true,"d":{"id":-1,"names":{"1":"A beautiful crystal"}},"id":30,"names":{"1":"Crystal"},"p":[{"k":1,"vf":{"k":8,"v":"20"}}],"pictureIndexX":1,"pictureIndexY":4,"pid":1},{"battleMessage":{"id":-1,"names":{"1":"[item]"}},"con":true,"d":{"id":-1,"names":{"1":"A beautiful pearl"}},"id":31,"names":{"1":"Pearl"},"p":[{"k":1,"vf":{"k":8,"v":"40"}}],"pictureIndexX":2,"pictureIndexY":4,"pid":1},{"battleMessage":{"id":-1,"names":{"1":"[item]"}},"con":true,"d":{"id":-1,"names":{"1":"A beautiful sapphire"}},"id":32,"names":{"1":"Sapphire"},"p":[{"k":1,"vf":{"k":8,"v":"80"}}],"pictureIndexX":3,"pictureIndexY":4,"pid":1},{"battleMessage":{"id":-1,"names":{"1":"[item]"}},"con":true,"d":{"id":-1,"names":{"1":"A beautiful ruby"}},"id":33,"names":{"1":"Ruby"},"p":[{"k":1,"vf":{"k":8,"v":"100"}}],"pictureIndexX":4,"pictureIndexY":4,"pid":1},{"battleMessage":{"id":-1,"names":{"1":"[item]"}},"con":true,"d":{"id":-1,"names":{"1":"A beautiful emerald"}},"id":34,"names":{"1":"Emerald"},"p":[{"k":1,"vf":{"k":8,"v":"150"}}],"pictureIndexX":5,"pictureIndexY":4,"pid":1},{"ak":2,"battleMessage":{"id":-1,"names":{"1":"[item]"}},"con":true,"d":{"id":-1,"names":{"1":"A root permanently adding max HP of an ally by 10"}},"e":[{"k":6,"sf":{"k":8,"v":"RPM.Game.current.variables[125] = t.instid;"}},{"cr":{"command":[1,1,12,3,2,12,10],"kind":45},"k":4}],"id":35,"names":{"1":"Root red"},"p":[{"k":1,"vf":{"k":8,"v":"100"}}],"pictureIndexX":6,"pictureIndexY":4,"pid":1,"t":3,"tcf":{"k":8,"v":"t.hp > 0"},"tk":3},{"ak":2,"battleMessage":{"id":-1,"names":{"1":"[item]"}},"con":true,"d":{"id":-1,"names":{"1":"A root permanently adding max MP of an ally by 10"}},"e":[{"k":6,"sf":{"k":8,"v":"RPM.Game.current.variables[125] = t.instid;"}},{"cr":{"command":[1,1,12,4,2,12,10],"kind":45},"k":4}],"id":36,"names":{"1":"Root blue"},"p":[{"k":1,"vf":{"k":8,"v":"100"}}],"pictureIndexX":6,"pictureIndexY":4,"pid":1,"t":3,"tcf":{"k":8,"v":"t.hp > 0"},"tk":3},{"ak":2,"battleMessage":{"id":-1,"names":{"1":"[item]"}},"con":true,"d":{"id":-1,"names":{"1":"A root permanently adding max TP of an ally by 10"}},"e":[{"k":6,"sf":{"k":8,"v":"RPM.Game.current.variables[125] = t.instid;"}},{"cr":{"command":[1,1,12,5,2,12,10],"kind":45},"k":4}],"id":37,"names":{"1":"Root green"},"p":[{"k":1,"vf":{"k":8,"v":"100"}}],"pictureIndexX":6,"pictureIndexY":4,"pid":1,"t":3,"tcf":{"k":8,"v":"t.hp > 0"},"tk":3},{"ak":2,"battleMessage":{"id":-1,"names":{"1":"[item]"}},"con":true,"d":{"id":-1,"names":{"1":"A root permanently adding strength of an ally by 1"}},"e":[{"k":6,"sf":{"k":8,"v":"RPM.Game.current.variables[125] = t.instid;"}},{"cr":{"command":[1,1,12,8,2,12,1],"kind":45},"k":4}],"id":38,"names":{"1":"Root brown"},"p":[{"k":1,"vf":{"k":8,"v":"100"}}],"pictureIndexX":6,"pictureIndexY":4,"pid":1,"t":3,"tcf":{"k":8,"v":"t.hp > 0"},"tk":3},{"ak":2,"battleMessage":{"id":-1,"names":{"1":"[item]"}},"con":true,"d":{"id":-1,"names":{"1":"A root permanently adding intelligence of an ally by 1"}},"e":[{"k":6,"sf":{"k":8,"v":"RPM.Game.current.variables[125] = t.instid;"}},{"cr":{"command":[1,1,12,9,2,12,1],"kind":45},"k":4}],"id":39,"names":{"1":"Root purple"},"p":[{"k":1,"vf":{"k":8,"v":"100"}}],"pictureIndexX":6,"pictureIndexY":4,"pid":1,"t":3,"tcf":{"k":8,"v":"t.hp > 0"},"tk":3},{"ak":2,"battleMessage":{"id":-1,"names":{"1":"[item]"}},"con":true,"d":{"id":-1,"names":{"1":"A root permanently adding agility of an ally by 1"}},"e":[{"k":6,"sf":{"k":8,"v":"RPM.Game.current.variables[125] = t.instid;"}},{"cr":{"command":[1,1,12,12,2,12,1],"kind":45},"k":4}],"id":40,"names":{"1":"Root yellow"},"p":[{"k":1,"vf":{"k":8,"v":"100"}}],"pictureIndexX":6,"pictureIndexY":4,"pid":1,"t":3,"tcf":{"k":8,"v":"t.hp > 0"},"tk":3},{"ak":2,"battleMessage":{"id":-1,"names":{"1":"[item]"}},"con":true,"d":{"id":-1,"names":{"1":"A root permanently adding P.defense of an ally by 1"}},"e":[{"k":6,"sf":{"k":8,"v":"RPM.Game.current.variables[125] = t.instid;"}},{"cr":{"command":[1,1,12,10,2,12,1],"kind":45},"k":4}],"id":41,"names":{"1":"Root pink"},"p":[{"k":1,"vf":{"k":8,"v":"100"}}],"pictureIndexX":6,"pictureIndexY":4,"pid":1,"t":3,"tcf":{"k":8,"v":"t.hp > 0"},"tk":3},{"ak":2,"battleMessage":{"id":-1,"names":{"1":"[item]"}},"con":true,"d":{"id":-1,"names":{"1":"A root permanently adding M.defense of an ally by 1"}},"e":[{"k":6,"sf":{"k":8,"v":"RPM.Game.current.variables[125] = t.instid;"}},{"cr":{"command":[1,1,12,11,2,12,1],"kind":45},"k":4}],"id":42,"names":{"1":"Root cyan"},"p":[{"k":1,"vf":{"k":8,"v":"100"}}],"pictureIndexX":6,"pictureIndexY":4,"pid":1,"t":3,"tcf":{"k":8,"v":"t.hp > 0"},"tk":3},{"ak":2,"battleMessage":{"id":-1,"names":{"1":"[item]"}},"d":{"id":-1,"names":{"1":""}},"id":43,"names":{"1":"Valentine"},"pid":7,"t":3},{"battleMessage":{"id":-1,"names":{"1":"[item]"}},"d":{"id":-1,"names":{"1":""}},"id":44,"names":{"1":"Diary"},"pid":-1},{"battleMessage":{"id":-1,"names":{"1":"[item]"}},"d":{"id":-1,"names":{"1":"Desert by Anonymous"}},"id":45,"names":{"1":"Book"},"pictureIndexX":2,"pictureIndexY":3,"pid":1,"t":3},{"battleMessage":{"id":-1,"names":{"1":"[item]"}},"d":{"id":-1,"names":{"1":""}},"id":46,"names":{"1":"VM&P Naphtha"},"pid":-1}]}