{"a":11,"c":12,"d":6,"l":7,"list":[{"abr":"UpHero","id":1,"names":{"1":"Move hero up"},"sc":[[87]]},{"abr":"DownHero","id":2,"names":{"1":"Move hero down"},"sc":[[83]]},{"abr":"LeftHero","id":3,"names":{"1":"Move hero left"},"sc":[[65]]},{"abr":"RightHero","id":4,"names":{"1":"Move hero right"},"sc":[[68]]},{"abr":"UpMenu","id":5,"names":{"1":"Move menu up"},"sc":[[16777235],[87]]},{"abr":"DownMenu","id":6,"names":{"1":"Move menu down"},"sc":[[16777237],[83]]},{"abr":"LeftMenu","id":7,"names":{"1":"Move menu left"},"sc":[[16777234],[65]]},{"abr":"RightMenu","id":8,"names":{"1":"Move menu right"},"sc":[[16777236],[68]]},{"abr":"LeftCamera","id":9,"names":{"1":"Move camera left"},"sc":[[16777234]]},{"abr":"RightCamera","id":10,"names":{"1":"Move camera right"},"sc":[[16777236]]},{"abr":"Action","id":11,"names":{"1":"Action"},"sc":[[16777220],[16777221],[32]]},{"abr":"Cancel","id":12,"names":{"1":"Cancel"},"sc":[[88]]},{"abr":"MainMenu","id":13,"names":{"1":"Open / Close main menu"},"sc":[[16777216]]},{"abr":"pgfw","id":14,"names":{"1":""},"sc":[[77]]},{"abr":"pgbw","id":15,"names":{"1":""},"sc":[[78]]},{"abr":"closebook","id":16,"names":{"1":""},"sc":[[66]]}],"r":8,"u":5}