{"monsters":[{"a":[{"ak":0,"id":-1,"name":"","sid":{"k":7,"v":73}}],"bid":9,"ci":{"id":-1,"names":{"1":""},"skills":[{"id":73,"l":1,"name":"Fang"}]},"class":9,"cur":[{"k":1,"v":{"e":0,"f":{"k":3,"v":1500},"i":{"k":3,"v":5}}}],"description":{"id":-1,"names":{"1":""}},"fid":2,"id":1,"loots":[{"f":{"k":3,"v":100},"i":{"k":3,"v":1},"k":0,"lid":{"k":7,"v":1},"n":{"k":3,"v":1},"p":{"k":3,"v":10}},{"f":{"k":3,"v":1},"i":{"k":3,"v":1},"k":0,"lid":{"k":7,"v":17},"n":{"k":3,"v":1},"p":{"k":3,"v":30}}],"names":{"1":"Wooly"},"xp":{"e":0,"f":{"k":3,"v":5000},"i":{"k":3,"v":5}}},{"a":[{"ak":0,"id":-1,"name":""},{"ak":0,"id":-1,"name":"","p":{"k":3,"v":3},"sid":{"k":7,"v":59}}],"bid":10,"ci":{"id":1,"names":{"1":""},"skills":[{"id":59,"l":1,"name":"Sleep I"}],"stats":[{"id":3,"if":true,"m":{"k":3,"v":250},"name":"HP","r":{"k":3,"v":0},"t":{"e":0,"f":{"k":3,"v":250},"i":{"k":3,"v":7}}},{"id":8,"if":true,"m":{"k":3,"v":60},"name":"Strength","r":{"k":3,"v":0},"t":{"e":0,"f":{"k":3,"v":60},"i":{"k":3,"v":1}}}]},"class":9,"cur":[{"k":1,"v":{"e":0,"f":{"k":3,"v":1505},"i":{"k":3,"v":6}}}],"description":{"id":-1,"names":{"1":""}},"fid":2,"id":2,"indexXFaceset":1,"loots":[{"f":{"k":3,"v":100},"i":{"k":3,"v":1},"k":0,"lid":{"k":7,"v":1},"n":{"k":3,"v":3},"p":{"k":3,"v":15}},{"f":{"k":3,"v":100},"i":{"k":3,"v":1},"k":0,"lid":{"k":7,"v":2},"n":{"k":3,"v":1},"p":{"k":3,"v":1}}],"names":{"1":"mushroomy"},"xp":{"e":0,"f":{"k":3,"v":5100},"i":{"k":3,"v":8}}},{"a":[{"ak":0,"id":-1,"name":""}],"bid":11,"ci":{"id":1,"names":{"1":""},"stats":[{"id":3,"if":true,"m":{"k":3,"v":300},"name":"HP","r":{"k":3,"v":0},"t":{"e":0,"f":{"k":3,"v":300},"i":{"k":3,"v":10}}},{"id":8,"if":true,"m":{"k":3,"v":60},"name":"Strength","r":{"k":3,"v":0},"t":{"e":0,"f":{"k":3,"v":60},"i":{"k":3,"v":1}}}]},"class":9,"cur":[{"k":1,"v":{"e":0,"f":{"k":3,"v":1600},"i":{"k":3,"v":10}}}],"description":{"id":-1,"names":{"1":""}},"fid":2,"id":3,"indexXFaceset":2,"loots":[{"f":{"k":3,"v":100},"i":{"k":3,"v":1},"k":0,"lid":{"k":7,"v":4},"n":{"k":3,"v":1},"p":{"k":3,"v":15}},{"f":{"k":3,"v":100},"i":{"k":3,"v":1},"k":0,"lid":{"k":7,"v":5},"n":{"k":3,"v":1},"p":{"k":3,"v":1}}],"names":{"1":"Slime blue"},"xp":{"e":0,"f":{"k":3,"v":5200},"i":{"k":3,"v":10}}},{"a":[{"ak":0,"id":-1,"name":""}],"bid":12,"ci":{"id":1,"names":{"1":""},"stats":[{"id":3,"if":true,"m":{"k":3,"v":200},"name":"HP","r":{"k":3,"v":0},"t":{"e":0,"f":{"k":3,"v":200},"i":{"k":3,"v":5}}},{"id":8,"if":true,"m":{"k":3,"v":100},"name":"Strength","r":{"k":3,"v":0},"t":{"e":0,"f":{"k":3,"v":100},"i":{"k":3,"v":5}}}]},"class":9,"cur":[{"k":1,"v":{"e":0,"f":{"k":3,"v":1600},"i":{"k":3,"v":10}}}],"description":{"id":-1,"names":{"1":""}},"fid":2,"id":4,"indexXFaceset":3,"loots":[{"f":{"k":3,"v":100},"i":{"k":3,"v":1},"k":0,"lid":{"k":7,"v":4},"n":{"k":3,"v":1},"p":{"k":3,"v":15}},{"f":{"k":3,"v":100},"i":{"k":3,"v":1},"k":0,"lid":{"k":7,"v":5},"n":{"k":3,"v":1},"p":{"k":3,"v":1}}],"names":{"1":"Slime black"},"xp":{"e":0,"f":{"k":3,"v":5200},"i":{"k":3,"v":10}}},{"a":[{"ak":0,"id":-1,"name":""}],"bid":13,"ci":{"id":1,"names":{"1":""},"stats":[{"id":3,"if":true,"m":{"k":3,"v":3000},"name":"HP","r":{"k":3,"v":0},"t":{"e":0,"f":{"k":3,"v":3000},"i":{"k":3,"v":30}}},{"id":8,"if":true,"m":{"k":3,"v":60},"name":"Strength","r":{"k":3,"v":0},"t":{"e":0,"f":{"k":3,"v":60},"i":{"k":3,"v":1}}}]},"class":9,"cur":[{"k":1,"v":{"e":0,"f":{"k":3,"v":16000},"i":{"k":3,"v":100}}}],"description":{"id":-1,"names":{"1":""}},"fid":2,"id":5,"indexYFaceset":1,"loots":[{"f":{"k":3,"v":100},"i":{"k":3,"v":1},"k":0,"lid":{"k":7,"v":4},"n":{"k":3,"v":1},"p":{"k":3,"v":15}},{"f":{"k":3,"v":100},"i":{"k":3,"v":1},"k":0,"lid":{"k":7,"v":5},"n":{"k":3,"v":1},"p":{"k":3,"v":1}}],"names":{"1":"Slime gold"},"xp":{"e":0,"f":{"k":3,"v":52000},"i":{"k":3,"v":100}}},{"a":[{"ak":0,"id":-1,"name":"","p":{"k":3,"v":7},"sid":{"k":7,"v":72}},{"ak":0,"id":-1,"name":"","p":{"k":3,"v":8},"sid":{"k":7,"v":51}},{"ak":0,"id":-1,"name":"","p":{"k":3,"v":6},"sid":{"k":7,"v":36}}],"bid":14,"ci":{"id":1,"names":{"1":""},"skills":[{"id":72,"l":1,"name":"Claw"},{"id":51,"l":1,"name":"Poison I"},{"id":36,"l":1,"name":"Darkness I"}],"stats":[{"id":3,"if":true,"m":{"k":3,"v":350},"name":"HP","r":{"k":3,"v":0},"t":{"e":0,"f":{"k":3,"v":350},"i":{"k":3,"v":12}}},{"id":8,"if":true,"m":{"k":3,"v":80},"name":"Strength","r":{"k":3,"v":0},"t":{"e":0,"f":{"k":3,"v":80},"i":{"k":3,"v":2}}}]},"class":9,"cur":[{"k":1,"v":{"e":0,"f":{"k":3,"v":2000},"i":{"k":3,"v":15}}}],"description":{"id":-1,"names":{"1":""}},"fid":2,"id":6,"indexXFaceset":1,"indexYFaceset":1,"loots":[{"f":{"k":3,"v":100},"i":{"k":3,"v":1},"k":0,"lid":{"k":7,"v":1},"n":{"k":3,"v":1},"p":{"k":3,"v":20}},{"f":{"k":3,"v":100},"i":{"k":3,"v":1},"k":0,"lid":{"k":7,"v":7},"n":{"k":3,"v":1},"p":{"k":3,"v":5}}],"names":{"1":"bat"},"xp":{"e":0,"f":{"k":3,"v":5500},"i":{"k":3,"v":15}}},{"a":[{"ak":0,"id":-1,"name":"","p":{"k":3,"v":7},"sid":{"k":7,"v":72}},{"ak":0,"id":-1,"name":"","p":{"k":3,"v":8},"sid":{"k":7,"v":51}},{"ak":0,"id":-1,"name":"","p":{"k":3,"v":6},"sid":{"k":7,"v":36}}],"bid":15,"ci":{"id":1,"names":{"1":""},"skills":[{"id":72,"l":1,"name":"Claw"},{"id":51,"l":1,"name":"Poison I"},{"id":36,"l":1,"name":"Darkness I"}],"stats":[{"id":3,"if":true,"m":{"k":3,"v":400},"name":"HP","r":{"k":3,"v":0},"t":{"e":0,"f":{"k":3,"v":400},"i":{"k":3,"v":13}}},{"id":8,"if":true,"m":{"k":3,"v":100},"name":"Strength","r":{"k":3,"v":0},"t":{"e":0,"f":{"k":3,"v":100},"i":{"k":3,"v":3}}}]},"class":9,"cur":[{"k":1,"v":{"e":0,"f":{"k":3,"v":2500},"i":{"k":3,"v":20}}}],"description":{"id":-1,"names":{"1":""}},"fid":2,"id":7,"indexXFaceset":2,"indexYFaceset":1,"loots":[{"f":{"k":3,"v":100},"i":{"k":3,"v":1},"k":0,"lid":{"k":7,"v":1},"n":{"k":3,"v":1},"p":{"k":3,"v":20}},{"f":{"k":3,"v":100},"i":{"k":3,"v":1},"k":0,"lid":{"k":7,"v":7},"n":{"k":3,"v":1},"p":{"k":3,"v":5}}],"names":{"1":"Rat"},"xp":{"e":0,"f":{"k":3,"v":6000},"i":{"k":3,"v":20}}},{"a":[{"ak":0,"id":-1,"name":"","sid":{"k":7,"v":73}},{"ak":0,"id":-1,"name":"","p":{"k":3,"v":2},"sid":{"k":7,"v":51}},{"ak":0,"id":-1,"name":"","sid":{"k":7,"v":21}}],"bid":16,"ci":{"id":1,"names":{"1":""},"skills":[{"id":73,"l":1,"name":"Fang"},{"id":51,"l":1,"name":"Poison I"},{"id":21,"l":1,"name":"Earth I"}],"stats":[{"id":3,"if":true,"m":{"k":3,"v":300},"name":"HP","r":{"k":3,"v":0},"t":{"e":0,"f":{"k":3,"v":300},"i":{"k":3,"v":10}}},{"id":8,"if":true,"m":{"k":3,"v":150},"name":"Strength","r":{"k":3,"v":0},"t":{"e":0,"f":{"k":3,"v":150},"i":{"k":3,"v":4}}}]},"class":9,"cur":[{"k":1,"v":{"e":0,"f":{"k":3,"v":2500},"i":{"k":3,"v":20}}}],"description":{"id":-1,"names":{"1":""}},"fid":2,"id":8,"indexXFaceset":3,"indexYFaceset":1,"loots":[{"f":{"k":3,"v":100},"i":{"k":3,"v":1},"k":0,"lid":{"k":7,"v":12},"n":{"k":3,"v":1},"p":{"k":3,"v":50}}],"names":{"1":"Zombie"},"xp":{"e":0,"f":{"k":3,"v":6200},"i":{"k":3,"v":25}}},{"a":[{"ak":0,"id":-1,"name":"","sid":{"k":7,"v":18}},{"ak":0,"id":-1,"name":"","sid":{"k":7,"v":27}},{"ak":0,"id":-1,"name":"","sid":{"k":7,"v":24}},{"ak":0,"id":-1,"name":"","sid":{"k":7,"v":33}},{"ak":0,"id":-1,"name":"","sid":{"k":7,"v":30}}],"bid":17,"ci":{"id":1,"names":{"1":""},"skills":[{"id":18,"l":1,"name":"Fire I"},{"id":27,"l":1,"name":"Water I"},{"id":24,"l":1,"name":"Thunder I"},{"id":33,"l":1,"name":"Wind I"},{"id":30,"l":1,"name":"Ice I"}],"stats":[{"id":3,"if":true,"m":{"k":3,"v":400},"name":"HP","r":{"k":3,"v":0},"t":{"e":0,"f":{"k":3,"v":400},"i":{"k":3,"v":15}}},{"id":8,"if":true,"m":{"k":3,"v":0},"name":"Strength","r":{"k":3,"v":0},"t":{"e":0,"f":{"k":3,"v":0},"i":{"k":3,"v":0}}},{"id":9,"if":true,"m":{"k":3,"v":200},"name":"Intelligence","r":{"k":3,"v":0},"t":{"e":0,"f":{"k":3,"v":200},"i":{"k":3,"v":10}}}]},"class":9,"cur":[{"k":1,"v":{"e":0,"f":{"k":3,"v":2700},"i":{"k":3,"v":25}}}],"description":{"id":-1,"names":{"1":""}},"fid":2,"id":9,"indexYFaceset":2,"loots":[{"f":{"k":3,"v":100},"i":{"k":3,"v":1},"k":0,"lid":{"k":7,"v":5},"n":{"k":3,"v":1},"p":{"k":3,"v":30}}],"names":{"1":"Goblin"},"xp":{"e":0,"f":{"k":3,"v":6500},"i":{"k":3,"v":30}}},{"a":[{"ak":0,"id":-1,"name":"","sid":{"k":7,"v":71}},{"ak":0,"id":-1,"name":"","sid":{"k":7,"v":36}},{"ak":0,"id":-1,"name":"","p":{"k":3,"v":8},"sid":{"k":7,"v":57}}],"bid":18,"ci":{"id":1,"names":{"1":""},"skills":[{"id":71,"l":1,"name":"Cut"},{"id":36,"l":1,"name":"Darkness I"},{"id":57,"l":1,"name":"Confuse I"}],"stats":[{"id":3,"if":true,"m":{"k":3,"v":500},"name":"HP","r":{"k":3,"v":0},"t":{"e":0,"f":{"k":3,"v":500},"i":{"k":3,"v":20}}},{"id":8,"if":true,"m":{"k":3,"v":200},"name":"Strength","r":{"k":3,"v":0},"t":{"e":0,"f":{"k":3,"v":200},"i":{"k":3,"v":6}}}]},"class":9,"cur":[{"k":1,"v":{"e":0,"f":{"k":3,"v":2800},"i":{"k":3,"v":30}}}],"description":{"id":-1,"names":{"1":""}},"fid":2,"id":10,"indexXFaceset":1,"indexYFaceset":2,"loots":[{"f":{"k":3,"v":100},"i":{"k":3,"v":1},"k":0,"lid":{"k":7,"v":17},"n":{"k":3,"v":1},"p":{"k":3,"v":10}},{"f":{"k":3,"v":1},"i":{"k":3,"v":1},"k":0,"lid":{"k":7,"v":10},"n":{"k":3,"v":1},"p":{"k":3,"v":5}}],"names":{"1":"Skeleton"},"xp":{"e":0,"f":{"k":3,"v":6600},"i":{"k":3,"v":40}}},{"a":[{"ak":0,"id":-1,"name":"","sid":{"k":7,"v":73}},{"ak":0,"id":-1,"name":"","sid":{"k":7,"v":59}},{"ak":0,"id":-1,"name":"","p":{"k":3,"v":8},"sid":{"k":7,"v":49}}],"bid":19,"ci":{"id":1,"names":{"1":""},"skills":[{"id":73,"l":1,"name":"Fang"},{"id":59,"l":1,"name":"Sleep I"},{"id":49,"l":1,"name":"Weak I"}],"stats":[{"id":3,"if":true,"m":{"k":3,"v":550},"name":"HP","r":{"k":3,"v":0},"t":{"e":0,"f":{"k":3,"v":550},"i":{"k":3,"v":30}}},{"id":8,"if":true,"m":{"k":3,"v":250},"name":"Strength","r":{"k":3,"v":0},"t":{"e":0,"f":{"k":3,"v":250},"i":{"k":3,"v":10}}}]},"class":9,"cur":[{"k":1,"v":{"e":0,"f":{"k":3,"v":2800},"i":{"k":3,"v":40}}}],"description":{"id":-1,"names":{"1":""}},"fid":2,"id":11,"indexXFaceset":2,"indexYFaceset":2,"loots":[{"f":{"k":3,"v":100},"i":{"k":3,"v":1},"k":0,"lid":{"k":7,"v":15},"n":{"k":3,"v":1},"p":{"k":3,"v":20}},{"f":{"k":3,"v":1},"i":{"k":3,"v":1},"k":0,"lid":{"k":7,"v":3},"n":{"k":3,"v":1},"p":{"k":3,"v":5}}],"names":{"1":"Spider"},"xp":{"e":0,"f":{"k":3,"v":6600},"i":{"k":3,"v":50}}},{"a":[{"ak":0,"id":-1,"name":"","sid":{"k":7,"v":50}},{"ak":0,"id":-1,"name":"","p":{"k":3,"v":4}}],"bid":20,"ci":{"id":1,"names":{"1":""},"skills":[{"id":50,"l":1,"name":"Weak II"}],"stats":[{"id":3,"if":true,"m":{"k":3,"v":560},"name":"HP","r":{"k":3,"v":0},"t":{"e":0,"f":{"k":3,"v":560},"i":{"k":3,"v":40}}},{"id":8,"if":true,"m":{"k":3,"v":250},"name":"Strength","r":{"k":3,"v":0},"t":{"e":0,"f":{"k":3,"v":250},"i":{"k":3,"v":10}}}]},"class":9,"cur":[{"k":1,"v":{"e":0,"f":{"k":3,"v":2850},"i":{"k":3,"v":60}}}],"description":{"id":-1,"names":{"1":""}},"fid":2,"id":12,"indexXFaceset":3,"indexYFaceset":2,"loots":[{"f":{"k":3,"v":100},"i":{"k":3,"v":1},"k":0,"lid":{"k":7,"v":1},"n":{"k":3,"v":1},"p":{"k":3,"v":80}},{"f":{"k":3,"v":100},"i":{"k":3,"v":1},"k":0,"lid":{"k":7,"v":10},"n":{"k":3,"v":1},"p":{"k":3,"v":1}}],"names":{"1":"Fantom"},"xp":{"e":0,"f":{"k":3,"v":6650},"i":{"k":3,"v":80}}},{"a":[{"ak":0,"id":-1,"name":"","sid":{"k":7,"v":72}},{"ak":0,"id":-1,"name":"","sid":{"k":7,"v":33}},{"ak":0,"id":-1,"name":"","p":{"k":3,"v":5},"sid":{"k":7,"v":34}}],"bid":21,"ci":{"id":1,"names":{"1":""},"skills":[{"id":72,"l":1,"name":"Claw"},{"id":33,"l":1,"name":"Wind I"},{"id":34,"l":1,"name":"Wind II"}],"stats":[{"id":3,"if":true,"m":{"k":3,"v":600},"name":"HP","r":{"k":3,"v":0},"t":{"e":0,"f":{"k":3,"v":600},"i":{"k":3,"v":50}}},{"id":8,"if":true,"m":{"k":3,"v":300},"name":"Strength","r":{"k":3,"v":0},"t":{"e":0,"f":{"k":3,"v":300},"i":{"k":3,"v":15}}},{"id":9,"if":true,"m":{"k":3,"v":300},"name":"Intelligence","r":{"k":3,"v":0},"t":{"e":0,"f":{"k":3,"v":300},"i":{"k":3,"v":15}}}]},"class":9,"cur":[{"k":1,"v":{"e":0,"f":{"k":3,"v":2900},"i":{"k":3,"v":65}}}],"description":{"id":-1,"names":{"1":""}},"fid":2,"id":13,"indexYFaceset":3,"loots":[{"f":{"k":3,"v":100},"i":{"k":3,"v":1},"k":0,"lid":{"k":7,"v":1},"n":{"k":3,"v":1},"p":{"k":3,"v":80}},{"f":{"k":3,"v":100},"i":{"k":3,"v":1},"k":0,"lid":{"k":7,"v":10},"n":{"k":3,"v":1},"p":{"k":3,"v":20}}],"names":{"1":"Harpy"},"xp":{"e":0,"f":{"k":3,"v":6900},"i":{"k":3,"v":150}}},{"a":[{"ak":0,"id":-1,"name":"","sid":{"k":7,"v":27}},{"ak":0,"id":-1,"name":"","p":{"k":3,"v":5},"sid":{"k":7,"v":28}}],"bid":22,"ci":{"id":1,"names":{"1":""},"skills":[{"id":27,"l":1,"name":"Water I"},{"id":28,"l":1,"name":"Water II"}],"stats":[{"id":3,"if":true,"m":{"k":3,"v":600},"name":"HP","r":{"k":3,"v":0},"t":{"e":0,"f":{"k":3,"v":600},"i":{"k":3,"v":100}}},{"id":9,"if":true,"m":{"k":3,"v":320},"name":"Intelligence","r":{"k":3,"v":0},"t":{"e":0,"f":{"k":3,"v":320},"i":{"k":3,"v":20}}}]},"class":9,"cur":[{"k":1,"v":{"e":0,"f":{"k":3,"v":3000},"i":{"k":3,"v":90}}}],"description":{"id":-1,"names":{"1":""}},"fid":2,"id":14,"indexXFaceset":1,"indexYFaceset":3,"loots":[{"f":{"k":3,"v":100},"i":{"k":3,"v":1},"k":0,"lid":{"k":7,"v":2},"n":{"k":3,"v":4},"p":{"k":3,"v":50}}],"names":{"1":"Squid"},"xp":{"e":0,"f":{"k":3,"v":7000},"i":{"k":3,"v":300}}},{"a":[{"ak":0,"id":-1,"name":"","sid":{"k":7,"v":30}},{"ak":0,"id":-1,"name":"","p":{"k":3,"v":5},"sid":{"k":7,"v":62}},{"ak":0,"id":-1,"name":"","p":{"k":3,"v":5},"sid":{"k":7,"v":56}},{"ak":0,"id":-1,"name":"","p":{"k":3,"v":3},"sid":{"k":7,"v":52}}],"bid":23,"ci":{"id":1,"names":{"1":""},"skills":[{"id":30,"l":1,"name":"Ice I"},{"id":62,"l":1,"name":"Blink II"},{"id":56,"l":1,"name":"Mute II"},{"id":52,"l":1,"name":"Poison II"}],"stats":[{"id":3,"if":true,"m":{"k":3,"v":650},"name":"HP","r":{"k":3,"v":0},"t":{"e":0,"f":{"k":3,"v":650},"i":{"k":3,"v":150}}},{"id":9,"if":true,"m":{"k":3,"v":350},"name":"Intelligence","r":{"k":3,"v":0},"t":{"e":0,"f":{"k":3,"v":350},"i":{"k":3,"v":30}}}]},"class":9,"cur":[{"k":1,"v":{"e":0,"f":{"k":3,"v":3050},"i":{"k":3,"v":100}}}],"description":{"id":-1,"names":{"1":""}},"fid":2,"id":15,"indexXFaceset":2,"indexYFaceset":3,"loots":[{"f":{"k":3,"v":100},"i":{"k":3,"v":1},"k":0,"lid":{"k":7,"v":5},"n":{"k":3,"v":2},"p":{"k":3,"v":30}}],"names":{"1":"Lamia"},"xp":{"e":0,"f":{"k":3,"v":7100},"i":{"k":3,"v":400}}},{"a":[{"ak":0,"id":-1,"name":"","sid":{"k":7,"v":12}},{"ak":0,"id":-1,"name":"","p":{"k":3,"v":8}}],"bid":24,"ci":{"id":1,"names":{"1":""},"skills":[{"id":12,"l":1,"name":"Pic lance"}],"stats":[{"id":3,"if":true,"m":{"k":3,"v":650},"name":"HP","r":{"k":3,"v":0},"t":{"e":0,"f":{"k":3,"v":650},"i":{"k":3,"v":300}}},{"id":8,"if":true,"m":{"k":3,"v":350},"name":"Strength","r":{"k":3,"v":0},"t":{"e":0,"f":{"k":3,"v":350},"i":{"k":3,"v":30}}}]},"class":9,"cur":[{"k":1,"v":{"e":0,"f":{"k":3,"v":3200},"i":{"k":3,"v":120}}}],"description":{"id":-1,"names":{"1":""}},"fid":2,"id":16,"indexXFaceset":3,"indexYFaceset":3,"loots":[{"f":{"k":3,"v":100},"i":{"k":3,"v":1},"k":0,"lid":{"k":7,"v":18},"n":{"k":3,"v":1},"p":{"k":3,"v":20}}],"names":{"1":"Knight"},"xp":{"e":0,"f":{"k":3,"v":7200},"i":{"k":3,"v":600}}},{"a":[{"ak":0,"id":-1,"name":"","p":{"k":3,"v":8},"sid":{"k":7,"v":73}}],"bid":25,"ci":{"id":1,"names":{"1":""},"skills":[{"id":73,"l":1,"name":"Fang"}],"stats":[{"id":3,"if":true,"m":{"k":3,"v":650},"name":"HP","r":{"k":3,"v":0},"t":{"e":0,"f":{"k":3,"v":650},"i":{"k":3,"v":250}}},{"id":8,"if":true,"m":{"k":3,"v":350},"name":"Strength","r":{"k":3,"v":0},"t":{"e":0,"f":{"k":3,"v":350},"i":{"k":3,"v":35}}}]},"class":9,"cur":[{"k":1,"v":{"e":0,"f":{"k":3,"v":3300},"i":{"k":3,"v":150}}}],"description":{"id":-1,"names":{"1":""}},"fid":2,"id":17,"indexYFaceset":4,"loots":[{"f":{"k":3,"v":100},"i":{"k":3,"v":1},"k":0,"lid":{"k":7,"v":9},"n":{"k":3,"v":1},"p":{"k":3,"v":20}}],"names":{"1":"Mimic"},"xp":{"e":0,"f":{"k":3,"v":7500},"i":{"k":3,"v":800}}},{"a":[{"ak":0,"id":-1,"name":"","p":{"k":3,"v":8},"sid":{"k":7,"v":10}},{"ak":0,"id":-1,"name":""}],"bid":26,"ci":{"id":1,"names":{"1":""},"skills":[{"id":10,"l":1,"name":"War cry"}],"stats":[{"id":3,"if":true,"m":{"k":3,"v":650},"name":"HP","r":{"k":3,"v":0},"t":{"e":0,"f":{"k":3,"v":650},"i":{"k":3,"v":300}}},{"id":8,"if":true,"m":{"k":3,"v":400},"name":"Strength","r":{"k":3,"v":0},"t":{"e":0,"f":{"k":3,"v":400},"i":{"k":3,"v":50}}}]},"class":9,"cur":[{"k":1,"v":{"e":0,"f":{"k":3,"v":3500},"i":{"k":3,"v":200}}}],"description":{"id":-1,"names":{"1":""}},"fid":2,"id":18,"indexXFaceset":1,"indexYFaceset":4,"loots":[{"f":{"k":3,"v":100},"i":{"k":3,"v":1},"k":0,"lid":{"k":7,"v":3},"n":{"k":3,"v":1},"p":{"k":3,"v":20}}],"names":{"1":"Ogre"},"xp":{"e":0,"f":{"k":3,"v":8000},"i":{"k":3,"v":1000}}},{"a":[{"ak":0,"id":-1,"name":"","sid":{"k":7,"v":37}},{"ak":0,"id":-1,"name":"","sid":{"k":7,"v":38}}],"bid":27,"ci":{"id":1,"names":{"1":""},"skills":[{"id":37,"l":1,"name":"Darkness II"},{"id":38,"l":1,"name":"Darkness III"}],"stats":[{"id":3,"if":true,"m":{"k":3,"v":5000},"name":"HP","r":{"k":3,"v":0},"t":{"e":0,"f":{"k":3,"v":5000},"i":{"k":3,"v":1000}}},{"id":9,"if":true,"m":{"k":3,"v":400},"name":"Intelligence","r":{"k":3,"v":0},"t":{"e":0,"f":{"k":3,"v":400},"i":{"k":3,"v":100}}}]},"class":9,"cur":[{"k":1,"v":{"e":0,"f":{"k":3,"v":10000},"i":{"k":3,"v":1000}}}],"description":{"id":-1,"names":{"1":""}},"fid":2,"id":19,"indexXFaceset":2,"indexYFaceset":4,"loots":[{"f":{"k":3,"v":100},"i":{"k":3,"v":1},"k":0,"lid":{"k":7,"v":10},"n":{"k":3,"v":5},"p":{"k":3,"v":20}}],"names":{"1":"Demon"},"xp":{"e":0,"f":{"k":3,"v":15000},"i":{"k":3,"v":5000}}},{"a":[{"ak":0,"id":-1,"name":"","sid":{"k":7,"v":40}},{"ak":0,"id":-1,"name":"","sid":{"k":7,"v":41}}],"bid":28,"ci":{"id":1,"names":{"1":""},"skills":[{"id":40,"l":1,"name":"Light II"},{"id":41,"l":1,"name":"Light III"}],"stats":[{"id":3,"if":true,"m":{"k":3,"v":5000},"name":"HP","r":{"k":3,"v":0},"t":{"e":0,"f":{"k":3,"v":5000},"i":{"k":3,"v":1000}}},{"id":9,"if":true,"m":{"k":3,"v":400},"name":"Intelligence","r":{"k":3,"v":0},"t":{"e":0,"f":{"k":3,"v":400},"i":{"k":3,"v":100}}}]},"class":9,"cur":[{"k":1,"v":{"e":0,"f":{"k":3,"v":10000},"i":{"k":3,"v":1000}}}],"description":{"id":-1,"names":{"1":""}},"fid":2,"id":20,"indexXFaceset":3,"indexYFaceset":4,"loots":[{"f":{"k":3,"v":100},"i":{"k":3,"v":1},"k":0,"lid":{"k":7,"v":10},"n":{"k":3,"v":5},"p":{"k":3,"v":20}}],"names":{"1":"Angel"},"xp":{"e":0,"f":{"k":3,"v":15000},"i":{"k":3,"v":5000}}},{"bid":30,"ci":{"eB":5,"eI":30,"id":1,"iniL":1,"mxL":100,"names":{"1":""}},"class":6,"cur":[],"description":{"id":-1,"names":{"1":""}},"fid":1,"id":21,"indexXFaceset":1,"names":{"1":"pink"},"xp":{"e":0,"f":{"k":3,"v":0},"i":{"k":3,"v":0}}},{"bid":1,"ci":{"eB":5,"eI":30,"id":1,"iniL":1,"mxL":100,"names":{"1":""}},"class":1,"cur":[],"description":{"id":-1,"names":{"1":""}},"fid":1,"id":22,"indexXFaceset":2,"names":{"1":""},"xp":{"e":0,"f":{"k":3,"v":0},"i":{"k":3,"v":0}}}]}