{"list":[{"k":3,"v":[{"br":false,"id":-1,"name":"<None>"}]},{"k":2,"v":[{"br":false,"id":-1,"name":"<None>"}]},{"k":1,"v":[{"br":false,"id":-1,"name":"<None>"},{"br":false,"id":1,"name":"tent.obj"},{"br":false,"id":2,"name":"chest-opened.obj"},{"br":false,"id":3,"name":"woodfence1.obj"},{"br":false,"id":4,"name":"woodfence2.obj"},{"br":false,"id":5,"name":"woodfence3.obj"},{"br":false,"id":6,"name":"house1.obj"},{"br":false,"id":7,"name":"car.obj"},{"br":false,"id":8,"name":"sofa.obj"},{"br":false,"id":9,"name":"chair.obj"},{"br":false,"id":10,"name":"sink.obj"},{"br":false,"id":11,"name":"toilet.obj"},{"br":false,"id":12,"name":"barrel.obj"}]}]}