{"skills":[{"ak":0,"atid":{"k":7,"v":1},"battleMessage":{"id":1,"names":{"1":"[skill]"}},"d":{"id":-1,"names":{"1":"A basic attack (use the current weapon(s))"}},"e":[{"k":5},{"df":{"k":8,"v":"u.atk"},"dmin":{"k":8,"v":"0"},"dsid":{"k":7,"v":3}}],"id":1,"names":{"1":"Attack"},"pid":5,"tcf":{"k":8,"v":"t.hp > 0"},"tk":2},{"battleMessage":{"id":1,"names":{"1":"[skill]"}},"d":{"id":-1,"names":{"1":"A basic attack (use the current weapon(s))"}},"e":[{"k":5,"sak":1}],"id":2,"names":{"1":"Skill"},"pictureIndexX":1,"pid":5,"tk":1},{"battleMessage":{"id":1,"names":{"1":"[skill]"}},"d":{"id":-1,"names":{"1":"A basic attack (use the current weapon(s))"}},"e":[{"k":5,"sak":2}],"id":3,"names":{"1":"Item"},"pictureIndexX":2,"pid":5,"tk":1},{"battleMessage":{"id":1,"names":{"1":"[skill]"}},"d":{"id":-1,"names":{"1":"A basic attack (use the current weapon(s))"}},"e":[{"k":5,"sak":3}],"id":4,"names":{"1":"Escape"},"pictureIndexX":3,"pid":5,"tk":1},{"battleMessage":{"id":1,"names":{"1":"[skill]"}},"d":{"id":-1,"names":{"1":"End a complete turn"}},"e":[{"k":5,"sak":4}],"id":5,"names":{"1":"End turn"},"pictureIndexX":4,"pid":5,"tk":1},{"ak":0,"atid":{"k":7,"v":9},"battleMessage":{"id":1,"names":{"1":"[skill]"}},"cos":[{"sid":{"k":7,"v":5},"vf":{"k":8,"v":"5"}}],"d":{"id":-1,"names":{"1":"An amazing fire sword attack on all the enemies"}},"e":[{"df":{"k":8,"v":"5 + u.atk - t.pdef"},"dmin":{"k":8,"v":"0"},"dsid":{"k":7,"v":3},"dvf":{"k":8,"v":"1"},"ide":true,"idv":true}],"id":6,"names":{"1":"Blazing sword"},"pictureIndexX":5,"pid":5,"tcf":{"k":8,"v":"t.hp > 0"},"tk":4},{"ak":0,"atid":{"k":7,"v":10},"auid":{"k":7,"v":8},"battleMessage":{"id":1,"names":{"1":"[skill]"}},"cos":[{"sid":{"k":7,"v":4},"vf":{"k":8,"v":"3"}}],"d":{"id":-1,"names":{"1":"Increase strenght for 5 turns"}},"e":[{"k":1,"sid":{"k":7,"v":9}}],"id":7,"names":{"1":"Power"},"pictureIndexX":6,"pid":5,"tcf":{"k":8,"v":"t.hp > 0"},"tk":3},{"ak":0,"atid":{"k":7,"v":11},"battleMessage":{"id":1,"names":{"1":"[skill]"}},"cos":[{"sid":{"k":7,"v":5},"vf":{"k":8,"v":"3"}}],"d":{"id":-1,"names":{"1":"Heal yourself with bandages"}},"e":[{"df":{"k":8,"v":"-3 - u.mag"},"dsid":{"k":7,"v":3},"dvf":{"k":8,"v":"1"},"idmin":false,"idv":true}],"id":8,"names":{"1":"Bandage"},"pictureIndexY":1,"pid":5,"tcf":{"k":8,"v":"t.hp > 0"},"tk":1},{"ak":0,"atid":{"k":7,"v":12},"battleMessage":{"id":1,"names":{"1":"[skill]"}},"cos":[{"sid":{"k":7,"v":5},"vf":{"k":8,"v":"5"}}],"d":{"id":-1,"names":{"1":"A crossed axe attack"}},"e":[{"df":{"k":8,"v":"20 + u.atk - t.pdef"},"dmin":{"k":8,"v":"0"},"dsid":{"k":7,"v":3},"dvf":{"k":8,"v":"1"},"idv":true}],"id":9,"names":{"1":"Cross axe"},"pictureIndexX":1,"pictureIndexY":1,"pid":5,"tcf":{"k":8,"v":"t.hp > 0"},"tk":2},{"ak":0,"atid":{"k":7,"v":13},"battleMessage":{"id":1,"names":{"1":"[skill]"}},"cos":[{"sid":{"k":7,"v":5},"vf":{"k":8,"v":"3"}}],"d":{"id":-1,"names":{"1":"Increase a lot strenght for 3 turns"}},"e":[{"k":1,"sid":{"k":7,"v":10}}],"id":10,"names":{"1":"War cry"},"pictureIndexX":2,"pictureIndexY":1,"pid":5,"tcf":{"k":8,"v":"t.hp > 0"},"tk":1},{"ak":0,"atid":{"k":7,"v":14},"battleMessage":{"id":1,"names":{"1":"[skill]"}},"cos":[{"sid":{"k":7,"v":5},"vf":{"k":8,"v":"5"}}],"d":{"id":-1,"names":{"1":"Jump on an enemy and confuse it"}},"e":[{"df":{"k":8,"v":"5 + u.atk - t.pdef"},"dmin":{"k":8,"v":"0"},"dsid":{"k":7,"v":3},"dvf":{"k":8,"v":"1"},"idv":true},{"k":1,"sid":{"k":7,"v":5}}],"id":11,"names":{"1":"Heavy jump"},"pictureIndexX":3,"pictureIndexY":1,"pid":5,"tcf":{"k":8,"v":"t.hp > 0"},"tk":2},{"ak":0,"atid":{"k":7,"v":15},"battleMessage":{"id":1,"names":{"1":"[skill]"}},"cos":[{"sid":{"k":7,"v":5},"vf":{"k":8,"v":"3"}}],"d":{"id":-1,"names":{"1":"Use lance and make the enemy weaked"}},"e":[{"df":{"k":8,"v":"-3 - u.atk - t.pdef"},"dmin":{"k":8,"v":"0"},"dsid":{"k":7,"v":3},"dvf":{"k":8,"v":"1"},"idv":true},{"k":1,"sid":{"k":7,"v":12}}],"id":12,"names":{"1":"Pic lance"},"pictureIndexX":4,"pictureIndexY":1,"pid":5,"tcf":{"k":8,"v":"t.hp > 0"},"tk":2},{"ak":0,"atid":{"k":7,"v":16},"battleMessage":{"id":1,"names":{"1":"[skill]"}},"cos":[{"sid":{"k":7,"v":5},"vf":{"k":8,"v":"2"}}],"d":{"id":-1,"names":{"1":"Use lance to make a long attack on all enemies"}},"e":[{"df":{"k":8,"v":" 2 + u.atk - t.pdef"},"dmin":{"k":8,"v":"0"},"dsid":{"k":7,"v":3}}],"id":13,"names":{"1":"Long slay"},"pictureIndexX":5,"pictureIndexY":1,"pid":5,"tcf":{"k":8,"v":"t.hp > 0"},"tk":4},{"ak":0,"atid":{"k":7,"v":17},"battleMessage":{"id":-1,"names":{"1":"[skill]"}},"cos":[{"sid":{"k":7,"v":5},"vf":{"k":8,"v":"2"}}],"d":{"id":-1,"names":{"1":"Increase your strength for the next attacks"}},"e":[{"k":1,"sid":{"k":7,"v":11}}],"id":14,"names":{"1":"Concentration"},"pictureIndexX":6,"pictureIndexY":1,"pid":5,"tcf":{"k":8,"v":"t.hp > 0"},"tk":1},{"ak":0,"atid":{"k":7,"v":18},"battleMessage":{"id":-1,"names":{"1":"[skill]"}},"cos":[{"sid":{"k":7,"v":5},"vf":{"k":8,"v":"3"}}],"d":{"id":-1,"names":{"1":"Steel money to an enemy"}},"e":[{"cr":{"command":[2],"kind":45},"k":4}],"id":15,"names":{"1":"Steel"},"pictureIndexY":2,"pid":5,"tcf":{"k":8,"v":"t.hp > 0"},"tk":2},{"ak":0,"atid":{"k":7,"v":19},"battleMessage":{"id":-1,"names":{"1":"[skill]"}},"cos":[{"sid":{"k":7,"v":5},"vf":{"k":8,"v":"3"}}],"d":{"id":-1,"names":{"1":"Stab an enemy in the back"}},"e":[{"df":{"k":8,"v":" 2 + u.atk - t.pdef"},"dmin":{"k":8,"v":"0"},"dsid":{"k":7,"v":3},"dvf":{"k":8,"v":"50"},"idv":true}],"id":16,"names":{"1":"Stabbing"},"pictureIndexX":1,"pictureIndexY":2,"pid":5,"tcf":{"k":8,"v":"t.hp > 0"},"tk":2},{"ak":0,"atid":{"k":7,"v":20},"auid":{"k":7,"v":8},"battleMessage":{"id":-1,"names":{"1":"[skill]"}},"cos":[{"sid":{"k":7,"v":4},"vf":{"k":8,"v":"5"}}],"d":{"id":-1,"names":{"1":"Make an enemy weaked and broken"}},"e":[{"k":1,"sid":{"k":7,"v":12}},{"k":1,"sid":{"k":7,"v":13}}],"id":17,"names":{"1":"Illusion"},"pictureIndexX":2,"pictureIndexY":2,"pid":5,"tcf":{"k":8,"v":"t.hp > 0"},"tk":2},{"ak":0,"atid":{"k":7,"v":21},"auid":{"k":7,"v":8},"battleMessage":{"id":-1,"names":{"1":"[skill]"}},"cos":[{"sid":{"k":7,"v":4},"vf":{"k":8,"v":"2"}}],"d":{"id":-1,"names":{"1":"A fire attack on one enemy"}},"e":[{"df":{"k":8,"v":"10 + u.mag - t.mdef"},"dmin":{"k":8,"v":"0"},"dsid":{"k":7,"v":3},"dvf":{"k":8,"v":"1"},"ide":true,"idv":true}],"id":18,"names":{"1":"Fire 1"},"pictureIndexX":3,"pictureIndexY":2,"pid":5,"tcf":{"k":8,"v":"t.hp > 0"},"tk":2},{"ak":0,"atid":{"k":7,"v":22},"auid":{"k":7,"v":8},"battleMessage":{"id":-1,"names":{"1":"[skill]"}},"cos":[{"sid":{"k":7,"v":4},"vf":{"k":8,"v":"4"}}],"d":{"id":-1,"names":{"1":"A fire attack on all enemies"}},"e":[{"df":{"k":8,"v":"6 + u.mag - t.mdef"},"dmin":{"k":8,"v":"0"},"dsid":{"k":7,"v":3},"dvf":{"k":8,"v":"1"},"ide":true,"idv":true}],"id":19,"names":{"1":"Fire 2"},"pictureIndexX":4,"pictureIndexY":2,"pid":5,"tcf":{"k":8,"v":"t.hp > 0"},"tk":4},{"ak":0,"atid":{"k":7,"v":23},"auid":{"k":7,"v":8},"battleMessage":{"id":-1,"names":{"1":"[skill]"}},"cos":[{"sid":{"k":7,"v":4},"vf":{"k":8,"v":"6"}}],"d":{"id":-1,"names":{"1":"A huge fire attack on one enemy"}},"e":[{"df":{"k":8,"v":"50 + u.mag - t.mdef"},"dmin":{"k":8,"v":"0"},"dsid":{"k":7,"v":3},"dvf":{"k":8,"v":"1"},"ide":true,"idv":true}],"id":20,"names":{"1":"Fire 3"},"pictureIndexX":5,"pictureIndexY":2,"pid":5,"tcf":{"k":8,"v":"t.hp > 0"},"tk":2},{"ak":0,"atid":{"k":7,"v":24},"auid":{"k":7,"v":8},"battleMessage":{"id":-1,"names":{"1":"[skill]"}},"cos":[{"sid":{"k":7,"v":4},"vf":{"k":8,"v":"2"}}],"d":{"id":-1,"names":{"1":"A earth attack on one enemy"}},"e":[{"deid":{"k":7,"v":2},"df":{"k":8,"v":"10 + u.mag - t.mdef"},"dmin":{"k":8,"v":"0"},"dsid":{"k":7,"v":3},"dvf":{"k":8,"v":"1"},"ide":true,"idv":true}],"id":21,"names":{"1":"Earth 1"},"pictureIndexX":6,"pictureIndexY":2,"pid":5,"tcf":{"k":8,"v":"t.hp > 0"},"tk":2},{"ak":0,"atid":{"k":7,"v":25},"auid":{"k":7,"v":8},"battleMessage":{"id":-1,"names":{"1":"[skill]"}},"cos":[{"sid":{"k":7,"v":4},"vf":{"k":8,"v":"4"}}],"d":{"id":-1,"names":{"1":"A earth attack on all enemies"}},"e":[{"deid":{"k":7,"v":2},"df":{"k":8,"v":"6 + u.mag - t.mdef"},"dmin":{"k":8,"v":"0"},"dsid":{"k":7,"v":3},"dvf":{"k":8,"v":"1"},"ide":true,"idv":true}],"id":22,"names":{"1":"Earth 2"},"pictureIndexY":3,"pid":5,"tcf":{"k":8,"v":"t.hp > 0"},"tk":4},{"ak":0,"atid":{"k":7,"v":26},"auid":{"k":7,"v":8},"battleMessage":{"id":-1,"names":{"1":"[skill]"}},"cos":[{"sid":{"k":7,"v":4},"vf":{"k":8,"v":"6"}}],"d":{"id":-1,"names":{"1":"A huge earth attack on one enemy"}},"e":[{"deid":{"k":7,"v":2},"df":{"k":8,"v":"50 + u.mag - t.mdef"},"dmin":{"k":8,"v":"0"},"dsid":{"k":7,"v":3},"dvf":{"k":8,"v":"1"},"ide":true,"idv":true}],"id":23,"names":{"1":"Earth 3"},"pictureIndexX":1,"pictureIndexY":3,"pid":5,"tcf":{"k":8,"v":"t.hp > 0"},"tk":2},{"ak":0,"atid":{"k":7,"v":27},"auid":{"k":7,"v":8},"battleMessage":{"id":-1,"names":{"1":"[skill]"}},"cos":[{"sid":{"k":7,"v":4},"vf":{"k":8,"v":"2"}}],"d":{"id":-1,"names":{"1":"A thunder attack on one enemy"}},"e":[{"deid":{"k":7,"v":3},"df":{"k":8,"v":"10 + u.mag - t.mdef"},"dmin":{"k":8,"v":"0"},"dsid":{"k":7,"v":3},"dvf":{"k":8,"v":"1"},"ide":true,"idv":true}],"id":24,"names":{"1":"Thunder 1"},"pictureIndexX":2,"pictureIndexY":3,"pid":5,"tcf":{"k":8,"v":"t.hp > 0"},"tk":2},{"ak":0,"atid":{"k":7,"v":28},"auid":{"k":7,"v":8},"battleMessage":{"id":-1,"names":{"1":"[skill]"}},"cos":[{"sid":{"k":7,"v":4},"vf":{"k":8,"v":"4"}}],"d":{"id":-1,"names":{"1":"A thunder attack on all enemies"}},"e":[{"deid":{"k":7,"v":3},"df":{"k":8,"v":"6 + u.mag - t.mdef"},"dmin":{"k":8,"v":"0"},"dsid":{"k":7,"v":3},"dvf":{"k":8,"v":"1"},"ide":true,"idv":true}],"id":25,"names":{"1":"Thunder 2"},"pictureIndexX":3,"pictureIndexY":3,"pid":5,"tcf":{"k":8,"v":"t.hp > 0"},"tk":4},{"ak":0,"atid":{"k":7,"v":29},"auid":{"k":7,"v":8},"battleMessage":{"id":-1,"names":{"1":"[skill]"}},"cos":[{"sid":{"k":7,"v":4},"vf":{"k":8,"v":"6"}}],"d":{"id":-1,"names":{"1":"A huge thunder attack on one enemy"}},"e":[{"deid":{"k":7,"v":3},"df":{"k":8,"v":"50 + u.mag - t.mdef"},"dmin":{"k":8,"v":"0"},"dsid":{"k":7,"v":3},"dvf":{"k":8,"v":"1"},"ide":true,"idv":true}],"id":26,"names":{"1":"Thunder 3"},"pictureIndexX":4,"pictureIndexY":3,"pid":5,"tcf":{"k":8,"v":"t.hp > 0"},"tk":2},{"ak":0,"atid":{"k":7,"v":30},"auid":{"k":7,"v":8},"battleMessage":{"id":-1,"names":{"1":"[skill]"}},"cos":[{"sid":{"k":7,"v":4},"vf":{"k":8,"v":"2"}}],"d":{"id":-1,"names":{"1":"A water attack on one enemy"}},"e":[{"deid":{"k":7,"v":4},"df":{"k":8,"v":"10 + u.mag - t.mdef"},"dmin":{"k":8,"v":"0"},"dsid":{"k":7,"v":3},"dvf":{"k":8,"v":"1"},"ide":true,"idv":true}],"id":27,"names":{"1":"Water 1"},"pictureIndexX":5,"pictureIndexY":3,"pid":5,"tcf":{"k":8,"v":"t.hp > 0"},"tk":2},{"ak":0,"atid":{"k":7,"v":31},"auid":{"k":7,"v":8},"battleMessage":{"id":-1,"names":{"1":"[skill]"}},"cos":[{"sid":{"k":7,"v":4},"vf":{"k":8,"v":"4"}}],"d":{"id":-1,"names":{"1":"A water attack on all enemies"}},"e":[{"deid":{"k":7,"v":4},"df":{"k":8,"v":"6 + u.mag - t.mdef"},"dmin":{"k":8,"v":"0"},"dsid":{"k":7,"v":3},"dvf":{"k":8,"v":"1"},"ide":true,"idv":true}],"id":28,"names":{"1":"Water 2"},"pictureIndexX":6,"pictureIndexY":3,"pid":5,"tcf":{"k":8,"v":"t.hp > 0"},"tk":4},{"ak":0,"atid":{"k":7,"v":32},"auid":{"k":7,"v":8},"battleMessage":{"id":-1,"names":{"1":"[skill]"}},"cos":[{"sid":{"k":7,"v":4},"vf":{"k":8,"v":"6"}}],"d":{"id":-1,"names":{"1":"A huge water attack on one enemy"}},"e":[{"deid":{"k":7,"v":4},"df":{"k":8,"v":"50 + u.mag - t.mdef"},"dmin":{"k":8,"v":"0"},"dsid":{"k":7,"v":3},"dvf":{"k":8,"v":"1"},"ide":true,"idv":true}],"id":29,"names":{"1":"Water 3"},"pictureIndexY":4,"pid":5,"tcf":{"k":8,"v":"t.hp > 0"},"tk":2},{"ak":0,"atid":{"k":7,"v":33},"auid":{"k":7,"v":8},"battleMessage":{"id":-1,"names":{"1":"[skill]"}},"cos":[{"sid":{"k":7,"v":4},"vf":{"k":8,"v":"2"}}],"d":{"id":-1,"names":{"1":"An ice attack on one enemy"}},"e":[{"deid":{"k":7,"v":5},"df":{"k":8,"v":"10 + u.mag - t.mdef"},"dmin":{"k":8,"v":"0"},"dsid":{"k":7,"v":3},"dvf":{"k":8,"v":"1"},"ide":true,"idv":true}],"id":30,"names":{"1":"Ice 1"},"pictureIndexX":1,"pictureIndexY":4,"pid":5,"tcf":{"k":8,"v":"t.hp > 0"},"tk":2},{"ak":0,"atid":{"k":7,"v":34},"auid":{"k":7,"v":8},"battleMessage":{"id":-1,"names":{"1":"[skill]"}},"cos":[{"sid":{"k":7,"v":4},"vf":{"k":8,"v":"4"}}],"d":{"id":-1,"names":{"1":"An ice attack on all enemies"}},"e":[{"deid":{"k":7,"v":5},"df":{"k":8,"v":"6 + u.mag - t.mdef"},"dmin":{"k":8,"v":"0"},"dsid":{"k":7,"v":3},"dvf":{"k":8,"v":"1"},"ide":true,"idv":true}],"id":31,"names":{"1":"Ice 2"},"pictureIndexX":2,"pictureIndexY":4,"pid":5,"tcf":{"k":8,"v":"t.hp > 0"},"tk":4},{"ak":0,"atid":{"k":7,"v":35},"auid":{"k":7,"v":8},"battleMessage":{"id":-1,"names":{"1":"[skill]"}},"cos":[{"sid":{"k":7,"v":4},"vf":{"k":8,"v":"6"}}],"d":{"id":-1,"names":{"1":"A huge ice attack on one enemy"}},"e":[{"deid":{"k":7,"v":5},"df":{"k":8,"v":"50 + u.mag - t.mdef"},"dmin":{"k":8,"v":"0"},"dsid":{"k":7,"v":3},"dvf":{"k":8,"v":"1"},"ide":true,"idv":true}],"id":32,"names":{"1":"Ice 3"},"pictureIndexX":3,"pictureIndexY":4,"pid":5,"tcf":{"k":8,"v":"t.hp > 0"},"tk":2},{"ak":0,"atid":{"k":7,"v":36},"auid":{"k":7,"v":8},"battleMessage":{"id":-1,"names":{"1":"[skill]"}},"cos":[{"sid":{"k":7,"v":4},"vf":{"k":8,"v":"2"}}],"d":{"id":-1,"names":{"1":"A wind attack on one enemy"}},"e":[{"deid":{"k":7,"v":6},"df":{"k":8,"v":"10 + u.mag - t.mdef"},"dmin":{"k":8,"v":"0"},"dsid":{"k":7,"v":3},"dvf":{"k":8,"v":"1"},"ide":true,"idv":true}],"id":33,"names":{"1":"Wind 1"},"pictureIndexX":4,"pictureIndexY":4,"pid":5,"tcf":{"k":8,"v":"t.hp > 0"},"tk":2},{"ak":0,"atid":{"k":7,"v":37},"auid":{"k":7,"v":8},"battleMessage":{"id":-1,"names":{"1":"[skill]"}},"cos":[{"sid":{"k":7,"v":4},"vf":{"k":8,"v":"4"}}],"d":{"id":-1,"names":{"1":"A wind attack on all enemies"}},"e":[{"deid":{"k":7,"v":6},"df":{"k":8,"v":"6 + u.mag - t.mdef"},"dmin":{"k":8,"v":"0"},"dsid":{"k":7,"v":3},"dvf":{"k":8,"v":"1"},"ide":true,"idv":true}],"id":34,"names":{"1":"Wind 2"},"pictureIndexX":5,"pictureIndexY":4,"pid":5,"tcf":{"k":8,"v":"t.hp > 0"},"tk":4},{"ak":0,"atid":{"k":7,"v":38},"auid":{"k":7,"v":8},"battleMessage":{"id":-1,"names":{"1":"[skill]"}},"cos":[{"sid":{"k":7,"v":4},"vf":{"k":8,"v":"6"}}],"d":{"id":-1,"names":{"1":"A huge wind attack on one enemy"}},"e":[{"deid":{"k":7,"v":6},"df":{"k":8,"v":"50 + u.mag - t.mdef"},"dmin":{"k":8,"v":"0"},"dsid":{"k":7,"v":3},"dvf":{"k":8,"v":"1"},"ide":true,"idv":true}],"id":35,"names":{"1":"Wind 3"},"pictureIndexX":6,"pictureIndexY":4,"pid":5,"tcf":{"k":8,"v":"t.hp > 0"},"tk":2},{"ak":0,"atid":{"k":7,"v":39},"auid":{"k":7,"v":8},"battleMessage":{"id":-1,"names":{"1":"[skill]"}},"cos":[{"sid":{"k":7,"v":4},"vf":{"k":8,"v":"2"}}],"d":{"id":-1,"names":{"1":"A darkness attack on one enemy"}},"e":[{"deid":{"k":7,"v":7},"df":{"k":8,"v":"10 + u.mag - t.mdef"},"dmin":{"k":8,"v":"0"},"dsid":{"k":7,"v":3},"dvf":{"k":8,"v":"1"},"ide":true,"idv":true}],"id":36,"names":{"1":"Darkness 1"},"pictureIndexY":5,"pid":5,"tcf":{"k":8,"v":"t.hp > 0"},"tk":2},{"ak":0,"atid":{"k":7,"v":40},"auid":{"k":7,"v":8},"battleMessage":{"id":-1,"names":{"1":"[skill]"}},"cos":[{"sid":{"k":7,"v":4},"vf":{"k":8,"v":"4"}}],"d":{"id":-1,"names":{"1":"A darkness attack on all enemies"}},"e":[{"deid":{"k":7,"v":7},"df":{"k":8,"v":"6 + u.mag - t.mdef"},"dmin":{"k":8,"v":"0"},"dsid":{"k":7,"v":3},"dvf":{"k":8,"v":"1"},"ide":true,"idv":true}],"id":37,"names":{"1":"Darkness 2"},"pictureIndexX":1,"pictureIndexY":5,"pid":5,"tcf":{"k":8,"v":"t.hp > 0"},"tk":4},{"ak":0,"atid":{"k":7,"v":41},"auid":{"k":7,"v":8},"battleMessage":{"id":-1,"names":{"1":"[skill]"}},"cos":[{"sid":{"k":7,"v":4},"vf":{"k":8,"v":"6"}}],"d":{"id":-1,"names":{"1":"A huge darkness attack on one enemy"}},"e":[{"deid":{"k":7,"v":7},"df":{"k":8,"v":"50 + u.mag - t.mdef"},"dmin":{"k":8,"v":"0"},"dsid":{"k":7,"v":3},"dvf":{"k":8,"v":"1"},"ide":true,"idv":true}],"id":38,"names":{"1":"Darkness 3"},"pictureIndexX":2,"pictureIndexY":5,"pid":5,"tcf":{"k":8,"v":"t.hp > 0"},"tk":2},{"ak":0,"atid":{"k":7,"v":42},"auid":{"k":7,"v":8},"battleMessage":{"id":-1,"names":{"1":"[skill]"}},"cos":[{"sid":{"k":7,"v":4},"vf":{"k":8,"v":"2"}}],"d":{"id":-1,"names":{"1":"A light attack on one enemy"}},"e":[{"deid":{"k":7,"v":8},"df":{"k":8,"v":"10 + u.mag - t.mdef"},"dmin":{"k":8,"v":"0"},"dsid":{"k":7,"v":3},"dvf":{"k":8,"v":"1"},"ide":true,"idv":true}],"id":39,"names":{"1":"Light 1"},"pictureIndexX":3,"pictureIndexY":5,"pid":5,"tcf":{"k":8,"v":"t.hp > 0"},"tk":2},{"ak":0,"atid":{"k":7,"v":43},"auid":{"k":7,"v":8},"battleMessage":{"id":-1,"names":{"1":"[skill]"}},"cos":[{"sid":{"k":7,"v":4},"vf":{"k":8,"v":"4"}}],"d":{"id":-1,"names":{"1":"A light attack on all enemies"}},"e":[{"deid":{"k":7,"v":8},"df":{"k":8,"v":"6 + u.mag - t.mdef"},"dmin":{"k":8,"v":"0"},"dsid":{"k":7,"v":3},"dvf":{"k":8,"v":"1"},"ide":true,"idv":true}],"id":40,"names":{"1":"Light 2"},"pictureIndexX":4,"pictureIndexY":5,"pid":5,"tcf":{"k":8,"v":"t.hp > 0"},"tk":4},{"ak":0,"atid":{"k":7,"v":44},"auid":{"k":7,"v":8},"battleMessage":{"id":-1,"names":{"1":"[skill]"}},"cos":[{"sid":{"k":7,"v":4},"vf":{"k":8,"v":"6"}}],"d":{"id":-1,"names":{"1":"A huge light attack on one enemy"}},"e":[{"deid":{"k":7,"v":8},"df":{"k":8,"v":"50 + u.mag - t.mdef"},"dmin":{"k":8,"v":"0"},"dsid":{"k":7,"v":3},"dvf":{"k":8,"v":"1"},"ide":true,"idv":true}],"id":41,"names":{"1":"Light 3"},"pictureIndexX":5,"pictureIndexY":5,"pid":5,"tcf":{"k":8,"v":"t.hp > 0"},"tk":2},{"ak":2,"atid":{"k":7,"v":45},"auid":{"k":7,"v":8},"battleMessage":{"id":-1,"names":{"1":"[skill]"}},"cos":[{"sid":{"k":7,"v":4},"vf":{"k":8,"v":"2"}}],"d":{"id":-1,"names":{"1":"Heal an ally HP"}},"e":[{"df":{"k":8,"v":"-10 - u.mag"},"dmax":{"k":8,"v":"0"},"dsid":{"k":7,"v":3},"dvf":{"k":8,"v":"1"},"idmax":true,"idmin":false,"idv":true}],"id":42,"names":{"1":"Heal 1"},"pictureIndexX":6,"pictureIndexY":5,"pid":5,"tcf":{"k":8,"v":"t.hp > 0"},"tk":3},{"ak":2,"atid":{"k":7,"v":46},"auid":{"k":7,"v":8},"battleMessage":{"id":-1,"names":{"1":"[skill]"}},"cos":[{"sid":{"k":7,"v":4},"vf":{"k":8,"v":"4"}}],"d":{"id":-1,"names":{"1":"Heal all allies HP"}},"e":[{"df":{"k":8,"v":"-6 + -u.mag"},"dmin":{"k":8,"v":"0"},"dsid":{"k":7,"v":3},"dvf":{"k":8,"v":"1"},"idv":true}],"id":43,"names":{"1":"Heal 2"},"pictureIndexY":6,"pid":5,"tcf":{"k":8,"v":"t.hp > 0"},"tk":5},{"ak":2,"atid":{"k":7,"v":47},"auid":{"k":7,"v":8},"battleMessage":{"id":-1,"names":{"1":"[skill]"}},"cos":[{"sid":{"k":7,"v":4},"vf":{"k":8,"v":"6"}}],"d":{"id":-1,"names":{"1":"Heal an ally a lot of HP"}},"e":[{"df":{"k":8,"v":"- 50 - u.mag"},"dmin":{"k":8,"v":"0"},"dsid":{"k":7,"v":3},"dvf":{"k":8,"v":"1"},"idv":true}],"id":44,"names":{"1":"Heal 3"},"pictureIndexX":1,"pictureIndexY":6,"pid":5,"tcf":{"k":8,"v":"t.hp > 0"},"tk":3},{"ak":0,"atid":{"k":7,"v":48},"auid":{"k":7,"v":8},"battleMessage":{"id":-1,"names":{"1":"[skill]"}},"cos":[{"sid":{"k":7,"v":4},"vf":{"k":8,"v":"5"}}],"d":{"id":-1,"names":{"1":"Add a barrier to an ally for 5 turns"}},"e":[{"k":1,"sid":{"k":7,"v":14}}],"id":45,"names":{"1":"Barrier 1"},"pictureIndexX":2,"pictureIndexY":6,"pid":5,"tcf":{"k":8,"v":"t.hp > 0"},"tk":3},{"ak":0,"atid":{"k":7,"v":49},"auid":{"k":7,"v":8},"battleMessage":{"id":-1,"names":{"1":"[skill]"}},"cos":[{"sid":{"k":7,"v":4},"vf":{"k":8,"v":"20"}}],"d":{"id":-1,"names":{"1":"Add a barrier to all allies for 5 turns"}},"e":[{"k":1,"sid":{"k":7,"v":14}}],"id":46,"names":{"1":"Barrier 2"},"pictureIndexX":3,"pictureIndexY":6,"pid":5,"tcf":{"k":8,"v":"t.hp > 0"},"tk":5},{"ak":2,"atid":{"k":7,"v":50},"auid":{"k":7,"v":8},"battleMessage":{"id":-1,"names":{"1":"[skill]"}},"cos":[{"sid":{"k":7,"v":4},"vf":{"k":8,"v":"10"}}],"d":{"id":-1,"names":{"1":"Heal all status of an ally"}},"e":[{"iast":false,"k":1,"sid":{"k":7,"v":2}},{"iast":false,"k":1,"sid":{"k":7,"v":3}},{"iast":false,"k":1,"sid":{"k":7,"v":4}},{"iast":false,"k":1,"sid":{"k":7,"v":5}},{"iast":false,"k":1,"sid":{"k":7,"v":6}},{"iast":false,"k":1,"sid":{"k":7,"v":7}},{"iast":false,"k":1,"sid":{"k":7,"v":8}},{"iast":false,"k":1,"sid":{"k":7,"v":12}},{"iast":false,"k":1,"sid":{"k":7,"v":13}}],"id":47,"names":{"1":"Remedy 1"},"pictureIndexX":4,"pictureIndexY":6,"pid":5,"tcf":{"k":8,"v":"t.hp > 0"},"tk":3},{"ak":2,"atid":{"k":7,"v":51},"auid":{"k":7,"v":8},"battleMessage":{"id":-1,"names":{"1":"[skill]"}},"cos":[{"sid":{"k":7,"v":4},"vf":{"k":8,"v":"50"}}],"d":{"id":-1,"names":{"1":"Heal all status of all allies"}},"e":[{"iast":false,"k":1,"sid":{"k":7,"v":2}},{"iast":false,"k":1,"sid":{"k":7,"v":3}},{"iast":false,"k":1,"sid":{"k":7,"v":4}},{"iast":false,"k":1,"sid":{"k":7,"v":5}},{"iast":false,"k":1,"sid":{"k":7,"v":6}},{"iast":false,"k":1,"sid":{"k":7,"v":7}},{"iast":false,"k":1,"sid":{"k":7,"v":8}},{"iast":false,"k":1,"sid":{"k":7,"v":12}},{"iast":false,"k":1,"sid":{"k":7,"v":13}}],"id":48,"names":{"1":"Remedy 2"},"pictureIndexX":4,"pictureIndexY":6,"pid":5,"tcf":{"k":8,"v":"t.hp > 0"},"tk":5},{"ak":0,"atid":{"k":7,"v":52},"auid":{"k":7,"v":8},"battleMessage":{"id":-1,"names":{"1":"[skill]"}},"cos":[{"sid":{"k":7,"v":4},"vf":{"k":8,"v":"10"}}],"d":{"id":-1,"names":{"1":"Add weaked status to an enemy"}},"e":[{"k":1,"sid":{"k":7,"v":12}}],"id":49,"names":{"1":"Weak 1"},"pictureIndexX":6,"pictureIndexY":6,"pid":5,"tcf":{"k":8,"v":"t.hp > 0"},"tk":2},{"ak":0,"atid":{"k":7,"v":53},"auid":{"k":7,"v":8},"battleMessage":{"id":-1,"names":{"1":"[skill]"}},"cos":[{"sid":{"k":7,"v":4},"vf":{"k":8,"v":"50"}}],"d":{"id":-1,"names":{"1":"Add weaked status to all enemies"}},"e":[{"k":1,"sid":{"k":7,"v":12}}],"id":50,"names":{"1":"Weak 2"},"pictureIndexY":7,"pid":5,"tcf":{"k":8,"v":"t.hp > 0"},"tk":2},{"ak":0,"atid":{"k":7,"v":54},"auid":{"k":7,"v":8},"battleMessage":{"id":-1,"names":{"1":"[skill]"}},"cos":[{"sid":{"k":7,"v":4},"vf":{"k":8,"v":"10"}}],"d":{"id":-1,"names":{"1":"Add poisoned status to an enemy"}},"e":[{"k":1,"sid":{"k":7,"v":2}}],"id":51,"names":{"1":"Poison 1"},"pictureIndexX":1,"pictureIndexY":7,"pid":5,"tcf":{"k":8,"v":"t.hp > 0"},"tk":2},{"ak":0,"atid":{"k":7,"v":55},"auid":{"k":7,"v":8},"battleMessage":{"id":-1,"names":{"1":"[skill]"}},"cos":[{"sid":{"k":7,"v":4},"vf":{"k":8,"v":"50"}}],"d":{"id":-1,"names":{"1":"Add poisoned status to all enemies"}},"e":[{"k":1,"sid":{"k":7,"v":2}}],"id":52,"names":{"1":"Poison 2"},"pictureIndexX":2,"pictureIndexY":7,"pid":5,"tcf":{"k":8,"v":"t.hp > 0"},"tk":2},{"ak":0,"atid":{"k":7,"v":56},"auid":{"k":7,"v":8},"battleMessage":{"id":-1,"names":{"1":"[skill]"}},"cos":[{"sid":{"k":7,"v":4},"vf":{"k":8,"v":"10"}}],"d":{"id":-1,"names":{"1":"Add burnt status to an enemy"}},"e":[{"k":1,"sid":{"k":7,"v":3}}],"id":53,"names":{"1":"Burn 1"},"pictureIndexX":3,"pictureIndexY":7,"pid":5,"tcf":{"k":8,"v":"t.hp > 0"},"tk":2},{"ak":0,"atid":{"k":7,"v":57},"auid":{"k":7,"v":8},"battleMessage":{"id":-1,"names":{"1":"[skill]"}},"cos":[{"sid":{"k":7,"v":4},"vf":{"k":8,"v":"50"}}],"d":{"id":-1,"names":{"1":"Add burnt status to all enemies"}},"e":[{"k":1,"sid":{"k":7,"v":3}}],"id":54,"names":{"1":"Burn 2"},"pictureIndexX":4,"pictureIndexY":7,"pid":5,"tcf":{"k":8,"v":"t.hp > 0"},"tk":2},{"ak":0,"atid":{"k":7,"v":58},"auid":{"k":7,"v":8},"battleMessage":{"id":-1,"names":{"1":"[skill]"}},"cos":[{"sid":{"k":7,"v":4},"vf":{"k":8,"v":"10"}}],"d":{"id":-1,"names":{"1":"Add muted status to an enemy"}},"e":[{"k":1,"sid":{"k":7,"v":6}}],"id":55,"names":{"1":"Mute 1"},"pictureIndexX":5,"pictureIndexY":7,"pid":5,"tcf":{"k":8,"v":"t.hp > 0"},"tk":2},{"ak":0,"atid":{"k":7,"v":59},"auid":{"k":7,"v":8},"battleMessage":{"id":-1,"names":{"1":"[skill]"}},"cos":[{"sid":{"k":7,"v":4},"vf":{"k":8,"v":"50"}}],"d":{"id":-1,"names":{"1":"Add muted status to all enemies"}},"e":[{"k":1,"sid":{"k":7,"v":6}}],"id":56,"names":{"1":"Mute 2"},"pictureIndexX":6,"pictureIndexY":7,"pid":5,"tcf":{"k":8,"v":"t.hp > 0"},"tk":2},{"ak":0,"atid":{"k":7,"v":60},"auid":{"k":7,"v":8},"battleMessage":{"id":-1,"names":{"1":"[skill]"}},"cos":[{"sid":{"k":7,"v":4},"vf":{"k":8,"v":"10"}}],"d":{"id":-1,"names":{"1":"Add confused status to an enemy"}},"e":[{"k":1,"sid":{"k":7,"v":5}}],"id":57,"names":{"1":"Confuse 1"},"pictureIndexY":8,"pid":5,"tcf":{"k":8,"v":"t.hp > 0"},"tk":2},{"ak":0,"atid":{"k":7,"v":61},"auid":{"k":7,"v":8},"battleMessage":{"id":-1,"names":{"1":"[skill]"}},"cos":[{"sid":{"k":7,"v":4},"vf":{"k":8,"v":"50"}}],"d":{"id":-1,"names":{"1":"Add confused status to all enemies"}},"e":[{"k":1,"sid":{"k":7,"v":5}}],"id":58,"names":{"1":"Confuse 2"},"pictureIndexX":1,"pictureIndexY":8,"pid":5,"tcf":{"k":8,"v":"t.hp > 0"},"tk":2},{"ak":0,"atid":{"k":7,"v":62},"auid":{"k":7,"v":8},"battleMessage":{"id":-1,"names":{"1":"[skill]"}},"cos":[{"sid":{"k":7,"v":4},"vf":{"k":8,"v":"10"}}],"d":{"id":-1,"names":{"1":"Add sleeping status to an enemy"}},"e":[{"k":1,"sid":{"k":7,"v":7}}],"id":59,"names":{"1":"Sleep 1"},"pictureIndexX":2,"pictureIndexY":8,"pid":5,"tcf":{"k":8,"v":"t.hp > 0"},"tk":2},{"ak":0,"atid":{"k":7,"v":63},"auid":{"k":7,"v":8},"battleMessage":{"id":-1,"names":{"1":"[skill]"}},"cos":[{"sid":{"k":7,"v":4},"vf":{"k":8,"v":"50"}}],"d":{"id":-1,"names":{"1":"Add sleeping status to all enemies"}},"e":[{"k":1,"sid":{"k":7,"v":7}}],"id":60,"names":{"1":"Sleep 2"},"pictureIndexX":3,"pictureIndexY":8,"pid":5,"tcf":{"k":8,"v":"t.hp > 0"},"tk":2},{"ak":0,"atid":{"k":7,"v":64},"auid":{"k":7,"v":8},"battleMessage":{"id":-1,"names":{"1":"[skill]"}},"cos":[{"sid":{"k":7,"v":4},"vf":{"k":8,"v":"10"}}],"d":{"id":-1,"names":{"1":"Add blind status to an enemy"}},"e":[{"k":1,"sid":{"k":7,"v":8}}],"id":61,"names":{"1":"Blink 1"},"pictureIndexX":4,"pictureIndexY":8,"pid":5,"tcf":{"k":8,"v":"t.hp > 0"},"tk":2},{"ak":0,"atid":{"k":7,"v":65},"auid":{"k":7,"v":8},"battleMessage":{"id":-1,"names":{"1":"[skill]"}},"cos":[{"sid":{"k":7,"v":4},"vf":{"k":8,"v":"50"}}],"d":{"id":-1,"names":{"1":"Add blind status to all enemies"}},"e":[{"k":1,"sid":{"k":7,"v":8}}],"id":62,"names":{"1":"Blink 2"},"pictureIndexX":5,"pictureIndexY":8,"pid":5,"tcf":{"k":8,"v":"t.hp > 0"},"tk":2},{"ak":2,"atid":{"k":7,"v":66},"auid":{"k":7,"v":8},"battleMessage":{"id":-1,"names":{"1":"[skill]"}},"cos":[{"sid":{"k":7,"v":4},"vf":{"k":8,"v":"20"}}],"d":{"id":-1,"names":{"1":"Revive a KO ally"}},"e":[{"df":{"k":8,"v":"-1"},"dsid":{"k":7,"v":3},"idmin":false}],"id":63,"names":{"1":"Revive 1"},"pictureIndexX":6,"pictureIndexY":8,"pid":5,"tcf":{"k":8,"v":"t.hp === 0"},"tk":3},{"ak":2,"atid":{"k":7,"v":67},"auid":{"k":7,"v":8},"battleMessage":{"id":-1,"names":{"1":"[skill]"}},"cos":[{"sid":{"k":7,"v":4},"vf":{"k":8,"v":"20"}}],"d":{"id":-1,"names":{"1":"Revive all KO allies"}},"e":[{"df":{"k":8,"v":"-1"},"dsid":{"k":7,"v":3},"idmin":false}],"id":64,"names":{"1":"Revive 2"},"pictureIndexY":9,"pid":5,"tcf":{"k":8,"v":"t.hp === 0"},"tk":5},{"ak":0,"atid":{"k":7,"v":68},"battleMessage":{"id":-1,"names":{"1":"[skill]"}},"cos":[{"sid":{"k":7,"v":5},"vf":{"k":8,"v":"3"}}],"d":{"id":-1,"names":{"1":"A powerfull silver bullet"}},"e":[{"df":{"k":8,"v":"10 + u.atk - t.pdef"},"dmin":{"k":8,"v":"0"},"dsid":{"k":7,"v":3},"dvf":{"k":8,"v":"1"},"idv":true}],"id":65,"names":{"1":"Silver bullet"},"pictureIndexX":1,"pictureIndexY":9,"pid":5,"tcf":{"k":8,"v":"t.hp > 0"},"tk":2},{"ak":0,"atid":{"k":7,"v":69},"battleMessage":{"id":-1,"names":{"1":"[skill]"}},"cos":[{"sid":{"k":7,"v":5},"vf":{"k":8,"v":"10"}}],"d":{"id":-1,"names":{"1":"A bullet adding paralized status to an enemy"}},"e":[{"df":{"k":8,"v":"5 + u.atk - t.pdef"},"dmin":{"k":8,"v":"0"},"dsid":{"k":7,"v":3},"dvf":{"k":8,"v":"1"},"idv":true},{"k":1,"sid":{"k":7,"v":4}}],"id":66,"names":{"1":"Paralyze bullet"},"pictureIndexX":2,"pictureIndexY":9,"pid":5,"tcf":{"k":8,"v":"t.hp > 0"},"tk":2},{"ak":2,"atid":{"k":7,"v":70},"auid":{"k":7,"v":8},"battleMessage":{"id":-1,"names":{"1":"[skill]"}},"cos":[{"sid":{"k":7,"v":4},"vf":{"k":8,"v":"5"}}],"d":{"id":-1,"names":{"1":"A bullet healing an ally"}},"e":[{"df":{"k":8,"v":"-10 - u.mag"},"dmax":{"k":8,"v":"0"},"dsid":{"k":7,"v":3},"dvf":{"k":8,"v":"1"},"idmax":true,"idmin":false,"idv":true}],"id":67,"names":{"1":"Heal bullet"},"pictureIndexX":3,"pictureIndexY":9,"pid":5,"tcf":{"k":8,"v":"t.hp > 0"},"tk":3},{"ak":0,"atid":{"k":7,"v":71},"auid":{"k":7,"v":8},"battleMessage":{"id":-1,"names":{"1":"[skill]"}},"cos":[{"sid":{"k":7,"v":4},"vf":{"k":8,"v":"3"}}],"d":{"id":-1,"names":{"1":"A magic arrow"}},"e":[{"df":{"k":8,"v":"10 + u.atk - t.pdef"},"dmin":{"k":8,"v":"0"},"dsid":{"k":7,"v":3},"dvf":{"k":8,"v":"1"},"idv":true}],"id":68,"names":{"1":"Magic arrow"},"pictureIndexX":4,"pictureIndexY":9,"pid":5,"tcf":{"k":8,"v":"t.hp > 0"},"tk":2},{"ak":0,"atid":{"k":7,"v":72},"battleMessage":{"id":-1,"names":{"1":"[skill]"}},"cos":[{"sid":{"k":7,"v":5},"vf":{"k":8,"v":"10"}}],"d":{"id":-1,"names":{"1":"An arrow adding poisoned status to an enemy"}},"e":[{"df":{"k":8,"v":"5 + u.atk - t.pdef"},"dmin":{"k":8,"v":"0"},"dsid":{"k":7,"v":3},"dvf":{"k":8,"v":"1"},"idv":true},{"k":1,"sid":{"k":7,"v":2}}],"id":69,"names":{"1":"Poison arrow"},"pictureIndexX":5,"pictureIndexY":9,"pid":5,"tcf":{"k":8,"v":"t.hp > 0"},"tk":2},{"ak":0,"atid":{"k":7,"v":73},"battleMessage":{"id":-1,"names":{"1":"[skill]"}},"cos":[{"sid":{"k":7,"v":5},"vf":{"k":8,"v":"10"}}],"d":{"id":-1,"names":{"1":"An arrow adding muted status to an enemy"}},"e":[{"df":{"k":8,"v":"5 + u.atk - t.pdef"},"dmin":{"k":8,"v":"0"},"dsid":{"k":7,"v":3},"dvf":{"k":8,"v":"1"},"idv":true},{"k":1,"sid":{"k":7,"v":6}}],"id":70,"names":{"1":"Mute arrow"},"pictureIndexX":6,"pictureIndexY":9,"pid":5,"tcf":{"k":8,"v":"t.hp > 0"},"tk":2},{"ak":0,"atid":{"k":7,"v":2},"battleMessage":{"id":-1,"names":{"1":"[skill]"}},"d":{"id":-1,"names":{"1":"A cut attack"}},"e":[{"df":{"k":8,"v":"2 + u.atk - t.pdef"},"dmin":{"k":8,"v":"0"},"dsid":{"k":7,"v":3},"dvf":{"k":8,"v":"1"},"idv":true}],"id":71,"names":{"1":"Cut"},"pid":5,"tcf":{"k":8,"v":"t.hp > 0"},"tk":2},{"ak":0,"atid":{"k":7,"v":3},"battleMessage":{"id":-1,"names":{"1":"[skill]"}},"d":{"id":-1,"names":{"1":"A claw attack"}},"e":[{"df":{"k":8,"v":"2 + u.atk - t.pdef"},"dmin":{"k":8,"v":"0"},"dsid":{"k":7,"v":3},"dvf":{"k":8,"v":"1"},"idv":true}],"id":72,"names":{"1":"Claw"},"pid":5,"tcf":{"k":8,"v":"t.hp > 0"},"tk":2},{"ak":0,"atid":{"k":7,"v":2},"battleMessage":{"id":-1,"names":{"1":"[skill]"}},"d":{"id":-1,"names":{"1":"A fang attack"}},"e":[{"df":{"k":8,"v":"2 + u.atk - t.pdef"},"dmin":{"k":8,"v":"0"},"dsid":{"k":7,"v":3},"dvf":{"k":8,"v":"1"},"idv":true}],"id":73,"names":{"1":"Fang"},"pid":5,"tcf":{"k":8,"v":"t.hp > 0"},"tk":2}]}