{"list":[{"k":3,"v":[{"br":false,"id":-1,"name":"<None>"},{"br":false,"id":1,"name":"Cancel.wav"},{"br":false,"id":2,"name":"Confirmation.wav"},{"br":false,"id":3,"name":"Cursor.wav"},{"br":false,"id":4,"name":"Levelup.wav"},{"br":false,"id":5,"name":"Hit.wav"},{"br":false,"id":6,"name":"Up.wav"},{"br":false,"id":7,"name":"Mana.wav"},{"br":false,"id":8,"name":"Heal.wav"},{"br":false,"id":9,"name":"Malus.wav"},{"br":false,"id":10,"name":"Bip.wav"},{"br":false,"id":11,"name":"Confuse.wav"},{"br":false,"id":12,"name":"Dead.wav"},{"br":false,"id":13,"name":"Poison.wav"}]},{"k":2,"v":[{"br":false,"id":-1,"name":"<None>"},{"br":false,"id":1,"name":"Cave.mp3"},{"br":false,"id":2,"name":"Rain.mp3"}]},{"k":4,"v":[{"br":false,"id":-1,"name":"<None>"},{"br":false,"id":1,"name":"Levelup.wav"}]},{"k":1,"v":[{"br":false,"id":-1,"name":"<None>"},{"br":false,"id":1,"name":"TitleScreen1.mp3"},{"br":false,"id":2,"name":"Battle1.mp3"},{"br":false,"id":3,"name":"Battle2.mp3"},{"br":false,"id":4,"name":"Field1.mp3"},{"br":false,"id":5,"name":"Theme1.mp3"},{"br":false,"id":6,"name":"Town1.mp3"},{"br":false,"id":7,"name":"Dungeon1.mp3"},{"br":false,"id":8,"name":"Dungeon2.mp3"},{"br":false,"id":9,"name":"walkin musuc - 2:6:23, 9.05 PM.mp3"},{"br":false,"id":11,"name":"SONG FOR MY CHUCHR.mp3"},{"br":false,"id":10,"name":"scary music edit.mp3"},{"br":false,"id":12,"name":"2000-01-30_02_hildegard-von-bingen_ave-generosa_128.mp3"},{"br":false,"id":13,"name":"underground music.mp3"},{"br":false,"id":14,"name":"dark song - 2:27:23, 10.02 PM.mp3"},{"br":false,"id":15,"name":"cafe song.mp3"}]}]}