{"autotiles":[{"id":1,"name":"General","pic":1},{"id":2,"isAnimated":true,"name":"Water","pic":2},{"id":3,"name":"Haunted","pic":3},{"id":4,"name":"Snow","pic":4},{"id":5,"isAnimated":true,"name":"Lava","pic":5},{"id":6,"name":"idk","pic":6},{"id":7,"name":"blood","pic":7}],"m":[{"id":1,"mck":1,"name":"Grass","pic":1},{"id":2,"name":"Haunted","pic":2},{"id":3,"name":"Snow","pic":3},{"id":4,"name":"Desert","pic":4},{"id":5,"name":"Cave","pic":5},{"id":6,"name":"Sidewalk","pic":6},{"id":7,"name":"Grass no borders","pic":7},{"id":8,"name":"Grass small cave entry","pic":8},{"id":9,"name":"Haunted no borders","pic":9},{"id":10,"name":"Snow no borders","pic":10},{"id":11,"name":"Roof blue","pic":11},{"id":12,"name":"Roof green","pic":12},{"id":13,"name":"Roof red","pic":13},{"id":14,"name":"Roof white","pic":14},{"id":15,"name":"Sand","pic":15},{"id":16,"name":"Sandstone","pic":16},{"id":17,"mck":1,"name":"Sewers","pic":16},{"id":18,"mck":1,"name":"maze","pic":19}],"o":[{"ck":2,"id":1,"name":"tent","oid":1,"pic":1,"s":2,"sk":5},{"ck":1,"dp":50,"ds":0,"hp":50,"hs":0,"id":2,"itl":false,"name":"Small chest","pic":2},{"ck":1,"dp":50,"ds":0,"hp":25,"hs":0,"id":3,"itl":false,"name":"Small chest opened","pic":3},{"ck":1,"dp":50,"ds":0,"hp":50,"hs":0,"id":4,"itl":false,"name":"Small chest blue","pic":4},{"ck":1,"dp":50,"ds":0,"hp":25,"hs":0,"id":5,"itl":false,"name":"Small chest blue opened","pic":5},{"ck":1,"dp":50,"ds":0,"hp":50,"hs":0,"id":6,"itl":false,"name":"Small chest green","pic":6},{"ck":1,"dp":50,"ds":0,"hp":25,"hs":0,"id":7,"itl":false,"name":"Small chest green opened","pic":7},{"ck":1,"dp":50,"ds":0,"hp":50,"hs":0,"id":8,"itl":false,"name":"Small chest red","pic":8},{"ck":1,"dp":50,"ds":0,"hp":25,"hs":0,"id":9,"itl":false,"name":"Small chest red opened","pic":9},{"ck":1,"id":10,"itl":false,"name":"Chest","pic":10},{"ck":1,"hp":50,"hs":0,"id":11,"itl":false,"name":"Chest opened 1","pic":11},{"ck":2,"id":12,"name":"Chest opened 2","oid":2,"pic":12,"sk":5},{"ck":1,"id":13,"name":"Small log","pic":13},{"ck":1,"id":14,"name":"Log","pic":14,"ws":2},{"ck":1,"id":15,"name":"Big log","pic":15,"ws":3},{"ck":1,"hp":50,"hs":0,"id":16,"name":"Picnic table stone","pic":16,"ws":2},{"ck":1,"hp":50,"hs":0,"id":17,"name":"Picnic table wood","pic":17,"ws":2},{"ck":2,"id":18,"name":"Woodfence 1","oid":3,"pic":18,"sk":5},{"ck":2,"id":19,"name":"Woodfence 2","oid":4,"pic":18,"sk":5},{"ck":2,"id":20,"name":"Woodfence 3","oid":5,"pic":18,"sk":5},{"ck":2,"id":21,"name":"Woodfence snow 1","oid":3,"pic":19,"sk":5},{"ck":2,"id":22,"name":"Woodfence snow 2","oid":4,"pic":19,"sk":5},{"ck":2,"id":23,"name":"Woodfence snow 3","oid":5,"pic":19,"sk":5},{"ck":1,"ds":4,"hs":4,"id":24,"name":"Brick building","pic":20,"ws":4},{"ck":1,"ds":6,"hs":6,"id":25,"name":"Big brick building","pic":21,"ws":6},{"ck":1,"ds":4,"hs":4,"id":26,"name":"Stone building","pic":22,"ws":4},{"ck":1,"ds":6,"hs":6,"id":27,"name":"Big stone building","pic":23,"ws":6},{"ck":1,"ds":4,"hs":4,"id":28,"name":"Wood building","pic":24,"ws":4},{"ck":1,"ds":6,"hs":6,"id":29,"name":"Big wood building","pic":1,"ws":6},{"ck":1,"id":30,"name":"Brick chimney","pic":26},{"ck":1,"id":31,"name":"Stone chimney","pic":27},{"ck":2,"id":32,"name":"Brick blue house","oid":6,"pic":28,"sk":5},{"ck":2,"id":33,"name":"Brick blue house snow","oid":6,"pic":29,"sk":5},{"ck":2,"id":34,"name":"Brick green house","oid":6,"pic":30,"sk":5},{"ck":2,"id":35,"name":"Brick green house snow","oid":6,"pic":31,"sk":5},{"ck":2,"id":36,"name":"Brick red house","oid":6,"pic":32,"sk":5},{"ck":2,"id":37,"name":"Brick red house snow","oid":6,"pic":33,"sk":5},{"ck":2,"id":38,"name":"Stone blue house","oid":6,"pic":34,"sk":5},{"ck":2,"id":39,"name":"Stone blue house snow","oid":6,"pic":110,"sk":5},{"ck":2,"id":40,"name":"Stone green house","oid":6,"pic":36,"sk":5},{"ck":2,"id":41,"name":"Stone green house snow","oid":6,"pic":37,"sk":5},{"ck":2,"id":42,"name":"Stone red house","oid":6,"pic":38,"sk":5},{"ck":2,"id":43,"name":"Stone red house snow","oid":6,"pic":39,"sk":5},{"ck":2,"id":44,"name":"Wood blue house","oid":6,"pic":40,"sk":5},{"ck":2,"id":45,"name":"Wood blue house snow","oid":6,"pic":41,"sk":5},{"ck":2,"id":46,"name":"Wood green house","oid":6,"pic":42,"sk":5},{"ck":2,"id":47,"name":"Wood green house snow","oid":6,"pic":43,"sk":5},{"ck":2,"id":48,"name":"Wood red house","oid":6,"pic":44,"sk":5},{"ck":2,"id":49,"name":"Wood red house snow","oid":6,"pic":45,"sk":5},{"ck":1,"hs":2,"id":50,"name":"Small shop stand black","pic":46,"ws":2},{"ck":1,"hs":2,"id":51,"name":"Small shop stand blue","pic":47,"ws":2},{"ck":1,"hs":2,"id":52,"name":"Small shop stand green","pic":48,"ws":2},{"ck":1,"hs":2,"id":53,"name":"Small shop stand red","pic":49,"ws":2},{"ck":1,"hs":2,"id":54,"name":"Small shop stand white","pic":50,"ws":2},{"ck":1,"ds":3,"hs":2,"id":55,"name":"Shop stand black","pic":51,"ws":4},{"ck":1,"ds":3,"hs":2,"id":56,"name":"Shop stand black snow","pic":52,"ws":4},{"ck":1,"ds":3,"hs":2,"id":57,"name":"Shop stand blue","pic":53,"ws":4},{"ck":1,"ds":3,"hs":2,"id":58,"name":"Shop stand blue snow","pic":54,"ws":4},{"ck":1,"ds":3,"hs":2,"id":59,"name":"Shop stand green","pic":55,"ws":4},{"ck":1,"ds":3,"hs":2,"id":60,"name":"Shop stand green snow","pic":56,"ws":4},{"ck":1,"ds":3,"hs":2,"id":61,"name":"Shop stand red","pic":57,"ws":4},{"ck":1,"ds":3,"hs":2,"id":62,"name":"Shop stand red snow","pic":58,"ws":4},{"ck":1,"ds":3,"hs":2,"id":63,"name":"Shop stand white","pic":59,"ws":4},{"ck":1,"ds":3,"hs":2,"id":64,"name":"Shop stand white snow","pic":60,"ws":4},{"ck":1,"dp":50,"ds":0,"hp":25,"hs":0,"id":65,"name":"Bench stone","pic":61,"ws":2},{"ck":1,"dp":50,"ds":0,"hp":25,"hs":0,"id":66,"name":"Bench wood","pic":62,"ws":2},{"ck":1,"ds":6,"hs":2,"id":67,"name":"Bus","pic":63,"ws":2},{"ck":2,"id":68,"name":"Car black","oid":7,"pic":64,"sk":5},{"ck":2,"id":69,"name":"Car blue","oid":7,"pic":65,"sk":5},{"ck":2,"id":70,"name":"Car green","oid":7,"pic":66,"sk":5},{"ck":2,"id":71,"name":"Car red","oid":7,"pic":67,"sk":5},{"ck":2,"id":72,"name":"Car white","oid":7,"pic":68,"sk":5},{"ck":1,"hp":50,"hs":0,"id":73,"name":"Bed black","pic":69,"ws":2},{"ck":1,"hp":50,"hs":0,"id":74,"name":"Bed blue","pic":70,"ws":2},{"ck":1,"hp":50,"hs":0,"id":75,"name":"Bed green","pic":71,"ws":2},{"ck":1,"hp":50,"hs":0,"id":76,"name":"Bed red","pic":72,"ws":2},{"ck":1,"hp":50,"hs":0,"id":77,"name":"Bed white","pic":73,"ws":2},{"ck":1,"ds":2,"hp":50,"hs":0,"id":78,"name":"Big bed black","pic":74,"ws":2},{"ck":1,"ds":2,"hp":50,"hs":0,"id":79,"name":"Big bed blue","pic":75,"ws":2},{"ck":1,"ds":2,"hp":50,"hs":0,"id":80,"name":"Big bed green","pic":76,"ws":2},{"ck":1,"ds":2,"hp":50,"hs":0,"id":81,"name":"Big bed red","pic":77,"ws":2},{"ck":1,"ds":2,"hp":50,"hs":0,"id":82,"name":"Big bed white","pic":78,"ws":2},{"ck":1,"hs":2,"id":83,"name":"Dresser","pic":79,"ws":2},{"ck":2,"id":84,"name":"Sofa black","oid":8,"pic":80,"sk":5},{"ck":2,"id":85,"name":"Sofa blue","oid":8,"pic":81,"sk":5},{"ck":2,"id":86,"name":"Sofa green","oid":8,"pic":82,"sk":5},{"ck":2,"id":87,"name":"Sofa red","oid":8,"pic":83,"sk":5},{"ck":2,"id":88,"name":"Sofa white","oid":8,"pic":84,"sk":5},{"ck":1,"id":89,"name":"Small TV","pic":85,"wp":56.25},{"ck":1,"dp":18.75,"ds":0,"hp":50,"id":90,"name":"TV","pic":86,"ws":2},{"ck":1,"hp":50,"hs":0,"id":91,"name":"Small table","pic":87},{"ck":1,"ds":2,"hp":50,"hs":0,"id":92,"name":"Table","pic":88,"ws":3},{"ck":1,"ds":2,"hp":50,"hs":0,"id":93,"name":"Big table","pic":89,"ws":3},{"ck":2,"id":94,"name":"Chair blue","oid":9,"pic":90,"sk":5},{"ck":2,"id":95,"name":"Chair green","oid":9,"pic":91,"sk":5},{"ck":2,"id":96,"name":"Chair red","oid":9,"pic":92,"sk":5},{"ck":2,"id":97,"name":"Chair white","oid":9,"pic":93,"sk":5},{"ck":1,"dp":50,"ds":0,"hs":2,"id":98,"name":"Small bookshelf","pic":94},{"ck":1,"hs":2,"id":99,"name":"Bookshelf","pic":95,"ws":2},{"ck":1,"hs":2,"id":100,"name":"Fridge","pic":96},{"ck":1,"hp":75,"hs":0,"id":101,"name":"Cabinet 1","pic":97},{"ck":1,"hp":75,"hs":0,"id":102,"name":"Cabinet 2","pic":98},{"ck":1,"id":103,"name":"Cabinet 3","pic":99},{"ck":2,"id":104,"name":"Sink","oid":10,"pic":100,"sk":5},{"ck":1,"hp":50,"hs":0,"id":105,"name":"Bath","pic":101,"ws":2},{"ck":2,"id":106,"name":"Toilet","oid":11,"pic":102,"sk":5},{"ck":1,"id":107,"name":"Crate","pic":103},{"ck":2,"id":108,"name":"Barrel","oid":12,"pic":104,"sk":5},{"ck":2,"id":109,"name":"Barrel closed","oid":12,"pic":105,"sk":5},{"ck":2,"id":110,"name":"Barrel fruits","oid":12,"pic":106,"sk":5},{"ck":2,"id":111,"name":"Barrel vegetables","oid":12,"pic":107,"sk":5},{"ck":1,"id":112,"name":"Cube cobblestone","pic":108},{"ck":1,"id":113,"name":"Minecart","pic":109,"wp":25},{"ck":1,"id":114,"name":"redbox","pic":115},{"id":115,"name":"orangebox","pic":114},{"ck":1,"id":116,"name":"yellow box","pic":117},{"ck":1,"id":117,"name":"greenbox","pic":112},{"id":118,"name":"bluebox","pic":111},{"id":119,"name":"indigobox","pic":113},{"id":120,"name":"violetbox","pic":116}],"walls":[{"id":1,"name":"Woods wall","pic":1},{"id":2,"name":"Bush","pic":2},{"id":3,"name":"Bush haunted","pic":3},{"id":4,"name":"Bush snow","pic":4},{"id":5,"name":"Bridge string","pic":5},{"id":6,"name":"Brick","pic":6},{"id":7,"name":"Hedge","pic":7},{"id":8,"name":"Sandstone","pic":8},{"id":9,"name":"Big sandstone","pic":9},{"id":10,"name":"Hedge snow","pic":10},{"id":11,"name":"Inside door opened","pic":11},{"id":12,"name":"Inside 1","pic":12},{"id":13,"name":"Inside 2","pic":13},{"id":14,"name":"Inside 3","pic":14},{"id":15,"name":"Wood","pic":15},{"id":16,"name":"Sewers","pic":16},{"id":17,"name":"Cave","pic":17},{"id":18,"name":"Stone","pic":18},{"id":19,"name":"JESUS","pic":22},{"id":20,"name":"stainglass","pic":21},{"id":21,"name":"jesus2","pic":23},{"id":22,"name":"nponth","pic":1},{"id":23,"name":"maze wall","pic":24}]}