{"status":[{"battlerPosition":{"k":3,"v":8},"id":1,"names":{"1":"KO"},"pictureIndexX":2,"pictureIndexY":4,"pid":2,"priority":{"k":3,"v":999},"restrictionKind":1},{"effects":[{"df":{"k":8,"v":"5 * u.maxhp / 100"},"dmin":{"k":8,"v":"0"},"dsid":{"k":7,"v":3}}],"id":2,"messageAllyAffected":{"k":8,"v":"Poisoned!"},"messageEnemyAffected":{"k":8,"v":"Poisoned!"},"messageStatusHealed":{"k":8,"v":"Poison healed"},"names":{"1":"Poisoned"},"pictureIndexX":1,"pictureIndexY":4,"pid":2},{"effects":[{"df":{"k":8,"v":"5 * u.maxhp / 100"},"dmin":{"k":8,"v":"0"},"dsid":{"k":7,"v":3}}],"id":3,"messageAllyAffected":{"k":8,"v":"Burnt!"},"messageEnemyAffected":{"k":8,"v":"Burnt!"},"messageStatusHealed":{"k":8,"v":"Burn healed"},"names":{"1":"Burnt"},"pictureIndexX":2,"pictureIndexY":3,"pid":2},{"id":4,"isReleaseAtEndBattle":true,"isReleaseStartTurn":true,"messageAllyAffected":{"k":8,"v":"Paralized!"},"messageEnemyAffected":{"k":8,"v":"Paralized!"},"messageStatusHealed":{"k":8,"v":"Paralize healed"},"names":{"1":"Paralized"},"pictureIndexX":4,"pictureIndexY":3,"pid":2,"releaseStartTurn":[{"chance":{"k":12,"v":50},"id":-1,"name":""}],"restrictionKind":1},{"id":5,"isReleaseAtEndBattle":true,"isReleaseStartTurn":true,"messageAllyAffected":{"k":8,"v":"Confused!"},"messageEnemyAffected":{"k":8,"v":"Confused!"},"messageStatusHealed":{"k":8,"v":"Confuse healed"},"names":{"1":"Confused"},"pictureIndexY":4,"pid":2,"releaseStartTurn":[{"chance":{"k":12,"v":50},"id":-1,"name":""}],"restrictionKind":6},{"id":6,"isReleaseAtEndBattle":true,"isReleaseStartTurn":true,"messageAllyAffected":{"k":8,"v":"Muted!"},"messageEnemyAffected":{"k":8,"v":"Muted!"},"messageStatusHealed":{"k":8,"v":"Mute healed"},"names":{"1":"Muted"},"pictureIndexX":3,"pictureIndexY":4,"pid":2,"releaseStartTurn":[{"chance":{"k":12,"v":50},"id":-1,"name":""}],"restrictionKind":2},{"id":7,"isReleaseAtEndBattle":true,"isReleaseStartTurn":true,"messageAllyAffected":{"k":8,"v":"Sleeping!"},"messageEnemyAffected":{"k":8,"v":"Sleeping!"},"messageStatusHealed":{"k":8,"v":"Sleep healed"},"names":{"1":"Sleeping"},"pictureIndexX":3,"pictureIndexY":3,"pid":2,"releaseStartTurn":[{"chance":{"k":12,"v":50},"id":-1,"name":""}],"restrictionKind":1},{"characteristics":[{"iid":false,"svid":{"k":7,"v":12}}],"id":8,"isReleaseAtEndBattle":true,"isReleaseStartTurn":true,"messageAllyAffected":{"k":8,"v":"Blind!"},"messageEnemyAffected":{"k":8,"v":"Blind!"},"messageStatusHealed":{"k":8,"v":"Blind healed"},"names":{"1":"Blind"},"pictureIndexX":3,"pictureIndexY":3,"pid":2,"releaseStartTurn":[{"chance":{"k":12,"v":50},"id":-1,"name":""}]},{"characteristics":[{"o":false,"svid":{"k":7,"v":8},"v":{"k":3,"v":50}}],"id":9,"isReleaseAtEndBattle":true,"isReleaseStartTurn":true,"names":{"1":"Power"},"pictureIndexY":3,"pid":2,"releaseStartTurn":[{"chance":{"k":12,"v":100},"id":-1,"name":"","turn":{"k":3,"v":5}}]},{"characteristics":[{"o":false,"svid":{"k":7,"v":8},"v":{"k":3,"v":150}}],"id":10,"isReleaseAtEndBattle":true,"isReleaseStartTurn":true,"names":{"1":"War cry"},"pictureIndexY":3,"pid":2,"releaseStartTurn":[{"chance":{"k":12,"v":100},"id":-1,"name":"","turn":{"k":3,"v":3}}]},{"characteristics":[{"o":false,"svid":{"k":7,"v":8},"v":{"k":3,"v":25}}],"id":11,"isReleaseAtEndBattle":true,"names":{"1":"Concentration"},"pictureIndexY":3,"pid":2},{"characteristics":[{"iid":false,"o":false,"svid":{"k":7,"v":8},"v":{"k":3,"v":-20}},{"iid":false,"o":false,"svid":{"k":7,"v":9},"v":{"k":3,"v":-20}}],"id":12,"isReleaseAtEndBattle":true,"isReleaseStartTurn":true,"names":{"1":"Weak enemies"},"pictureIndexX":1,"pictureIndexY":3,"pid":2,"releaseStartTurn":[{"chance":{"k":12,"v":100},"id":-1,"name":"","turn":{"k":3,"v":3}}]},{"characteristics":[{"iid":false,"o":false,"svid":{"k":7,"v":10},"v":{"k":3,"v":-10}},{"iid":false,"o":false,"svid":{"k":7,"v":11},"v":{"k":3,"v":-10}}],"id":13,"isReleaseAtEndBattle":true,"isReleaseStartTurn":true,"names":{"1":"Broken"},"pictureIndexX":1,"pictureIndexY":3,"pid":2,"releaseStartTurn":[{"chance":{"k":12,"v":100},"id":-1,"name":"","turn":{"k":3,"v":3}}]},{"characteristics":[{"o":false,"svid":{"k":7,"v":10},"v":{"k":3,"v":10}},{"o":false,"svid":{"k":7,"v":11},"v":{"k":3,"v":10}}],"id":14,"isReleaseAtEndBattle":true,"isReleaseStartTurn":true,"names":{"1":"Barrier"},"pictureIndexY":3,"pid":2,"releaseStartTurn":[{"chance":{"k":12,"v":100},"id":-1,"name":"","turn":{"k":3,"v":5}}]}]}