{"bb":true,"colors":[{"a":255,"b":0,"g":0,"id":1,"name":"Black","r":0},{"a":255,"b":255,"g":255,"id":2,"name":"White","r":255},{"a":255,"b":221,"g":224,"id":3,"name":"Blue sky","r":199}],"cp":[{"id":1,"name":"Outside"},{"d":{"k":12,"v":360},"id":2,"name":"Battle","va":{"k":12,"v":60}},{"d":{"k":12,"v":0.5},"id":3,"name":"FPS","toy":{"k":3,"v":1},"va":{"k":12,"v":85}},{"ha":{"k":12,"v":-135},"id":4,"name":"Isometric","o":true}],"currencies":[{"id":1,"names":{"1":"G"},"pid":6},{"id":2,"names":{"1":"XCoin"},"pictureIndexX":1,"pid":6}],"d":[{"b":[{"k":[0,0,0,1,0,87.5,50,0],"v":{"bhp":25,"bhs":0,"blp":25,"bls":0,"bwp":25,"bws":0}}],"fb":1,"fl":0,"fr":0,"ft":0,"id":1,"name":"Front"},{"b":[{"k":[0,0,0,0,0],"v":{}}],"fb":0,"fl":0,"fr":0,"ft":0,"id":2,"name":"Self"}],"dbo":{"command":[1,7,1,1,12,10,1,12,320,1,12,620,1,12,150,1,12,30,1,12,30,1,12,30,1,12,30,1,1,1,12,0,1,12,0,1,0,1,7,2,1,7,1,0,1,7,1,1,7,1],"kind":38},"enterNameTable":[["a","b","c","d","e","f","g","h","i","j","k","l","m"],["n","o","p","q","r","s","t","u","v","w","x","y","z"],["A","B","C","D","E","F","G","H","I","J","K","L","M"],["N","O","P","Q","R","S","T","U","V","W","X","Y","Z"],["0","1","2","3","4","5","6","7","8","9","^","@","|"],["?","!","#","$","%","[","]","{","}","(",")","<",">"],["&","*","+","-","/","=",":",";",".","~"," "," "," "]],"f":[{"id":1,"is":false,"name":"Instantaneous","v":{"k":12,"v":0}}],"fn":[{"id":1,"isBasic":false,"name":"Default"}],"frames":4,"fs":[{"id":1,"name":"Normal","s":{"k":3,"v":13}},{"id":2,"name":"Small","s":{"k":3,"v":10}},{"id":3,"name":"Very small","s":{"k":3,"v":7}},{"id":4,"name":"Big","s":{"k":3,"v":16}},{"id":5,"name":"Very big","s":{"k":3,"v":19}}],"heroesStatistics":[{"id":1,"name":"<>0003: HP","statisticID":{"k":7,"v":3}},{"id":2,"name":"<>0004: MP","statisticID":{"k":7,"v":4}},{"id":3,"name":"<>0005: TP","statisticID":{"k":7,"v":5}}],"idMapHero":1,"idObjHero":6,"initialPartyMembers":[{"id":1,"name":""}],"inventoryFilters":[{"id":1,"names":{"1":"All"}},{"id":2,"kind":1,"names":{"1":"Consumables"}},{"id":3,"kind":2,"names":{"1":"Ingredients"}},{"id":4,"itemTypeID":{"k":7,"v":2},"kind":2,"names":{"1":"Key items"}},{"id":5,"kind":3,"names":{"1":"Weapons"}},{"id":6,"kind":4,"names":{"1":"Armors"}}],"isw":false,"itemsTypes":[{"id":1,"names":{"1":"Ingredient"}},{"id":2,"names":{"1":"Key item"}},{"id":3,"names":{"1":"Others"}}],"lmiv":0,"lmva":1,"mainMenuCommands":[{"id":1,"names":{"1":"Inventory"}},{"id":2,"kind":1,"names":{"1":"Skills"}},{"id":3,"kind":2,"names":{"1":"Equip"}},{"id":4,"kind":3,"names":{"1":"States"}},{"id":5,"kind":4,"names":{"1":"Order"}},{"id":6,"kind":5,"names":{"1":"Save"}},{"id":7,"kind":6,"names":{"1":"Quit"}}],"pathBR":"/Applications/Engine/Content/BR","pn":{"id":-1,"names":{"1":"isabel's fun game"}},"sb":[{"bid":2,"boid":4,"fid":6,"id":1,"lid":5,"name":"Day","rid":6,"tid":3},{"bid":8,"boid":10,"fid":7,"id":2,"lid":11,"name":"Evening","rid":12,"tid":9},{"bid":14,"boid":16,"fid":13,"id":3,"lid":17,"name":"Night","rid":18,"tid":15}],"sca":{"id":1,"ie":false,"is":false,"name":"Cancel.wav","v":{"k":3,"v":50}},"sco":{"id":2,"ie":false,"is":false,"name":"Confirmation.wav","v":{"k":3,"v":50}},"scu":{"id":3,"ie":false,"is":false,"name":"Cursor.wav","v":{"k":3,"v":10}},"sf":[{"id":1,"name":"Normal"},{"id":2,"name":"Low","v":{"k":12,"v":0.75}},{"id":3,"name":"Very low","v":{"k":12,"v":0.5}},{"id":4,"name":"Fast","v":{"k":12,"v":1.5}},{"id":5,"name":"Very fast","v":{"k":12,"v":2}}],"sh":480,"si":{"id":1,"ie":false,"is":false,"name":"Cancel.wav","v":{"k":3,"v":50}},"ss":16,"sw":640,"wskins":[{"aem":[88,0,80,16],"ats":[24,0,64,18],"aud":[168,0,16,22],"b":[18,0,2,8],"back":[0,18,72,36],"backr":false,"backs":[0,54,72,36],"bl":[0,8,8,8],"br":[8,8,8,8],"id":1,"l":[16,8,8,2],"name":"Default","pid":1,"r":[16,10,8,2],"t":[16,0,2,8],"tc":[72,58,120,18],"th":[72,40,120,18],"tl":[0,0,8,8],"tm":[72,76,38,14],"tn":[72,22,120,18],"tr":[8,0,8,8]}]}