{"list":[{"auto":[{"id":1,"name":"General"},{"id":2,"name":"Water"},{"id":4,"name":"Snow"},{"id":7,"name":"blood"}],"id":1,"moun":[{"id":1,"name":"Grass"}],"name":"Plains / woods","objs":[{"id":28,"name":"Wood building"},{"id":1,"name":"tent"},{"id":2,"name":"Small chest"},{"id":27,"name":"Big stone building"},{"id":47,"name":"Wood green house snow"}],"pic":1,"walls":[{"id":1,"name":"Woods wall"},{"id":2,"name":"Bush"},{"id":5,"name":"Bridge string"}]},{"auto":[{"id":3,"name":"Haunted"},{"id":2,"name":"Water"}],"id":2,"moun":[{"id":2,"name":"Haunted"}],"name":"Haunted plains / woods","objs":[],"pic":2,"walls":[{"id":1,"name":"Woods wall"},{"id":3,"name":"Bush haunted"},{"id":5,"name":"Bridge string"},{"id":8,"name":"Sandstone"}]},{"auto":[{"id":4,"name":"Snow"},{"id":2,"name":"Water"}],"id":3,"moun":[{"id":3,"name":"Snow"}],"name":"Snow plains / woods","objs":[],"pic":3,"walls":[{"id":1,"name":"Woods wall"},{"id":4,"name":"Bush snow"},{"id":5,"name":"Bridge string"}]},{"auto":[{"id":1,"name":"General"},{"id":2,"name":"Water"}],"id":4,"moun":[{"id":4,"name":"Desert"}],"name":"Beach / desert","objs":[],"pic":4,"walls":[]},{"auto":[{"id":1,"name":"General"},{"id":2,"name":"Water"}],"id":5,"moun":[{"id":1,"name":"Grass"},{"id":6,"name":"Sidewalk"}],"name":"Town","objs":[{"id":90,"name":"TV"}],"pic":5,"walls":[{"id":6,"name":"Brick"},{"id":7,"name":"Hedge"}]},{"auto":[{"id":1,"name":"General"},{"id":2,"name":"Water"}],"id":6,"moun":[{"id":4,"name":"Desert"}],"name":"Desert town","objs":[],"pic":6,"walls":[{"id":8,"name":"Sandstone"},{"id":9,"name":"Big sandstone"}]},{"auto":[{"id":4,"name":"Snow"},{"id":2,"name":"Water"}],"id":7,"moun":[{"id":3,"name":"Snow"},{"id":6,"name":"Sidewalk"}],"name":"Snow town","objs":[],"pic":7,"walls":[{"id":6,"name":"Brick"},{"id":10,"name":"Hedge snow"}]},{"auto":[{"id":1,"name":"General"},{"id":6,"name":"idk"}],"id":8,"moun":[{"id":3,"name":"Snow"}],"name":"Inside","objs":[{"id":86,"name":"Sofa green"},{"id":98,"name":"Small bookshelf"},{"id":99,"name":"Bookshelf"},{"id":100,"name":"Fridge"},{"id":74,"name":"Bed blue"},{"id":92,"name":"Table"},{"id":8,"name":"Small chest red"}],"pic":8,"walls":[{"id":6,"name":"Brick"},{"id":8,"name":"Sandstone"},{"id":9,"name":"Big sandstone"},{"id":11,"name":"Inside door opened"},{"id":12,"name":"Inside 1"},{"id":13,"name":"Inside 2"},{"id":14,"name":"Inside 3"},{"id":15,"name":"Wood"},{"id":19,"name":"JESUS"},{"id":20,"name":"stainglass"},{"id":21,"name":"jesus2"}]},{"auto":[{"id":1,"name":"General"}],"id":9,"moun":[],"name":"Shop","objs":[],"pic":9,"walls":[{"id":6,"name":"Brick"},{"id":8,"name":"Sandstone"},{"id":9,"name":"Big sandstone"},{"id":11,"name":"Inside door opened"},{"id":12,"name":"Inside 1"},{"id":13,"name":"Inside 2"},{"id":14,"name":"Inside 3"},{"id":15,"name":"Wood"}]},{"auto":[{"id":1,"name":"General"},{"id":2,"name":"Water"}],"id":10,"moun":[{"id":17,"name":"Sewers"}],"name":"Sewers","objs":[{"id":10,"name":"Chest"},{"id":107,"name":"Crate"},{"id":114,"name":"redbox"},{"id":115,"name":"orangebox"},{"id":116,"name":"yellow box"},{"id":117,"name":"greenbox"},{"id":118,"name":"bluebox"},{"id":119,"name":"indigobox"},{"id":120,"name":"violetbox"}],"pic":10,"walls":[{"id":16,"name":"Sewers"},{"id":14,"name":"Inside 3"}]},{"auto":[{"id":1,"name":"General"},{"id":2,"name":"Water"},{"id":5,"name":"Lava"}],"id":11,"moun":[{"id":5,"name":"Cave"}],"name":"Dungeon / mines","objs":[{"id":86,"name":"Sofa green"},{"id":1,"name":"tent"},{"id":39,"name":"Stone blue house snow"}],"pic":11,"walls":[{"id":17,"name":"Cave"},{"id":8,"name":"Sandstone"},{"id":6,"name":"Brick"}]},{"auto":[{"id":6,"name":"idk"},{"id":5,"name":"Lava"},{"id":2,"name":"Water"},{"id":3,"name":"Haunted"}],"id":12,"moun":[],"name":"jeusj","objs":[],"pic":12,"walls":[{"id":21,"name":"jesus2"},{"id":19,"name":"JESUS"},{"id":20,"name":"stainglass"},{"id":22,"name":"nponth"}]},{"auto":[{"id":3,"name":"Haunted"}],"id":13,"moun":[{"id":18,"name":"maze"},{"id":2,"name":"Haunted"}],"name":"maze","objs":[{"id":2,"name":"Small chest"},{"id":10,"name":"Chest"},{"id":67,"name":"Bus"},{"id":107,"name":"Crate"},{"id":106,"name":"Toilet"}],"pic":13,"walls":[{"id":23,"name":"maze wall"}]}]}