{"gameOverBackgroundImage":1,"gameOverCommands":[{"id":-1,"names":{"1":"Continue"}},{"id":-1,"k":1,"names":{"1":"Title screen"}},{"id":-1,"k":2,"names":{"1":"Exit"}}],"gameOverMusic":{"id":-1,"ie":false,"is":false,"name":"<None>","v":{"k":3,"v":100}},"tb":3,"tc":[{"id":-1,"names":{"1":"New game"}},{"id":-1,"k":1,"names":{"1":"Load game"}},{"id":-1,"k":2,"names":{"1":"Settings"}},{"id":-1,"k":3,"names":{"1":"Exit"}}],"tm":{"id":10,"ie":false,"is":false,"name":"scary music edit.mp3","v":{"k":3,"v":100}},"ts":[{"id":0,"name":"Keyboard assigments"},{"id":1,"name":"Language"}]}