{"troops":[{"id":1,"name":"Wooly[1]"},{"id":2,"l":[{"id":1},{"id":1}],"name":"Wooly[2]"},{"id":3,"l":[{"id":2}],"name":"mushroomy[1]"},{"id":4,"l":[{"id":2},{"id":2}],"name":"mushroomy[2]"},{"id":5,"l":[{"id":3}],"name":"Slime blue[1]"},{"id":6,"l":[{"id":3},{"id":3}],"name":"Slime blue[2]"},{"id":7,"l":[{"id":4}],"name":"Slime black[1]"},{"id":8,"l":[{"id":4},{"id":4}],"name":"Slime black[2]"},{"id":9,"l":[{"id":3},{"id":4}],"name":"Slime blue[1]Slime black[1]"},{"id":10,"l":[{"id":5}],"name":"Slime gold[1]"},{"id":11,"l":[{"id":6}],"name":"bat[1]"},{"id":12,"l":[{"id":6},{"id":6}],"name":"bat[2]"},{"id":13,"l":[{"id":7}],"name":"Rat[1]"},{"id":14,"l":[{"id":7},{"id":7}],"name":"Rat[2]"},{"id":15,"l":[{"id":6},{"id":7}],"name":"bat[1]Rat[1]"},{"id":16,"l":[{"id":8}],"name":"Zombie[1]"},{"id":17,"l":[{"id":8},{"id":8}],"name":"Zombie[2]"},{"id":18,"l":[{"id":9}],"name":"Goblin[1]"},{"id":19,"l":[{"id":10}],"name":"Skeleton[1]"},{"id":20,"l":[{"id":10},{"id":10}],"name":"Skeleton[2]"},{"id":21,"l":[{"id":10},{"id":9}],"name":"Skeleton[1]Goblin[1]"},{"id":22,"l":[{"id":11}],"name":"Spider[1]"},{"id":23,"l":[{"id":11},{"id":11}],"name":"Spider[2]"},{"id":24,"l":[{"id":12}],"name":"Fantom[1]"},{"id":25,"l":[{"id":12},{"id":12}],"name":"Fantom[2]"},{"id":26,"l":[{"id":10},{"id":11},{"id":12}],"name":"Skeleton[1]Spider[1]Fantom[1]"},{"id":27,"l":[{"id":13}],"name":"Harpy[1]"},{"id":28,"l":[{"id":13},{"id":13}],"name":"Harpy[2]"},{"id":29,"l":[{"id":14}],"name":"Squid[1]"},{"id":30,"l":[{"id":14},{"id":14}],"name":"Squid[2]"},{"id":31,"l":[{"id":15}],"name":"Lamia[1]"},{"id":32,"l":[{"id":15},{"id":15}],"name":"Lamia[2]"},{"id":33,"l":[{"id":16}],"name":"Knight[1]"},{"id":34,"l":[{"id":16},{"id":16}],"name":"Knight[2]"},{"id":35,"l":[{"id":17}],"name":"Mimic[1]"},{"id":36,"l":[{"id":18}],"name":"Ogre[1]"},{"id":37,"l":[{"id":18},{"id":18}],"name":"Ogre[2]"},{"id":38,"l":[{"id":19}],"name":"Demon[1]"},{"id":39,"l":[{"id":20}],"name":"Angel[1]"},{"id":40,"l":[{"id":21}],"name":"pink"}]}