{"variables":[{"id":1,"list":[{"id":1,"name":"hero name"},{"id":2,"name":""},{"id":3,"name":""},{"id":4,"name":"name acquired"},{"id":5,"name":"pink man likes u"},{"id":6,"name":"been to underworld"},{"id":7,"name":"pink man knows u exist"},{"id":8,"name":"gg wants to kill pg"},{"id":9,"name":"drinkd tea"},{"id":10,"name":"kill quest acquired"},{"id":11,"name":"no quest"},{"id":12,"name":"steal quest acquired "},{"id":13,"name":"talked 2 gg"},{"id":14,"name":"throw valentine"},{"id":15,"name":"throw valentine 2"},{"id":16,"name":"pm wants to be murdered by gm"},{"id":17,"name":"pink man thinks green man loves him"},{"id":18,"name":"pink man MAD"},{"id":19,"name":"steal quest part 2"},{"id":20,"name":"cat number"},{"id":21,"name":""},{"id":22,"name":"raboon monger"},{"id":23,"name":"desert"},{"id":24,"name":"book"},{"id":25,"name":"page"}],"name":"Page 1"},{"id":2,"list":[{"id":26,"name":""},{"id":27,"name":""},{"id":28,"name":""},{"id":29,"name":""},{"id":30,"name":""},{"id":31,"name":""},{"id":32,"name":""},{"id":33,"name":""},{"id":34,"name":""},{"id":35,"name":""},{"id":36,"name":""},{"id":37,"name":""},{"id":38,"name":""},{"id":39,"name":""},{"id":40,"name":""},{"id":41,"name":""},{"id":42,"name":""},{"id":43,"name":""},{"id":44,"name":""},{"id":45,"name":""},{"id":46,"name":""},{"id":47,"name":""},{"id":48,"name":""},{"id":49,"name":""},{"id":50,"name":""}],"name":"Page 2"},{"id":3,"list":[{"id":51,"name":""},{"id":52,"name":""},{"id":53,"name":""},{"id":54,"name":""},{"id":55,"name":""},{"id":56,"name":""},{"id":57,"name":""},{"id":58,"name":""},{"id":59,"name":""},{"id":60,"name":""},{"id":61,"name":""},{"id":62,"name":""},{"id":63,"name":""},{"id":64,"name":""},{"id":65,"name":""},{"id":66,"name":""},{"id":67,"name":""},{"id":68,"name":""},{"id":69,"name":""},{"id":70,"name":""},{"id":71,"name":""},{"id":72,"name":""},{"id":73,"name":""},{"id":74,"name":""},{"id":75,"name":""}],"name":"Page 3"},{"id":4,"list":[{"id":76,"name":""},{"id":77,"name":""},{"id":78,"name":""},{"id":79,"name":""},{"id":80,"name":""},{"id":81,"name":""},{"id":82,"name":""},{"id":83,"name":""},{"id":84,"name":""},{"id":85,"name":""},{"id":86,"name":""},{"id":87,"name":""},{"id":88,"name":""},{"id":89,"name":""},{"id":90,"name":""},{"id":91,"name":""},{"id":92,"name":""},{"id":93,"name":""},{"id":94,"name":""},{"id":95,"name":""},{"id":96,"name":""},{"id":97,"name":""},{"id":98,"name":""},{"id":99,"name":""},{"id":100,"name":""}],"name":"Page 4"},{"id":5,"list":[{"id":101,"name":"cookietake"},{"id":102,"name":""},{"id":103,"name":""},{"id":104,"name":""},{"id":105,"name":""},{"id":106,"name":""},{"id":107,"name":""},{"id":108,"name":""},{"id":109,"name":""},{"id":110,"name":""},{"id":111,"name":""},{"id":112,"name":""},{"id":113,"name":""},{"id":114,"name":""},{"id":115,"name":""},{"id":116,"name":""},{"id":117,"name":""},{"id":118,"name":""},{"id":119,"name":""},{"id":120,"name":""},{"id":121,"name":""},{"id":122,"name":""},{"id":123,"name":""},{"id":124,"name":""},{"id":125,"name":"TEMP VARIABLE"}],"name":"Page 5"}]}