{"weapons":[{"atid":{"k":7,"v":2},"battleMessage":{"id":-1,"names":{"1":""}},"d":{"id":-1,"names":{"1":"A sword used for beginners"}},"e":[{"df":{"k":8,"v":"2 + u.atk - t.pdef"},"dmin":{"k":8,"v":"0"},"dsid":{"k":7,"v":3},"dvf":{"k":8,"v":"1"},"idv":true}],"id":1,"names":{"1":"Copper sword"},"p":[{"k":1,"vf":{"k":8,"v":"40"}}],"pid":3,"tcf":{"k":8,"v":"t.hp > 0"},"tk":2},{"atid":{"k":7,"v":2},"battleMessage":{"id":-1,"names":{"1":""}},"d":{"id":-1,"names":{"1":"An axe used for beginners"}},"e":[{"df":{"k":8,"v":"2 + u.atk - t.pdef"},"dmin":{"k":8,"v":"0"},"dsid":{"k":7,"v":3},"dvf":{"k":8,"v":"1"},"idv":true}],"id":2,"names":{"1":"Copper axe"},"p":[{"k":1,"vf":{"k":8,"v":"40"}}],"pictureIndexX":1,"pid":3,"t":2,"tcf":{"k":8,"v":"t.hp > 0"},"tk":2},{"atid":{"k":7,"v":2},"battleMessage":{"id":-1,"names":{"1":""}},"d":{"id":-1,"names":{"1":"A spear used for beginners"}},"e":[{"df":{"k":8,"v":"2 + u.atk - t.pdef"},"dmin":{"k":8,"v":"0"},"dsid":{"k":7,"v":3},"dvf":{"k":8,"v":"1"},"idv":true}],"id":3,"names":{"1":"Copper spear"},"p":[{"k":1,"vf":{"k":8,"v":"40"}}],"pictureIndexX":2,"pid":3,"t":3,"tcf":{"k":8,"v":"t.hp > 0"},"tk":2},{"atid":{"k":7,"v":2},"battleMessage":{"id":-1,"names":{"1":""}},"d":{"id":-1,"names":{"1":"A knife used for beginners"}},"e":[{"df":{"k":8,"v":"2 + u.atk - t.pdef"},"dmin":{"k":8,"v":"0"},"dsid":{"k":7,"v":3},"dvf":{"k":8,"v":"1"},"idv":true}],"id":4,"names":{"1":"Copper knife"},"p":[{"k":1,"vf":{"k":8,"v":"40"}}],"pictureIndexX":3,"pid":3,"t":4,"tcf":{"k":8,"v":"t.hp > 0"},"tk":2},{"atid":{"k":7,"v":1},"battleMessage":{"id":-1,"names":{"1":""}},"d":{"id":-1,"names":{"1":"A staff used for beginners"}},"e":[{"df":{"k":8,"v":"2 + u.atk - t.pdef"},"dmin":{"k":8,"v":"0"},"dsid":{"k":7,"v":3},"dvf":{"k":8,"v":"1"},"idv":true}],"id":5,"names":{"1":"Copper staff"},"p":[{"k":1,"vf":{"k":8,"v":"40"}}],"pictureIndexX":4,"pid":3,"t":5,"tcf":{"k":8,"v":"t.hp > 0"},"tk":2},{"atid":{"k":7,"v":1},"battleMessage":{"id":-1,"names":{"1":""}},"d":{"id":-1,"names":{"1":"A rod used for beginners"}},"e":[{"df":{"k":8,"v":"2 + u.atk - t.pdef"},"dmin":{"k":8,"v":"0"},"dsid":{"k":7,"v":3},"dvf":{"k":8,"v":"1"},"idv":true}],"id":6,"names":{"1":"Copper rod"},"p":[{"k":1,"vf":{"k":8,"v":"40"}}],"pictureIndexX":5,"pid":3,"t":6,"tcf":{"k":8,"v":"t.hp > 0"},"tk":2},{"atid":{"k":7,"v":5},"battleMessage":{"id":-1,"names":{"1":""}},"d":{"id":-1,"names":{"1":"A firearm used for beginners"}},"e":[{"df":{"k":8,"v":"2 + u.atk - t.pdef"},"dmin":{"k":8,"v":"0"},"dsid":{"k":7,"v":3},"dvf":{"k":8,"v":"1"},"idv":true}],"id":7,"names":{"1":"Copper firearm"},"p":[{"k":1,"vf":{"k":8,"v":"40"}}],"pictureIndexX":6,"pid":3,"t":7,"tcf":{"k":8,"v":"t.hp > 0"},"tk":2},{"atid":{"k":7,"v":6},"battleMessage":{"id":-1,"names":{"1":""}},"d":{"id":-1,"names":{"1":"A bow used for beginners"}},"e":[{"df":{"k":8,"v":"2 + u.atk - t.pdef"},"dmin":{"k":8,"v":"0"},"dsid":{"k":7,"v":3},"dvf":{"k":8,"v":"1"},"idv":true}],"id":8,"names":{"1":"Copper bow"},"p":[{"k":1,"vf":{"k":8,"v":"40"}}],"pictureIndexX":7,"pid":3,"t":8,"tcf":{"k":8,"v":"t.hp > 0"},"tk":2},{"atid":{"k":7,"v":2},"battleMessage":{"id":-1,"names":{"1":""}},"d":{"id":-1,"names":{"1":"A sword used for advanced beginners"}},"e":[{"df":{"k":8,"v":"10 + u.atk - t.pdef"},"dmin":{"k":8,"v":"0"},"dsid":{"k":7,"v":3},"dvf":{"k":8,"v":"1"},"idv":true}],"id":9,"names":{"1":"Silver sword"},"p":[{"k":1,"vf":{"k":8,"v":"200"}}],"pictureIndexY":1,"pid":3,"tcf":{"k":8,"v":"t.hp > 0"},"tk":2},{"atid":{"k":7,"v":2},"battleMessage":{"id":-1,"names":{"1":""}},"d":{"id":-1,"names":{"1":"An axe used for advanced beginners"}},"e":[{"df":{"k":8,"v":"10 + u.atk - t.pdef"},"dmin":{"k":8,"v":"0"},"dsid":{"k":7,"v":3},"dvf":{"k":8,"v":"1"},"idv":true}],"id":10,"names":{"1":"Silver axe"},"p":[{"k":1,"vf":{"k":8,"v":"200"}}],"pictureIndexX":1,"pictureIndexY":1,"pid":3,"t":2,"tcf":{"k":8,"v":"t.hp > 0"},"tk":2},{"atid":{"k":7,"v":2},"battleMessage":{"id":-1,"names":{"1":""}},"d":{"id":-1,"names":{"1":"A spear used for advanced beginners"}},"e":[{"df":{"k":8,"v":"10 + u.atk - t.pdef"},"dmin":{"k":8,"v":"0"},"dsid":{"k":7,"v":3},"dvf":{"k":8,"v":"1"},"idv":true}],"id":11,"names":{"1":"Silver spear"},"p":[{"k":1,"vf":{"k":8,"v":"200"}}],"pictureIndexX":2,"pictureIndexY":1,"pid":3,"t":3,"tcf":{"k":8,"v":"t.hp > 0"},"tk":2},{"atid":{"k":7,"v":2},"battleMessage":{"id":-1,"names":{"1":""}},"d":{"id":-1,"names":{"1":"A knife used for advanced beginners"}},"e":[{"df":{"k":8,"v":"10 + u.atk - t.pdef"},"dmin":{"k":8,"v":"0"},"dsid":{"k":7,"v":3},"dvf":{"k":8,"v":"1"},"idv":true}],"id":12,"names":{"1":"Silver knife"},"p":[{"k":1,"vf":{"k":8,"v":"200"}}],"pictureIndexX":3,"pictureIndexY":1,"pid":3,"t":4,"tcf":{"k":8,"v":"t.hp > 0"},"tk":2},{"atid":{"k":7,"v":1},"battleMessage":{"id":-1,"names":{"1":""}},"d":{"id":-1,"names":{"1":"A staff used for advanced beginners"}},"e":[{"df":{"k":8,"v":"10 + u.atk - t.pdef"},"dmin":{"k":8,"v":"0"},"dsid":{"k":7,"v":3},"dvf":{"k":8,"v":"1"},"idv":true}],"id":13,"names":{"1":"Silver staff"},"p":[{"k":1,"vf":{"k":8,"v":"200"}}],"pictureIndexX":4,"pictureIndexY":1,"pid":3,"t":5,"tcf":{"k":8,"v":"t.hp > 0"},"tk":2},{"atid":{"k":7,"v":1},"battleMessage":{"id":-1,"names":{"1":""}},"d":{"id":-1,"names":{"1":"A rod used for advanced beginners"}},"e":[{"df":{"k":8,"v":"10 + u.atk - t.pdef"},"dmin":{"k":8,"v":"0"},"dsid":{"k":7,"v":3},"dvf":{"k":8,"v":"1"},"idv":true}],"id":14,"names":{"1":"Silver rod"},"p":[{"k":1,"vf":{"k":8,"v":"200"}}],"pictureIndexX":5,"pictureIndexY":1,"pid":3,"t":6,"tcf":{"k":8,"v":"t.hp > 0"},"tk":2},{"atid":{"k":7,"v":5},"battleMessage":{"id":-1,"names":{"1":""}},"d":{"id":-1,"names":{"1":"A firearm used for advanced beginners"}},"e":[{"df":{"k":8,"v":"10 + u.atk - t.pdef"},"dmin":{"k":8,"v":"0"},"dsid":{"k":7,"v":3},"dvf":{"k":8,"v":"1"},"idv":true}],"id":15,"names":{"1":"Silver firearm"},"p":[{"k":1,"vf":{"k":8,"v":"200"}}],"pictureIndexX":6,"pictureIndexY":1,"pid":3,"t":7,"tcf":{"k":8,"v":"t.hp > 0"},"tk":2},{"atid":{"k":7,"v":6},"battleMessage":{"id":-1,"names":{"1":""}},"d":{"id":-1,"names":{"1":"A bow used for advanced beginners"}},"e":[{"df":{"k":8,"v":"10 + u.atk - t.pdef"},"dmin":{"k":8,"v":"0"},"dsid":{"k":7,"v":3},"dvf":{"k":8,"v":"1"},"idv":true}],"id":16,"names":{"1":"Silver bow"},"p":[{"k":1,"vf":{"k":8,"v":"200"}}],"pictureIndexX":7,"pictureIndexY":1,"pid":3,"t":8,"tcf":{"k":8,"v":"t.hp > 0"},"tk":2},{"atid":{"k":7,"v":2},"battleMessage":{"id":-1,"names":{"1":""}},"d":{"id":-1,"names":{"1":"A sword used for experts"}},"e":[{"df":{"k":8,"v":"40 + u.atk - t.pdef"},"dmin":{"k":8,"v":"0"},"dsid":{"k":7,"v":3},"dvf":{"k":8,"v":"1"},"idv":true}],"id":17,"names":{"1":"Gold sword"},"p":[{"k":1,"vf":{"k":8,"v":"1000"}}],"pictureIndexY":2,"pid":3,"tcf":{"k":8,"v":"t.hp > 0"},"tk":2},{"atid":{"k":7,"v":2},"battleMessage":{"id":-1,"names":{"1":""}},"d":{"id":-1,"names":{"1":"An axe used for experts"}},"e":[{"df":{"k":8,"v":"40 + u.atk - t.pdef"},"dmin":{"k":8,"v":"0"},"dsid":{"k":7,"v":3},"dvf":{"k":8,"v":"1"},"idv":true}],"id":18,"names":{"1":"Gold axe"},"p":[{"k":1,"vf":{"k":8,"v":"1000"}}],"pictureIndexX":1,"pictureIndexY":2,"pid":3,"t":2,"tcf":{"k":8,"v":"t.hp > 0"},"tk":2},{"atid":{"k":7,"v":2},"battleMessage":{"id":-1,"names":{"1":""}},"d":{"id":-1,"names":{"1":"A spear used for experts"}},"e":[{"df":{"k":8,"v":"40 + u.atk - t.pdef"},"dmin":{"k":8,"v":"0"},"dsid":{"k":7,"v":3},"dvf":{"k":8,"v":"1"},"idv":true}],"id":19,"names":{"1":"Gold spear"},"p":[{"k":1,"vf":{"k":8,"v":"1000"}}],"pictureIndexX":2,"pictureIndexY":2,"pid":3,"t":3,"tcf":{"k":8,"v":"t.hp > 0"},"tk":2},{"atid":{"k":7,"v":2},"battleMessage":{"id":-1,"names":{"1":""}},"d":{"id":-1,"names":{"1":"A knife used for experts"}},"e":[{"df":{"k":8,"v":"40 + u.atk - t.pdef"},"dmin":{"k":8,"v":"0"},"dsid":{"k":7,"v":3},"dvf":{"k":8,"v":"1"},"idv":true}],"id":20,"names":{"1":"Gold knife"},"p":[{"k":1,"vf":{"k":8,"v":"1000"}}],"pictureIndexX":3,"pictureIndexY":2,"pid":3,"t":4,"tcf":{"k":8,"v":"t.hp > 0"},"tk":2},{"atid":{"k":7,"v":1},"battleMessage":{"id":-1,"names":{"1":""}},"d":{"id":-1,"names":{"1":"A staff used for experts"}},"e":[{"df":{"k":8,"v":"40 + u.atk - t.pdef"},"dmin":{"k":8,"v":"0"},"dsid":{"k":7,"v":3},"dvf":{"k":8,"v":"1"},"idv":true}],"id":21,"names":{"1":"Gold staff"},"p":[{"k":1,"vf":{"k":8,"v":"1000"}}],"pictureIndexX":4,"pictureIndexY":2,"pid":3,"t":5,"tcf":{"k":8,"v":"t.hp > 0"},"tk":2},{"atid":{"k":7,"v":1},"battleMessage":{"id":-1,"names":{"1":""}},"d":{"id":-1,"names":{"1":"A rod used for experts"}},"e":[{"df":{"k":8,"v":"40 + u.atk - t.pdef"},"dmin":{"k":8,"v":"0"},"dsid":{"k":7,"v":3},"dvf":{"k":8,"v":"1"},"idv":true}],"id":22,"names":{"1":"Gold rod"},"p":[{"k":1,"vf":{"k":8,"v":"1000"}}],"pictureIndexX":5,"pictureIndexY":2,"pid":3,"t":6,"tcf":{"k":8,"v":"t.hp > 0"},"tk":2},{"atid":{"k":7,"v":5},"battleMessage":{"id":-1,"names":{"1":""}},"d":{"id":-1,"names":{"1":"A firearm used for experts"}},"e":[{"df":{"k":8,"v":"40 + u.atk - t.pdef"},"dmin":{"k":8,"v":"0"},"dsid":{"k":7,"v":3},"dvf":{"k":8,"v":"1"},"idv":true}],"id":23,"names":{"1":"Gold firearm"},"p":[{"k":1,"vf":{"k":8,"v":"1000"}}],"pictureIndexX":6,"pictureIndexY":2,"pid":3,"t":7,"tcf":{"k":8,"v":"t.hp > 0"},"tk":2},{"atid":{"k":7,"v":6},"battleMessage":{"id":-1,"names":{"1":""}},"d":{"id":-1,"names":{"1":"A bow used for experts"}},"e":[{"df":{"k":8,"v":"40 + u.atk - t.pdef"},"dmin":{"k":8,"v":"0"},"dsid":{"k":7,"v":3},"dvf":{"k":8,"v":"1"},"idv":true}],"id":24,"names":{"1":"Gold bow"},"p":[{"k":1,"vf":{"k":8,"v":"1000"}}],"pictureIndexX":7,"pictureIndexY":2,"pid":3,"t":8,"tcf":{"k":8,"v":"t.hp > 0"},"tk":2},{"atid":{"k":7,"v":2},"battleMessage":{"id":-1,"names":{"1":""}},"d":{"id":-1,"names":{"1":"A sword used for ultimate experts"}},"e":[{"df":{"k":8,"v":"100 + u.atk - t.pdef"},"dmin":{"k":8,"v":"0"},"dsid":{"k":7,"v":3},"dvf":{"k":8,"v":"1"},"idv":true}],"id":25,"names":{"1":"Diamond sword"},"p":[{"k":1,"vf":{"k":8,"v":"5000"}}],"pictureIndexY":3,"pid":3,"tcf":{"k":8,"v":"t.hp > 0"},"tk":2},{"atid":{"k":7,"v":2},"battleMessage":{"id":-1,"names":{"1":""}},"d":{"id":-1,"names":{"1":"An axe used for ultimate experts"}},"e":[{"df":{"k":8,"v":"100 + u.atk - t.pdef"},"dmin":{"k":8,"v":"0"},"dsid":{"k":7,"v":3},"dvf":{"k":8,"v":"1"},"idv":true}],"id":26,"names":{"1":"Diamond axe"},"p":[{"k":1,"vf":{"k":8,"v":"5000"}}],"pictureIndexX":1,"pictureIndexY":3,"pid":3,"t":2,"tcf":{"k":8,"v":"t.hp > 0"},"tk":2},{"atid":{"k":7,"v":2},"battleMessage":{"id":-1,"names":{"1":""}},"d":{"id":-1,"names":{"1":"A spear used for ultimate experts"}},"e":[{"df":{"k":8,"v":"100 + u.atk - t.pdef"},"dmin":{"k":8,"v":"0"},"dsid":{"k":7,"v":3},"dvf":{"k":8,"v":"1"},"idv":true}],"id":27,"names":{"1":"Diamond spear"},"p":[{"k":1,"vf":{"k":8,"v":"5000"}}],"pictureIndexX":2,"pictureIndexY":3,"pid":3,"t":3,"tcf":{"k":8,"v":"t.hp > 0"},"tk":2},{"atid":{"k":7,"v":2},"battleMessage":{"id":-1,"names":{"1":""}},"d":{"id":-1,"names":{"1":"A knife used for ultimate experts"}},"e":[{"df":{"k":8,"v":"100 + u.atk - t.pdef"},"dmin":{"k":8,"v":"0"},"dsid":{"k":7,"v":3},"dvf":{"k":8,"v":"1"},"idv":true}],"id":28,"names":{"1":"Diamond knife"},"p":[{"k":1,"vf":{"k":8,"v":"5000"}}],"pictureIndexX":3,"pictureIndexY":3,"pid":3,"t":4,"tcf":{"k":8,"v":"t.hp > 0"},"tk":2},{"atid":{"k":7,"v":1},"battleMessage":{"id":-1,"names":{"1":""}},"d":{"id":-1,"names":{"1":"A staff used for ultimate experts"}},"e":[{"df":{"k":8,"v":"100 + u.atk - t.pdef"},"dmin":{"k":8,"v":"0"},"dsid":{"k":7,"v":3},"dvf":{"k":8,"v":"1"},"idv":true}],"id":29,"names":{"1":"Diamond staff"},"p":[{"k":1,"vf":{"k":8,"v":"5000"}}],"pictureIndexX":4,"pictureIndexY":3,"pid":3,"t":5,"tcf":{"k":8,"v":"t.hp > 0"},"tk":2},{"atid":{"k":7,"v":1},"battleMessage":{"id":-1,"names":{"1":""}},"d":{"id":-1,"names":{"1":"A rod used for ultimate experts"}},"e":[{"df":{"k":8,"v":"100 + u.atk - t.pdef"},"dmin":{"k":8,"v":"0"},"dsid":{"k":7,"v":3},"dvf":{"k":8,"v":"1"},"idv":true}],"id":30,"names":{"1":"Diamond rod"},"p":[{"k":1,"vf":{"k":8,"v":"5000"}}],"pictureIndexX":5,"pictureIndexY":3,"pid":3,"t":6,"tcf":{"k":8,"v":"t.hp > 0"},"tk":2},{"atid":{"k":7,"v":5},"battleMessage":{"id":-1,"names":{"1":""}},"d":{"id":-1,"names":{"1":"A firearm used for ultimate experts"}},"e":[{"df":{"k":8,"v":"100 + u.atk - t.pdef"},"dmin":{"k":8,"v":"0"},"dsid":{"k":7,"v":3},"dvf":{"k":8,"v":"1"},"idv":true}],"id":31,"names":{"1":"Diamond firearm"},"p":[{"k":1,"vf":{"k":8,"v":"5000"}}],"pictureIndexX":6,"pictureIndexY":3,"pid":3,"t":7,"tcf":{"k":8,"v":"t.hp > 0"},"tk":2},{"atid":{"k":7,"v":6},"battleMessage":{"id":-1,"names":{"1":""}},"d":{"id":-1,"names":{"1":"A bow used for ultimate experts"}},"e":[{"df":{"k":8,"v":"100 + u.atk - t.pdef"},"dmin":{"k":8,"v":"0"},"dsid":{"k":7,"v":3},"dvf":{"k":8,"v":"1"},"idv":true}],"id":32,"names":{"1":"Diamond bow"},"p":[{"k":1,"vf":{"k":8,"v":"5000"}}],"pictureIndexX":7,"pictureIndexY":3,"pid":3,"t":8,"tcf":{"k":8,"v":"t.hp > 0"},"tk":2}]}