{"lands":{"autotiles":[],"floors":[{"k":[13,0,0,29,0],"v":{"t":[5,1]}},{"k":[12,0,0,30,0],"v":{"t":[6,1]}},{"k":[11,0,0,31,0],"v":{"t":[6,1]}},{"k":[14,0,0,28,0],"v":{"t":[6,1]}},{"k":[15,0,0,27,0],"v":{"t":[7,1]}},{"k":[13,0,0,30,0],"v":{"t":[5,1]}},{"k":[12,0,0,31,0],"v":{"t":[6,1]}},{"k":[14,0,0,29,0],"v":{"t":[6,1]}},{"k":[15,0,0,28,0],"v":{"t":[7,1]}},{"k":[13,0,0,31,0],"v":{"t":[5,1]}},{"k":[15,0,0,29,0],"v":{"t":[6,1]}},{"k":[14,0,0,30,0],"v":{"t":[7,1]}},{"k":[14,0,0,31,0],"v":{"t":[7,1]}},{"k":[15,0,0,30,0],"v":{"t":[7,1]}},{"k":[15,0,0,31,0],"v":{"t":[6,1]}},{"k":[0,0,0,16,0],"v":{"t":[7,1]}},{"k":[1,0,0,16,0],"v":{"t":[7,1]}},{"k":[0,0,0,17,0],"v":{"t":[7,1]}},{"k":[2,0,0,16,0],"v":{"t":[6,1]}},{"k":[1,0,0,17,0],"v":{"t":[7,1]}},{"k":[0,0,0,18,0],"v":{"t":[7,1]}},{"k":[1,0,0,18,0],"v":{"t":[6,1]}},{"k":[2,0,0,17,0],"v":{"t":[6,1]}},{"k":[0,0,0,19,0],"v":{"t":[7,1]}},{"k":[1,0,0,19,0],"v":{"t":[6,1]}},{"k":[2,0,0,18,0],"v":{"t":[0,15]}},{"k":[3,0,0,17,0],"v":{"t":[0,15]}},{"k":[4,0,0,16,0],"v":{"t":[0,15]}},{"k":[0,0,0,20,0],"v":{"t":[7,1]}},{"k":[1,0,0,20,0],"v":{"t":[0,15]}},{"k":[2,0,0,19,0],"v":{"t":[0,15]}},{"k":[0,0,0,21,0],"v":{"t":[7,1]}},{"k":[5,0,0,16,0],"v":{"t":[6,1]}},{"k":[4,0,0,17,0],"v":{"t":[6,1]}},{"k":[3,0,0,18,0],"v":{"t":[6,1]}},{"k":[0,0,0,22,0],"v":{"t":[6,1]}},{"k":[1,0,0,21,0],"v":{"t":[0,15]}},{"k":[6,0,0,16,0],"v":{"t":[6,1]}},{"k":[5,0,0,17,0],"v":{"t":[6,1]}},{"k":[4,0,0,18,0],"v":{"t":[6,1]}},{"k":[3,0,0,19,0],"v":{"t":[6,1]}},{"k":[2,0,0,20,0],"v":{"t":[6,1]}},{"k":[7,0,0,16,0],"v":{"t":[5,1]}},{"k":[0,0,0,23,0],"v":{"t":[6,1]}},{"k":[4,0,0,19,0],"v":{"t":[4,1]}},{"k":[1,0,0,22,0],"v":{"t":[0,15]}},{"k":[6,0,0,17,0],"v":{"t":[6,1]}},{"k":[5,0,0,18,0],"v":{"t":[6,1]}},{"k":[3,0,0,20,0],"v":{"t":[6,1]}},{"k":[2,0,0,21,0],"v":{"t":[6,1]}},{"k":[7,0,0,17,0],"v":{"t":[5,1]}},{"k":[0,0,0,24,0],"v":{"t":[6,1]}},{"k":[1,0,0,23,0],"v":{"t":[0,15]}},{"k":[8,0,0,16,0],"v":{"t":[7,1]}},{"k":[5,0,0,19,0],"v":{"t":[6,1]}},{"k":[6,0,0,18,0],"v":{"t":[6,1]}},{"k":[4,0,0,20,0],"v":{"t":[6,1]}},{"k":[3,0,0,21,0],"v":{"t":[6,1]}},{"k":[2,0,0,22,0],"v":{"t":[6,1]}},{"k":[7,0,0,18,0],"v":{"t":[5,1]}},{"k":[0,0,0,25,0],"v":{"t":[6,1]}},{"k":[5,0,0,20,0],"v":{"t":[4,1]}},{"k":[1,0,0,24,0],"v":{"t":[0,15]}},{"k":[9,0,0,16,0],"v":{"t":[7,1]}},{"k":[8,0,0,17,0],"v":{"t":[7,1]}},{"k":[6,0,0,19,0],"v":{"t":[6,1]}},{"k":[4,0,0,21,0],"v":{"t":[6,1]}},{"k":[3,0,0,22,0],"v":{"t":[6,1]}},{"k":[2,0,0,23,0],"v":{"t":[6,1]}},{"k":[0,0,0,26,0],"v":{"t":[6,1]}},{"k":[6,0,0,20,0],"v":{"t":[4,1]}},{"k":[10,0,0,16,0],"v":{"t":[4,1]}},{"k":[1,0,0,25,0],"v":{"t":[0,15]}},{"k":[9,0,0,17,0],"v":{"t":[7,1]}},{"k":[8,0,0,18,0],"v":{"t":[7,1]}},{"k":[7,0,0,19,0],"v":{"t":[6,1]}},{"k":[5,0,0,21,0],"v":{"t":[6,1]}},{"k":[4,0,0,22,0],"v":{"t":[6,1]}},{"k":[3,0,0,23,0],"v":{"t":[6,1]}},{"k":[2,0,0,24,0],"v":{"t":[6,1]}},{"k":[8,0,0,19,0],"v":{"t":[5,1]}},{"k":[0,0,0,27,0],"v":{"t":[4,1]}},{"k":[10,0,0,17,0],"v":{"t":[4,1]}},{"k":[1,0,0,26,0],"v":{"t":[0,15]}},{"k":[9,0,0,18,0],"v":{"t":[7,1]}},{"k":[11,0,0,16,0],"v":{"t":[7,1]}},{"k":[7,0,0,20,0],"v":{"t":[6,1]}},{"k":[6,0,0,21,0],"v":{"t":[6,1]}},{"k":[5,0,0,22,0],"v":{"t":[6,1]}},{"k":[4,0,0,23,0],"v":{"t":[6,1]}},{"k":[3,0,0,24,0],"v":{"t":[6,1]}},{"k":[2,0,0,25,0],"v":{"t":[6,1]}},{"k":[8,0,0,20,0],"v":{"t":[5,1]}},{"k":[0,0,0,28,0],"v":{"t":[6,1]}},{"k":[7,0,0,21,0],"v":{"t":[4,1]}},{"k":[10,0,0,18,0],"v":{"t":[4,1]}},{"k":[9,0,0,19,0],"v":{"t":[4,1]}},{"k":[1,0,0,27,0],"v":{"t":[0,15]}},{"k":[11,0,0,17,0],"v":{"t":[7,1]}},{"k":[12,0,0,16,0],"v":{"t":[7,1]}},{"k":[6,0,0,22,0],"v":{"t":[6,1]}},{"k":[5,0,0,23,0],"v":{"t":[6,1]}},{"k":[4,0,0,24,0],"v":{"t":[6,1]}},{"k":[3,0,0,25,0],"v":{"t":[6,1]}},{"k":[2,0,0,26,0],"v":{"t":[6,1]}},{"k":[0,0,0,29,0],"v":{"t":[6,1]}},{"k":[13,0,0,16,0],"v":{"t":[6,1]}},{"k":[10,0,0,19,0],"v":{"t":[6,1]}},{"k":[8,0,0,21,0],"v":{"t":[4,1]}},{"k":[9,0,0,20,0],"v":{"t":[4,1]}},{"k":[1,0,0,28,0],"v":{"t":[6,1]}},{"k":[11,0,0,18,0],"v":{"t":[7,1]}},{"k":[12,0,0,17,0],"v":{"t":[7,1]}},{"k":[7,0,0,22,0],"v":{"t":[6,1]}},{"k":[6,0,0,23,0],"v":{"t":[6,1]}},{"k":[5,0,0,24,0],"v":{"t":[6,1]}},{"k":[4,0,0,25,0],"v":{"t":[6,1]}},{"k":[3,0,0,26,0],"v":{"t":[6,1]}},{"k":[2,0,0,27,0],"v":{"t":[6,1]}},{"k":[0,0,0,30,0],"v":{"t":[6,1]}},{"k":[13,0,0,17,0],"v":{"t":[6,1]}},{"k":[10,0,0,20,0],"v":{"t":[6,1]}},{"k":[9,0,0,21,0],"v":{"t":[4,1]}},{"k":[2,0,0,28,0],"v":{"t":[0,15]}},{"k":[1,0,0,29,0],"v":{"t":[6,1]}},{"k":[11,0,0,19,0],"v":{"t":[7,1]}},{"k":[12,0,0,18,0],"v":{"t":[7,1]}},{"k":[8,0,0,22,0],"v":{"t":[6,1]}},{"k":[7,0,0,23,0],"v":{"t":[6,1]}},{"k":[6,0,0,24,0],"v":{"t":[6,1]}},{"k":[5,0,0,25,0],"v":{"t":[6,1]}},{"k":[4,0,0,26,0],"v":{"t":[6,1]}},{"k":[3,0,0,27,0],"v":{"t":[6,1]}},{"k":[14,0,0,16,0],"v":{"t":[7,1]}},{"k":[0,0,0,31,0],"v":{"t":[6,1]}},{"k":[10,0,0,21,0],"v":{"t":[6,1]}},{"k":[9,0,0,22,0],"v":{"t":[4,1]}},{"k":[2,0,0,29,0],"v":{"t":[0,15]}},{"k":[1,0,0,30,0],"v":{"t":[6,1]}},{"k":[11,0,0,20,0],"v":{"t":[7,1]}},{"k":[12,0,0,19,0],"v":{"t":[7,1]}},{"k":[13,0,0,18,0],"v":{"t":[7,1]}},{"k":[8,0,0,23,0],"v":{"t":[6,1]}},{"k":[7,0,0,24,0],"v":{"t":[6,1]}},{"k":[6,0,0,25,0],"v":{"t":[6,1]}},{"k":[5,0,0,26,0],"v":{"t":[6,1]}},{"k":[4,0,0,27,0],"v":{"t":[6,1]}},{"k":[3,0,0,28,0],"v":{"t":[6,1]}},{"k":[14,0,0,17,0],"v":{"t":[7,1]}},{"k":[15,0,0,16,0],"v":{"t":[7,1]}},{"k":[14,0,0,18,0],"v":{"t":[6,1]}},{"k":[3,0,0,29,0],"v":{"t":[4,1]}},{"k":[10,0,0,22,0],"v":{"t":[4,1]}},{"k":[2,0,0,30,0],"v":{"t":[0,15]}},{"k":[1,0,0,31,0],"v":{"t":[6,1]}},{"k":[11,0,0,21,0],"v":{"t":[7,1]}},{"k":[12,0,0,20,0],"v":{"t":[7,1]}},{"k":[13,0,0,19,0],"v":{"t":[7,1]}},{"k":[9,0,0,23,0],"v":{"t":[6,1]}},{"k":[8,0,0,24,0],"v":{"t":[6,1]}},{"k":[7,0,0,25,0],"v":{"t":[6,1]}},{"k":[6,0,0,26,0],"v":{"t":[6,1]}},{"k":[5,0,0,27,0],"v":{"t":[6,1]}},{"k":[4,0,0,28,0],"v":{"t":[6,1]}},{"k":[15,0,0,17,0],"v":{"t":[7,1]}},{"k":[14,0,0,19,0],"v":{"t":[6,1]}},{"k":[10,0,0,23,0],"v":{"t":[4,1]}},{"k":[3,0,0,30,0],"v":{"t":[0,15]}},{"k":[2,0,0,31,0],"v":{"t":[6,1]}},{"k":[12,0,0,21,0],"v":{"t":[7,1]}},{"k":[11,0,0,22,0],"v":{"t":[7,1]}},{"k":[13,0,0,20,0],"v":{"t":[7,1]}},{"k":[9,0,0,24,0],"v":{"t":[6,1]}},{"k":[8,0,0,25,0],"v":{"t":[6,1]}},{"k":[7,0,0,26,0],"v":{"t":[6,1]}},{"k":[6,0,0,27,0],"v":{"t":[6,1]}},{"k":[5,0,0,28,0],"v":{"t":[6,1]}},{"k":[4,0,0,29,0],"v":{"t":[6,1]}},{"k":[15,0,0,18,0],"v":{"t":[7,1]}},{"k":[14,0,0,20,0],"v":{"t":[6,1]}},{"k":[4,0,0,30,0],"v":{"t":[4,1]}},{"k":[11,0,0,23,0],"v":{"t":[4,1]}},{"k":[10,0,0,24,0],"v":{"t":[4,1]}},{"k":[6,0,0,28,0],"v":{"t":[0,0]}},{"k":[3,0,0,31,0],"v":{"t":[0,15]}},{"k":[13,0,0,21,0],"v":{"t":[7,1]}},{"k":[12,0,0,22,0],"v":{"t":[7,1]}},{"k":[9,0,0,25,0],"v":{"t":[6,1]}},{"k":[8,0,0,26,0],"v":{"t":[6,1]}},{"k":[7,0,0,27,0],"v":{"t":[6,1]}},{"k":[5,0,0,29,0],"v":{"t":[6,1]}},{"k":[15,0,0,19,0],"v":{"t":[7,1]}},{"k":[12,0,0,23,0],"v":{"t":[4,1]}},{"k":[10,0,0,25,0],"v":{"t":[4,1]}},{"k":[14,0,0,21,0],"v":{"t":[7,1]}},{"k":[13,0,0,22,0],"v":{"t":[7,1]}},{"k":[9,0,0,26,0],"v":{"t":[6,1]}},{"k":[8,0,0,27,0],"v":{"t":[6,1]}},{"k":[7,0,0,28,0],"v":{"t":[6,1]}},{"k":[6,0,0,29,0],"v":{"t":[6,1]}},{"k":[5,0,0,30,0],"v":{"t":[6,1]}},{"k":[15,0,0,20,0],"v":{"t":[7,1]}},{"k":[15,0,0,21,0],"v":{"t":[6,1]}},{"k":[5,0,0,31,0],"v":{"t":[4,1]}},{"k":[11,0,0,25,0],"v":{"t":[4,1]}},{"k":[13,0,0,23,0],"v":{"t":[0,15]}},{"k":[14,0,0,22,0],"v":{"t":[0,15]}},{"k":[10,0,0,26,0],"v":{"t":[6,1]}},{"k":[9,0,0,27,0],"v":{"t":[6,1]}},{"k":[8,0,0,28,0],"v":{"t":[6,1]}},{"k":[7,0,0,29,0],"v":{"t":[6,1]}},{"k":[6,0,0,30,0],"v":{"t":[6,1]}},{"k":[12,0,0,25,0],"v":{"t":[0,15]}},{"k":[13,0,0,24,0],"v":{"t":[0,15]}},{"k":[15,0,0,22,0],"v":{"t":[0,15]}},{"k":[11,0,0,26,0],"v":{"t":[6,1]}},{"k":[10,0,0,27,0],"v":{"t":[6,1]}},{"k":[9,0,0,28,0],"v":{"t":[6,1]}},{"k":[8,0,0,29,0],"v":{"t":[6,1]}},{"k":[7,0,0,30,0],"v":{"t":[6,1]}},{"k":[6,0,0,31,0],"v":{"t":[6,1]}},{"k":[15,0,0,23,0],"v":{"t":[6,1]}},{"k":[14,0,0,24,0],"v":{"t":[4,1]}},{"k":[13,0,0,25,0],"v":{"t":[4,1]}},{"k":[12,0,0,26,0],"v":{"t":[6,1]}},{"k":[11,0,0,27,0],"v":{"t":[6,1]}},{"k":[10,0,0,28,0],"v":{"t":[6,1]}},{"k":[9,0,0,29,0],"v":{"t":[6,1]}},{"k":[8,0,0,30,0],"v":{"t":[6,1]}},{"k":[7,0,0,31,0],"v":{"t":[6,1]}},{"k":[14,0,0,25,0],"v":{"t":[4,1]}},{"k":[15,0,0,24,0],"v":{"t":[4,1]}},{"k":[13,0,0,26,0],"v":{"t":[0,15]}},{"k":[12,0,0,27,0],"v":{"t":[6,1]}},{"k":[11,0,0,28,0],"v":{"t":[6,1]}},{"k":[10,0,0,29,0],"v":{"t":[6,1]}},{"k":[9,0,0,30,0],"v":{"t":[6,1]}},{"k":[8,0,0,31,0],"v":{"t":[6,1]}},{"k":[15,0,0,25,0],"v":{"t":[4,1]}},{"k":[13,0,0,27,0],"v":{"t":[0,15]}},{"k":[12,0,0,28,0],"v":{"t":[6,1]}},{"k":[11,0,0,29,0],"v":{"t":[6,1]}},{"k":[10,0,0,30,0],"v":{"t":[6,1]}},{"k":[9,0,0,31,0],"v":{"t":[6,1]}},{"k":[14,0,0,26,0],"v":{"t":[7,1]}},{"k":[13,0,0,28,0],"v":{"t":[5,1]}},{"k":[12,0,0,29,0],"v":{"t":[6,1]}},{"k":[11,0,0,30,0],"v":{"t":[6,1]}},{"k":[10,0,0,31,0],"v":{"t":[6,1]}},{"k":[14,0,0,27,0],"v":{"t":[7,1]}},{"k":[15,0,0,26,0],"v":{"t":[7,1]}}]},"moun":{"a":[],"o":[]},"objs":{"list":[{"k":[11,0,0,24,0],"v":{"events":[{"id":1,"name":"Hero action","p":[],"r":{"1":{"bh":true,"c":[{"command":[8,"",-1,0,0,1,"The almanac of time, hangs in the brain;\nThe seasons numbered, by the inward sun,\nThe winter years, move in the pit of man;\nHis graph is measured as the page of pain\nShifts to the redwombed pen.\n\nThe calendar of age hangs in the heart,\nA lover’s thought tears down the dated sheet,\nThe inch of time’s protracted to a foot\nBy youth and age, the mortal state and thought\nAgeing both day and night.\n\nThe word of time lies on the chaptered bone,\nThe seed of time is sheltered in the loin:\nThe grains of life must seethe beneath the sun,\nThe syllables be said and said again:\nTime shall belong to man.\n"],"kind":1}]}},"sys":false}],"hId":-1,"id":2,"name":"OBJ0002","ooepf":false,"states":[{"cam":true,"climb":false,"dir":false,"gid":75,"gk":4,"id":1,"move":true,"name":"Normal","omk":1,"pix":true,"pos":false,"stop":false,"sx":{"k":12,"v":0.5},"sy":{"k":12,"v":0.5},"sz":{"k":12,"v":1},"through":false,"x":0,"y":0}]}}]},"objs3d":{"a":[],"o":[]},"sprites":{"list":[{"k":[4,0,0,31,0],"v":{"k":7,"t":[3,4,1,1]}},{"k":[5,0,0,22,0],"v":{"k":4,"t":[3,14,1,1]}}],"overflow":[],"walls":[]}}