{"lands":{"autotiles":[],"floors":[{"k":[0,0,0,32,0],"v":{"t":[6,1]}},{"k":[0,0,0,33,0],"v":{"t":[6,1]}},{"k":[1,0,0,32,0],"v":{"t":[6,1]}},{"k":[1,0,0,33,0],"v":{"t":[6,1]}},{"k":[2,0,0,32,0],"v":{"t":[6,1]}},{"k":[1,0,0,34,0],"v":{"t":[6,1]}},{"k":[3,0,0,32,0],"v":{"t":[0,15]}},{"k":[2,0,0,33,0],"v":{"t":[6,1]}},{"k":[1,0,0,35,0],"v":{"t":[6,1]}},{"k":[2,0,0,34,0],"v":{"t":[6,1]}},{"k":[3,0,0,33,0],"v":{"t":[6,1]}},{"k":[1,0,0,36,0],"v":{"t":[6,1]}},{"k":[4,0,0,33,0],"v":{"t":[0,15]}},{"k":[2,0,0,35,0],"v":{"t":[6,1]}},{"k":[3,0,0,34,0],"v":{"t":[6,1]}},{"k":[6,0,0,32,0],"v":{"t":[4,1]}},{"k":[5,0,0,33,0],"v":{"t":[0,15]}},{"k":[2,0,0,36,0],"v":{"t":[6,1]}},{"k":[3,0,0,35,0],"v":{"t":[6,1]}},{"k":[4,0,0,34,0],"v":{"t":[6,1]}},{"k":[2,0,0,37,0],"v":{"t":[6,1]}},{"k":[5,0,0,34,0],"v":{"t":[0,15]}},{"k":[3,0,0,36,0],"v":{"t":[6,1]}},{"k":[4,0,0,35,0],"v":{"t":[6,1]}},{"k":[6,0,0,33,0],"v":{"t":[6,1]}},{"k":[7,0,0,32,0],"v":{"t":[6,1]}},{"k":[7,0,0,33,0],"v":{"t":[4,1]}},{"k":[3,0,0,37,0],"v":{"t":[6,1]}},{"k":[4,0,0,36,0],"v":{"t":[6,1]}},{"k":[5,0,0,35,0],"v":{"t":[6,1]}},{"k":[6,0,0,34,0],"v":{"t":[6,1]}},{"k":[8,0,0,32,0],"v":{"t":[6,1]}},{"k":[3,0,0,38,0],"v":{"t":[6,1]}},{"k":[4,0,0,37,0],"v":{"t":[6,1]}},{"k":[5,0,0,36,0],"v":{"t":[6,1]}},{"k":[6,0,0,35,0],"v":{"t":[6,1]}},{"k":[7,0,0,34,0],"v":{"t":[6,1]}},{"k":[9,0,0,32,0],"v":{"t":[6,1]}},{"k":[8,0,0,33,0],"v":{"t":[6,1]}},{"k":[4,0,0,38,0],"v":{"t":[6,1]}},{"k":[8,0,0,34,0],"v":{"t":[4,1]}},{"k":[5,0,0,37,0],"v":{"t":[6,1]}},{"k":[6,0,0,36,0],"v":{"t":[6,1]}},{"k":[7,0,0,35,0],"v":{"t":[6,1]}},{"k":[10,0,0,32,0],"v":{"t":[6,1]}},{"k":[9,0,0,33,0],"v":{"t":[6,1]}},{"k":[6,0,0,37,0],"v":{"t":[6,1]}},{"k":[7,0,0,36,0],"v":{"t":[6,1]}},{"k":[5,0,0,38,0],"v":{"t":[6,1]}},{"k":[11,0,0,32,0],"v":{"t":[6,1]}},{"k":[10,0,0,33,0],"v":{"t":[6,1]}},{"k":[9,0,0,34,0],"v":{"t":[6,1]}},{"k":[5,0,0,39,0],"v":{"t":[6,1]}},{"k":[9,0,0,35,0],"v":{"t":[4,1]}},{"k":[8,0,0,36,0],"v":{"t":[0,15]}},{"k":[7,0,0,37,0],"v":{"t":[6,1]}},{"k":[6,0,0,38,0],"v":{"t":[6,1]}},{"k":[12,0,0,32,0],"v":{"t":[6,1]}},{"k":[11,0,0,33,0],"v":{"t":[6,1]}},{"k":[10,0,0,34,0],"v":{"t":[6,1]}},{"k":[13,0,0,32,0],"v":{"t":[5,1]}},{"k":[8,0,0,37,0],"v":{"t":[6,1]}},{"k":[7,0,0,38,0],"v":{"t":[6,1]}},{"k":[6,0,0,39,0],"v":{"t":[6,1]}},{"k":[12,0,0,33,0],"v":{"t":[6,1]}},{"k":[11,0,0,34,0],"v":{"t":[6,1]}},{"k":[10,0,0,35,0],"v":{"t":[6,1]}},{"k":[10,0,0,36,0],"v":{"t":[4,1]}},{"k":[9,0,0,37,0],"v":{"t":[0,15]}},{"k":[8,0,0,38,0],"v":{"t":[6,1]}},{"k":[7,0,0,39,0],"v":{"t":[6,1]}},{"k":[14,0,0,32,0],"v":{"t":[6,1]}},{"k":[13,0,0,33,0],"v":{"t":[6,1]}},{"k":[12,0,0,34,0],"v":{"t":[6,1]}},{"k":[11,0,0,35,0],"v":{"t":[6,1]}},{"k":[10,0,0,37,0],"v":{"t":[6,1]}},{"k":[9,0,0,38,0],"v":{"t":[6,1]}},{"k":[8,0,0,39,0],"v":{"t":[6,1]}},{"k":[14,0,0,33,0],"v":{"t":[6,1]}},{"k":[13,0,0,34,0],"v":{"t":[6,1]}},{"k":[12,0,0,35,0],"v":{"t":[6,1]}},{"k":[11,0,0,36,0],"v":{"t":[6,1]}},{"k":[15,0,0,32,0],"v":{"t":[7,1]}},{"k":[14,0,0,34,0],"v":{"t":[5,1]}},{"k":[11,0,0,37,0],"v":{"t":[4,1]}},{"k":[9,0,0,39,0],"v":{"t":[6,1]}},{"k":[10,0,0,38,0],"v":{"t":[6,1]}},{"k":[13,0,0,35,0],"v":{"t":[6,1]}},{"k":[12,0,0,36,0],"v":{"t":[6,1]}},{"k":[15,0,0,33,0],"v":{"t":[7,1]}},{"k":[10,0,0,39,0],"v":{"t":[6,1]}},{"k":[11,0,0,38,0],"v":{"t":[6,1]}},{"k":[12,0,0,37,0],"v":{"t":[6,1]}},{"k":[14,0,0,35,0],"v":{"t":[6,1]}},{"k":[13,0,0,36,0],"v":{"t":[6,1]}},{"k":[15,0,0,34,0],"v":{"t":[7,1]}},{"k":[15,0,0,35,0],"v":{"t":[5,1]}},{"k":[12,0,0,38,0],"v":{"t":[4,1]}},{"k":[11,0,0,39,0],"v":{"t":[6,1]}},{"k":[13,0,0,37,0],"v":{"t":[6,1]}},{"k":[14,0,0,36,0],"v":{"t":[6,1]}},{"k":[12,0,0,39,0],"v":{"t":[6,1]}},{"k":[13,0,0,38,0],"v":{"t":[6,1]}},{"k":[14,0,0,37,0],"v":{"t":[6,1]}},{"k":[15,0,0,36,0],"v":{"t":[6,1]}},{"k":[13,0,0,39,0],"v":{"t":[4,1]}},{"k":[14,0,0,38,0],"v":{"t":[6,1]}},{"k":[15,0,0,37,0],"v":{"t":[6,1]}},{"k":[14,0,0,39,0],"v":{"t":[6,1]}},{"k":[15,0,0,38,0],"v":{"t":[6,1]}},{"k":[15,0,0,39,0],"v":{"t":[6,1]}}]},"moun":{"a":[],"o":[]},"objs":{"list":[]},"objs3d":{"a":[],"o":[]},"sprites":{"list":[{"k":[14,0,0,35,0],"v":{"k":4,"t":[2,14,1,1]}},{"k":[5,0,0,32,0],"v":{"k":4,"t":[0,14,1,1]}}],"overflow":[],"walls":[]}}