{"lands":{"autotiles":[],"floors":[{"k":[0,0,0,0,0],"v":{"t":[7,1]}},{"k":[0,0,0,1,0],"v":{"t":[7,1]}},{"k":[1,0,0,0,0],"v":{"t":[7,1]}},{"k":[1,0,0,1,0],"v":{"t":[0,15]}},{"k":[0,0,0,2,0],"v":{"t":[7,1]}},{"k":[2,0,0,0,0],"v":{"t":[7,1]}},{"k":[2,0,0,1,0],"v":{"t":[0,15]}},{"k":[0,0,0,3,0],"v":{"t":[7,1]}},{"k":[1,0,0,2,0],"v":{"t":[7,1]}},{"k":[3,0,0,0,0],"v":{"t":[7,1]}},{"k":[4,0,0,0,0],"v":{"t":[6,1]}},{"k":[3,0,0,1,0],"v":{"t":[0,15]}},{"k":[0,0,0,4,0],"v":{"t":[7,1]}},{"k":[1,0,0,3,0],"v":{"t":[7,1]}},{"k":[2,0,0,2,0],"v":{"t":[7,1]}},{"k":[4,0,0,1,0],"v":{"t":[6,1]}},{"k":[0,0,0,5,0],"v":{"t":[7,1]}},{"k":[1,0,0,4,0],"v":{"t":[7,1]}},{"k":[2,0,0,3,0],"v":{"t":[7,1]}},{"k":[3,0,0,2,0],"v":{"t":[7,1]}},{"k":[6,0,0,0,0],"v":{"t":[6,1]}},{"k":[4,0,0,2,0],"v":{"t":[0,15]}},{"k":[0,0,0,6,0],"v":{"t":[7,1]}},{"k":[1,0,0,5,0],"v":{"t":[7,1]}},{"k":[2,0,0,4,0],"v":{"t":[7,1]}},{"k":[3,0,0,3,0],"v":{"t":[7,1]}},{"k":[4,0,0,3,0],"v":{"t":[6,1]}},{"k":[5,0,0,2,0],"v":{"t":[0,15]}},{"k":[7,0,0,0,0],"v":{"t":[7,1]}},{"k":[0,0,0,7,0],"v":{"t":[7,1]}},{"k":[1,0,0,6,0],"v":{"t":[7,1]}},{"k":[2,0,0,5,0],"v":{"t":[7,1]}},{"k":[3,0,0,4,0],"v":{"t":[7,1]}},{"k":[7,0,0,1,0],"v":{"t":[6,1]}},{"k":[6,0,0,2,0],"v":{"t":[0,15]}},{"k":[8,0,0,0,0],"v":{"t":[7,1]}},{"k":[5,0,0,3,0],"v":{"t":[7,1]}},{"k":[0,0,0,8,0],"v":{"t":[7,1]}},{"k":[1,0,0,7,0],"v":{"t":[7,1]}},{"k":[2,0,0,6,0],"v":{"t":[7,1]}},{"k":[3,0,0,5,0],"v":{"t":[7,1]}},{"k":[4,0,0,4,0],"v":{"t":[7,1]}},{"k":[5,0,0,4,0],"v":{"t":[6,1]}},{"k":[7,0,0,2,0],"v":{"t":[0,15]}},{"k":[8,0,0,1,0],"v":{"t":[7,1]}},{"k":[9,0,0,0,0],"v":{"t":[7,1]}},{"k":[6,0,0,3,0],"v":{"t":[7,1]}},{"k":[0,0,0,9,0],"v":{"t":[7,1]}},{"k":[1,0,0,8,0],"v":{"t":[7,1]}},{"k":[2,0,0,7,0],"v":{"t":[7,1]}},{"k":[3,0,0,6,0],"v":{"t":[7,1]}},{"k":[4,0,0,5,0],"v":{"t":[7,1]}},{"k":[5,0,0,5,0],"v":{"t":[6,1]}},{"k":[7,0,0,3,0],"v":{"t":[6,1]}},{"k":[8,0,0,2,0],"v":{"t":[7,1]}},{"k":[9,0,0,1,0],"v":{"t":[7,1]}},{"k":[10,0,0,0,0],"v":{"t":[7,1]}},{"k":[6,0,0,4,0],"v":{"t":[7,1]}},{"k":[0,0,0,10,0],"v":{"t":[7,1]}},{"k":[1,0,0,9,0],"v":{"t":[7,1]}},{"k":[2,0,0,8,0],"v":{"t":[7,1]}},{"k":[3,0,0,7,0],"v":{"t":[7,1]}},{"k":[4,0,0,6,0],"v":{"t":[7,1]}},{"k":[5,0,0,6,0],"v":{"t":[6,1]}},{"k":[8,0,0,3,0],"v":{"t":[0,15]}},{"k":[9,0,0,2,0],"v":{"t":[7,1]}},{"k":[10,0,0,1,0],"v":{"t":[7,1]}},{"k":[11,0,0,0,0],"v":{"t":[7,1]}},{"k":[6,0,0,5,0],"v":{"t":[7,1]}},{"k":[7,0,0,4,0],"v":{"t":[7,1]}},{"k":[1,0,0,10,0],"v":{"t":[7,1]}},{"k":[0,0,0,11,0],"v":{"t":[7,1]}},{"k":[2,0,0,9,0],"v":{"t":[7,1]}},{"k":[3,0,0,8,0],"v":{"t":[7,1]}},{"k":[4,0,0,7,0],"v":{"t":[7,1]}},{"k":[8,0,0,4,0],"v":{"t":[6,1]}},{"k":[9,0,0,3,0],"v":{"t":[0,15]}},{"k":[10,0,0,2,0],"v":{"t":[7,1]}},{"k":[11,0,0,1,0],"v":{"t":[7,1]}},{"k":[12,0,0,0,0],"v":{"t":[7,1]}},{"k":[6,0,0,6,0],"v":{"t":[7,1]}},{"k":[7,0,0,5,0],"v":{"t":[7,1]}},{"k":[2,0,0,10,0],"v":{"t":[7,1]}},{"k":[1,0,0,11,0],"v":{"t":[7,1]}},{"k":[0,0,0,12,0],"v":{"t":[7,1]}},{"k":[3,0,0,9,0],"v":{"t":[7,1]}},{"k":[4,0,0,8,0],"v":{"t":[7,1]}},{"k":[5,0,0,7,0],"v":{"t":[7,1]}},{"k":[6,0,0,7,0],"v":{"t":[6,1]}},{"k":[8,0,0,5,0],"v":{"t":[6,1]}},{"k":[10,0,0,3,0],"v":{"t":[7,1]}},{"k":[11,0,0,2,0],"v":{"t":[7,1]}},{"k":[12,0,0,1,0],"v":{"t":[7,1]}},{"k":[13,0,0,0,0],"v":{"t":[7,1]}},{"k":[9,0,0,4,0],"v":{"t":[7,1]}},{"k":[7,0,0,6,0],"v":{"t":[7,1]}},{"k":[3,0,0,10,0],"v":{"t":[7,1]}},{"k":[2,0,0,11,0],"v":{"t":[7,1]}},{"k":[1,0,0,12,0],"v":{"t":[7,1]}},{"k":[0,0,0,13,0],"v":{"t":[7,1]}},{"k":[4,0,0,9,0],"v":{"t":[7,1]}},{"k":[5,0,0,8,0],"v":{"t":[7,1]}},{"k":[6,0,0,8,0],"v":{"t":[6,1]}},{"k":[8,0,0,6,0],"v":{"t":[6,1]}},{"k":[10,0,0,4,0],"v":{"t":[0,15]}},{"k":[11,0,0,3,0],"v":{"t":[7,1]}},{"k":[12,0,0,2,0],"v":{"t":[7,1]}},{"k":[13,0,0,1,0],"v":{"t":[7,1]}},{"k":[14,0,0,0,0],"v":{"t":[7,1]}},{"k":[9,0,0,5,0],"v":{"t":[7,1]}},{"k":[7,0,0,7,0],"v":{"t":[7,1]}},{"k":[4,0,0,10,0],"v":{"t":[7,1]}},{"k":[3,0,0,11,0],"v":{"t":[7,1]}},{"k":[2,0,0,12,0],"v":{"t":[7,1]}},{"k":[1,0,0,13,0],"v":{"t":[7,1]}},{"k":[0,0,0,14,0],"v":{"t":[7,1]}},{"k":[5,0,0,9,0],"v":{"t":[7,1]}},{"k":[8,0,0,7,0],"v":{"t":[6,1]}},{"k":[11,0,0,4,0],"v":{"t":[0,15]}},{"k":[12,0,0,3,0],"v":{"t":[7,1]}},{"k":[13,0,0,2,0],"v":{"t":[7,1]}},{"k":[14,0,0,1,0],"v":{"t":[7,1]}},{"k":[15,0,0,0,0],"v":{"t":[7,1]}},{"k":[9,0,0,6,0],"v":{"t":[7,1]}},{"k":[10,0,0,5,0],"v":{"t":[7,1]}},{"k":[7,0,0,8,0],"v":{"t":[7,1]}},{"k":[5,0,0,10,0],"v":{"t":[7,1]}},{"k":[4,0,0,11,0],"v":{"t":[7,1]}},{"k":[3,0,0,12,0],"v":{"t":[7,1]}},{"k":[2,0,0,13,0],"v":{"t":[7,1]}},{"k":[1,0,0,14,0],"v":{"t":[7,1]}},{"k":[0,0,0,15,0],"v":{"t":[7,1]}},{"k":[6,0,0,9,0],"v":{"t":[7,1]}},{"k":[7,0,0,9,0],"v":{"t":[6,1]}},{"k":[8,0,0,8,0],"v":{"t":[6,1]}},{"k":[13,0,0,3,0],"v":{"t":[7,1]}},{"k":[14,0,0,2,0],"v":{"t":[7,1]}},{"k":[15,0,0,1,0],"v":{"t":[7,1]}},{"k":[12,0,0,4,0],"v":{"t":[7,1]}},{"k":[9,0,0,7,0],"v":{"t":[7,1]}},{"k":[10,0,0,6,0],"v":{"t":[7,1]}},{"k":[11,0,0,5,0],"v":{"t":[7,1]}},{"k":[6,0,0,10,0],"v":{"t":[7,1]}},{"k":[5,0,0,11,0],"v":{"t":[7,1]}},{"k":[4,0,0,12,0],"v":{"t":[7,1]}},{"k":[3,0,0,13,0],"v":{"t":[7,1]}},{"k":[2,0,0,14,0],"v":{"t":[7,1]}},{"k":[1,0,0,15,0],"v":{"t":[7,1]}},{"k":[11,0,0,6,0],"v":{"t":[5,1]}},{"k":[3,0,0,14,0],"v":{"t":[6,1]}},{"k":[4,0,0,13,0],"v":{"t":[6,1]}},{"k":[12,0,0,5,0],"v":{"t":[0,15]}},{"k":[14,0,0,3,0],"v":{"t":[7,1]}},{"k":[15,0,0,2,0],"v":{"t":[7,1]}},{"k":[13,0,0,4,0],"v":{"t":[7,1]}},{"k":[10,0,0,7,0],"v":{"t":[7,1]}},{"k":[9,0,0,8,0],"v":{"t":[7,1]}},{"k":[7,0,0,10,0],"v":{"t":[7,1]}},{"k":[6,0,0,11,0],"v":{"t":[7,1]}},{"k":[5,0,0,12,0],"v":{"t":[7,1]}},{"k":[2,0,0,15,0],"v":{"t":[7,1]}},{"k":[10,0,0,8,0],"v":{"t":[5,1]}},{"k":[11,0,0,7,0],"v":{"t":[5,1]}},{"k":[3,0,0,15,0],"v":{"t":[6,1]}},{"k":[14,0,0,4,0],"v":{"t":[4,1]}},{"k":[12,0,0,6,0],"v":{"t":[4,1]}},{"k":[5,0,0,13,0],"v":{"t":[0,15]}},{"k":[6,0,0,12,0],"v":{"t":[0,15]}},{"k":[7,0,0,11,0],"v":{"t":[0,15]}},{"k":[8,0,0,10,0],"v":{"t":[0,15]}},{"k":[9,0,0,9,0],"v":{"t":[0,15]}},{"k":[13,0,0,5,0],"v":{"t":[0,15]}},{"k":[15,0,0,3,0],"v":{"t":[7,1]}},{"k":[8,0,0,11,0],"v":{"t":[6,1]}},{"k":[15,0,0,4,0],"v":{"t":[4,1]}},{"k":[12,0,0,7,0],"v":{"t":[4,1]}},{"k":[4,0,0,15,0],"v":{"t":[0,15]}},{"k":[5,0,0,14,0],"v":{"t":[0,15]}},{"k":[7,0,0,12,0],"v":{"t":[0,15]}},{"k":[9,0,0,10,0],"v":{"t":[0,15]}},{"k":[10,0,0,9,0],"v":{"t":[0,15]}},{"k":[6,0,0,13,0],"v":{"t":[6,1]}},{"k":[8,0,0,12,0],"v":{"t":[5,1]}},{"k":[9,0,0,11,0],"v":{"t":[6,1]}},{"k":[12,0,0,8,0],"v":{"t":[4,1]}},{"k":[11,0,0,9,0],"v":{"t":[0,15]}},{"k":[14,0,0,6,0],"v":{"t":[0,15]}},{"k":[7,0,0,13,0],"v":{"t":[6,1]}},{"k":[6,0,0,14,0],"v":{"t":[6,1]}},{"k":[5,0,0,15,0],"v":{"t":[6,1]}},{"k":[8,0,0,13,0],"v":{"t":[5,1]}},{"k":[10,0,0,11,0],"v":{"t":[6,1]}},{"k":[9,0,0,12,0],"v":{"t":[6,1]}},{"k":[11,0,0,10,0],"v":{"t":[4,1]}},{"k":[12,0,0,9,0],"v":{"t":[0,15]}},{"k":[7,0,0,14,0],"v":{"t":[6,1]}},{"k":[6,0,0,15,0],"v":{"t":[6,1]}},{"k":[8,0,0,14,0],"v":{"t":[5,1]}},{"k":[11,0,0,11,0],"v":{"t":[4,1]}},{"k":[13,0,0,9,0],"v":{"t":[0,15]}},{"k":[15,0,0,7,0],"v":{"t":[0,15]}},{"k":[9,0,0,13,0],"v":{"t":[7,1]}},{"k":[7,0,0,15,0],"v":{"t":[6,1]}},{"k":[8,0,0,15,0],"v":{"t":[5,1]}},{"k":[10,0,0,13,0],"v":{"t":[6,1]}},{"k":[11,0,0,12,0],"v":{"t":[4,1]}},{"k":[14,0,0,9,0],"v":{"t":[0,15]}},{"k":[9,0,0,14,0],"v":{"t":[7,1]}},{"k":[11,0,0,13,0],"v":{"t":[4,1]}},{"k":[10,0,0,14,0],"v":{"t":[4,1]}},{"k":[15,0,0,9,0],"v":{"t":[0,15]}},{"k":[9,0,0,15,0],"v":{"t":[7,1]}},{"k":[12,0,0,13,0],"v":{"t":[6,1]}},{"k":[10,0,0,15,0],"v":{"t":[4,1]}},{"k":[11,0,0,14,0],"v":{"t":[7,1]}},{"k":[12,0,0,14,0],"v":{"t":[6,1]}},{"k":[11,0,0,15,0],"v":{"t":[7,1]}},{"k":[12,0,0,15,0],"v":{"t":[6,1]}},{"k":[13,0,0,14,0],"v":{"t":[6,1]}},{"k":[14,0,0,15,0],"v":{"t":[6,1]}},{"k":[15,0,0,15,0],"v":{"t":[6,1]}}]},"moun":{"a":[],"o":[]},"objs":{"list":[{"k":[5,0,0,8,0],"v":{"events":[{"id":1,"name":"Hero action","p":[],"r":{"1":{"bh":true,"c":[{"command":[8,"",-1,0,0,1,"Cruelty has a Human Heart\nAnd Jealousy a Human Face \nTerror the Human Form Divine \nAnd Secrecy, the Human Dress \n\n"],"kind":1},{"command":[8,"",-1,0,0,1,"The Human Dress, is forged Iron \nThe Human Form, a fiery Forge. \nThe Human Face, a Furnace seal'd \nThe Human Heart, its hungry Gorge."],"kind":1}]}},"sys":false}],"hId":-1,"id":1,"name":"crazyman1","ooepf":false,"states":[{"cam":true,"climb":false,"dir":false,"gid":76,"gk":4,"id":1,"move":true,"name":"Normal","omk":1,"pix":true,"pos":false,"s":4,"stop":false,"sx":{"k":12,"v":1.2},"sy":{"k":12,"v":1},"sz":{"k":12,"v":1},"through":false,"x":0,"y":0}]}}]},"objs3d":{"a":[],"o":[]},"sprites":{"list":[{"k":[10,0,0,1,0],"v":{"k":7,"t":[3,4,1,1]}},{"k":[3,0,0,10,0],"v":{"k":7,"t":[3,4,1,1]}},{"k":[11,0,0,8,0],"v":{"k":4,"t":[6,1,1,1]}}],"overflow":[],"walls":[]}}