{"lands":{"autotiles":[],"floors":[{"k":[31,0,0,11,0],"v":{"t":[0,15]}},{"k":[31,0,0,12,0],"v":{"t":[0,15]}},{"k":[31,0,0,13,0],"v":{"t":[0,15]}},{"k":[31,0,0,14,0],"v":{"t":[5,1]}},{"k":[30,0,0,15,0],"v":{"t":[5,1]}},{"k":[31,0,0,15,0],"v":{"t":[6,1]}},{"k":[16,0,0,0,0],"v":{"t":[7,1]}},{"k":[16,0,0,1,0],"v":{"t":[7,1]}},{"k":[17,0,0,0,0],"v":{"t":[7,1]}},{"k":[16,0,0,2,0],"v":{"t":[7,1]}},{"k":[17,0,0,1,0],"v":{"t":[7,1]}},{"k":[18,0,0,0,0],"v":{"t":[7,1]}},{"k":[16,0,0,3,0],"v":{"t":[7,1]}},{"k":[17,0,0,2,0],"v":{"t":[7,1]}},{"k":[18,0,0,1,0],"v":{"t":[7,1]}},{"k":[19,0,0,0,0],"v":{"t":[7,1]}},{"k":[17,0,0,3,0],"v":{"t":[7,1]}},{"k":[18,0,0,2,0],"v":{"t":[7,1]}},{"k":[19,0,0,1,0],"v":{"t":[7,1]}},{"k":[20,0,0,0,0],"v":{"t":[7,1]}},{"k":[16,0,0,4,0],"v":{"t":[7,1]}},{"k":[16,0,0,5,0],"v":{"t":[4,1]}},{"k":[18,0,0,3,0],"v":{"t":[7,1]}},{"k":[19,0,0,2,0],"v":{"t":[7,1]}},{"k":[20,0,0,1,0],"v":{"t":[7,1]}},{"k":[17,0,0,4,0],"v":{"t":[7,1]}},{"k":[21,0,0,0,0],"v":{"t":[7,1]}},{"k":[16,0,0,6,0],"v":{"t":[5,1]}},{"k":[17,0,0,5,0],"v":{"t":[4,1]}},{"k":[19,0,0,3,0],"v":{"t":[7,1]}},{"k":[20,0,0,2,0],"v":{"t":[7,1]}},{"k":[18,0,0,4,0],"v":{"t":[7,1]}},{"k":[21,0,0,1,0],"v":{"t":[7,1]}},{"k":[22,0,0,0,0],"v":{"t":[7,1]}},{"k":[18,0,0,5,0],"v":{"t":[4,1]}},{"k":[20,0,0,3,0],"v":{"t":[7,1]}},{"k":[19,0,0,4,0],"v":{"t":[7,1]}},{"k":[21,0,0,2,0],"v":{"t":[7,1]}},{"k":[22,0,0,1,0],"v":{"t":[7,1]}},{"k":[23,0,0,0,0],"v":{"t":[7,1]}},{"k":[17,0,0,7,0],"v":{"t":[5,1]}},{"k":[16,0,0,8,0],"v":{"t":[0,15]}},{"k":[21,0,0,3,0],"v":{"t":[7,1]}},{"k":[20,0,0,4,0],"v":{"t":[7,1]}},{"k":[19,0,0,5,0],"v":{"t":[7,1]}},{"k":[22,0,0,2,0],"v":{"t":[7,1]}},{"k":[23,0,0,1,0],"v":{"t":[7,1]}},{"k":[24,0,0,0,0],"v":{"t":[7,1]}},{"k":[17,0,0,8,0],"v":{"t":[5,1]}},{"k":[19,0,0,6,0],"v":{"t":[4,1]}},{"k":[22,0,0,3,0],"v":{"t":[7,1]}},{"k":[21,0,0,4,0],"v":{"t":[7,1]}},{"k":[20,0,0,5,0],"v":{"t":[7,1]}},{"k":[23,0,0,2,0],"v":{"t":[7,1]}},{"k":[24,0,0,1,0],"v":{"t":[7,1]}},{"k":[25,0,0,0,0],"v":{"t":[7,1]}},{"k":[19,0,0,7,0],"v":{"t":[4,1]}},{"k":[16,0,0,10,0],"v":{"t":[0,15]}},{"k":[17,0,0,9,0],"v":{"t":[0,15]}},{"k":[23,0,0,3,0],"v":{"t":[7,1]}},{"k":[22,0,0,4,0],"v":{"t":[7,1]}},{"k":[21,0,0,5,0],"v":{"t":[7,1]}},{"k":[20,0,0,6,0],"v":{"t":[7,1]}},{"k":[24,0,0,2,0],"v":{"t":[7,1]}},{"k":[25,0,0,1,0],"v":{"t":[7,1]}},{"k":[26,0,0,0,0],"v":{"t":[7,1]}},{"k":[17,0,0,10,0],"v":{"t":[0,15]}},{"k":[24,0,0,3,0],"v":{"t":[7,1]}},{"k":[23,0,0,4,0],"v":{"t":[7,1]}},{"k":[22,0,0,5,0],"v":{"t":[7,1]}},{"k":[21,0,0,6,0],"v":{"t":[7,1]}},{"k":[20,0,0,7,0],"v":{"t":[7,1]}},{"k":[25,0,0,2,0],"v":{"t":[7,1]}},{"k":[26,0,0,1,0],"v":{"t":[7,1]}},{"k":[27,0,0,0,0],"v":{"t":[7,1]}},{"k":[18,0,0,10,0],"v":{"t":[5,1]}},{"k":[20,0,0,8,0],"v":{"t":[4,1]}},{"k":[17,0,0,11,0],"v":{"t":[0,15]}},{"k":[25,0,0,3,0],"v":{"t":[7,1]}},{"k":[24,0,0,4,0],"v":{"t":[7,1]}},{"k":[23,0,0,5,0],"v":{"t":[7,1]}},{"k":[22,0,0,6,0],"v":{"t":[7,1]}},{"k":[21,0,0,7,0],"v":{"t":[7,1]}},{"k":[26,0,0,2,0],"v":{"t":[7,1]}},{"k":[27,0,0,1,0],"v":{"t":[7,1]}},{"k":[28,0,0,0,0],"v":{"t":[7,1]}},{"k":[20,0,0,9,0],"v":{"t":[4,1]}},{"k":[18,0,0,11,0],"v":{"t":[0,15]}},{"k":[17,0,0,12,0],"v":{"t":[0,15]}},{"k":[26,0,0,3,0],"v":{"t":[7,1]}},{"k":[25,0,0,4,0],"v":{"t":[7,1]}},{"k":[24,0,0,5,0],"v":{"t":[7,1]}},{"k":[23,0,0,6,0],"v":{"t":[7,1]}},{"k":[22,0,0,7,0],"v":{"t":[7,1]}},{"k":[21,0,0,8,0],"v":{"t":[7,1]}},{"k":[27,0,0,2,0],"v":{"t":[7,1]}},{"k":[28,0,0,1,0],"v":{"t":[7,1]}},{"k":[29,0,0,0,0],"v":{"t":[7,1]}},{"k":[18,0,0,12,0],"v":{"t":[6,1]}},{"k":[20,0,0,10,0],"v":{"t":[4,1]}},{"k":[19,0,0,11,0],"v":{"t":[0,15]}},{"k":[27,0,0,3,0],"v":{"t":[7,1]}},{"k":[26,0,0,4,0],"v":{"t":[7,1]}},{"k":[25,0,0,5,0],"v":{"t":[7,1]}},{"k":[24,0,0,6,0],"v":{"t":[7,1]}},{"k":[23,0,0,7,0],"v":{"t":[7,1]}},{"k":[22,0,0,8,0],"v":{"t":[7,1]}},{"k":[21,0,0,9,0],"v":{"t":[7,1]}},{"k":[28,0,0,2,0],"v":{"t":[7,1]}},{"k":[29,0,0,1,0],"v":{"t":[7,1]}},{"k":[30,0,0,0,0],"v":{"t":[7,1]}},{"k":[20,0,0,11,0],"v":{"t":[0,15]}},{"k":[18,0,0,13,0],"v":{"t":[0,15]}},{"k":[28,0,0,3,0],"v":{"t":[7,1]}},{"k":[27,0,0,4,0],"v":{"t":[7,1]}},{"k":[26,0,0,5,0],"v":{"t":[7,1]}},{"k":[25,0,0,6,0],"v":{"t":[7,1]}},{"k":[24,0,0,7,0],"v":{"t":[7,1]}},{"k":[23,0,0,8,0],"v":{"t":[7,1]}},{"k":[22,0,0,9,0],"v":{"t":[7,1]}},{"k":[21,0,0,10,0],"v":{"t":[7,1]}},{"k":[29,0,0,2,0],"v":{"t":[7,1]}},{"k":[30,0,0,1,0],"v":{"t":[7,1]}},{"k":[31,0,0,0,0],"v":{"t":[7,1]}},{"k":[19,0,0,13,0],"v":{"t":[5,1]}},{"k":[21,0,0,11,0],"v":{"t":[0,15]}},{"k":[18,0,0,14,0],"v":{"t":[0,15]}},{"k":[29,0,0,3,0],"v":{"t":[7,1]}},{"k":[28,0,0,4,0],"v":{"t":[7,1]}},{"k":[27,0,0,5,0],"v":{"t":[7,1]}},{"k":[26,0,0,6,0],"v":{"t":[7,1]}},{"k":[25,0,0,7,0],"v":{"t":[7,1]}},{"k":[24,0,0,8,0],"v":{"t":[7,1]}},{"k":[23,0,0,9,0],"v":{"t":[7,1]}},{"k":[22,0,0,10,0],"v":{"t":[7,1]}},{"k":[30,0,0,2,0],"v":{"t":[7,1]}},{"k":[31,0,0,1,0],"v":{"t":[7,1]}},{"k":[19,0,0,14,0],"v":{"t":[5,1]}},{"k":[21,0,0,12,0],"v":{"t":[4,1]}},{"k":[22,0,0,11,0],"v":{"t":[0,15]}},{"k":[29,0,0,4,0],"v":{"t":[0,15]}},{"k":[18,0,0,15,0],"v":{"t":[0,15]}},{"k":[30,0,0,3,0],"v":{"t":[7,1]}},{"k":[28,0,0,5,0],"v":{"t":[7,1]}},{"k":[27,0,0,6,0],"v":{"t":[7,1]}},{"k":[26,0,0,7,0],"v":{"t":[7,1]}},{"k":[25,0,0,8,0],"v":{"t":[7,1]}},{"k":[24,0,0,9,0],"v":{"t":[7,1]}},{"k":[23,0,0,10,0],"v":{"t":[7,1]}},{"k":[31,0,0,2,0],"v":{"t":[7,1]}},{"k":[19,0,0,15,0],"v":{"t":[5,1]}},{"k":[31,0,0,3,0],"v":{"t":[5,1]}},{"k":[23,0,0,11,0],"v":{"t":[6,1]}},{"k":[21,0,0,13,0],"v":{"t":[4,1]}},{"k":[29,0,0,5,0],"v":{"t":[0,15]}},{"k":[22,0,0,12,0],"v":{"t":[6,1]}},{"k":[30,0,0,4,0],"v":{"t":[7,1]}},{"k":[28,0,0,6,0],"v":{"t":[7,1]}},{"k":[27,0,0,7,0],"v":{"t":[7,1]}},{"k":[26,0,0,8,0],"v":{"t":[7,1]}},{"k":[25,0,0,9,0],"v":{"t":[7,1]}},{"k":[24,0,0,10,0],"v":{"t":[7,1]}},{"k":[30,0,0,5,0],"v":{"t":[5,1]}},{"k":[31,0,0,4,0],"v":{"t":[5,1]}},{"k":[24,0,0,11,0],"v":{"t":[6,1]}},{"k":[21,0,0,14,0],"v":{"t":[4,1]}},{"k":[23,0,0,12,0],"v":{"t":[0,15]}},{"k":[29,0,0,6,0],"v":{"t":[0,15]}},{"k":[22,0,0,13,0],"v":{"t":[6,1]}},{"k":[28,0,0,7,0],"v":{"t":[7,1]}},{"k":[27,0,0,8,0],"v":{"t":[7,1]}},{"k":[26,0,0,9,0],"v":{"t":[7,1]}},{"k":[25,0,0,10,0],"v":{"t":[7,1]}},{"k":[27,0,0,9,0],"v":{"t":[5,1]}},{"k":[28,0,0,8,0],"v":{"t":[5,1]}},{"k":[29,0,0,7,0],"v":{"t":[5,1]}},{"k":[30,0,0,6,0],"v":{"t":[5,1]}},{"k":[25,0,0,11,0],"v":{"t":[6,1]}},{"k":[21,0,0,15,0],"v":{"t":[4,1]}},{"k":[22,0,0,14,0],"v":{"t":[6,1]}},{"k":[23,0,0,13,0],"v":{"t":[6,1]}},{"k":[31,0,0,5,0],"v":{"t":[4,1]}},{"k":[26,0,0,10,0],"v":{"t":[7,1]}},{"k":[26,0,0,11,0],"v":{"t":[5,1]}},{"k":[27,0,0,10,0],"v":{"t":[5,1]}},{"k":[24,0,0,13,0],"v":{"t":[0,15]}},{"k":[30,0,0,7,0],"v":{"t":[0,15]}},{"k":[22,0,0,15,0],"v":{"t":[6,1]}},{"k":[23,0,0,14,0],"v":{"t":[6,1]}},{"k":[31,0,0,6,0],"v":{"t":[4,1]}},{"k":[26,0,0,12,0],"v":{"t":[6,1]}},{"k":[25,0,0,13,0],"v":{"t":[0,15]}},{"k":[30,0,0,8,0],"v":{"t":[0,15]}},{"k":[23,0,0,15,0],"v":{"t":[6,1]}},{"k":[24,0,0,14,0],"v":{"t":[6,1]}},{"k":[31,0,0,7,0],"v":{"t":[4,1]}},{"k":[25,0,0,14,0],"v":{"t":[5,1]}},{"k":[27,0,0,12,0],"v":{"t":[6,1]}},{"k":[24,0,0,15,0],"v":{"t":[6,1]}},{"k":[31,0,0,8,0],"v":{"t":[4,1]}},{"k":[25,0,0,15,0],"v":{"t":[5,1]}},{"k":[28,0,0,12,0],"v":{"t":[6,1]}},{"k":[26,0,0,14,0],"v":{"t":[0,15]}},{"k":[31,0,0,9,0],"v":{"t":[0,15]}},{"k":[26,0,0,15,0],"v":{"t":[0,15]}},{"k":[31,0,0,10,0],"v":{"t":[0,15]}}]},"moun":{"a":[],"o":[]},"objs":{"list":[{"k":[25,0,0,4,0],"v":{"events":[{"id":1,"name":"Hero action","p":[],"r":{"1":{"bh":true,"c":[{"command":[8,"",-1,0,0,1,"Graceful son of Pan! Round your brow crowned with flowers and berries your eyes, precious spheres, move. \nStained with brown lees, your cheeks are hollow. Your eye-teeth gleam. \nYour breast is a cithara, chords chime in your pale arms. "],"kind":1},{"command":[8,"",-1,0,0,1,"Your pulse beats in that belly where a double sex sleeps. \nWalk, at night, gently moving that thigh, that other thigh and that left leg."],"kind":1}]}},"sys":false}],"hId":-1,"id":4,"name":"OBJ0004","ooepf":false,"states":[{"cam":true,"climb":false,"dir":false,"gid":78,"gk":5,"id":1,"move":true,"name":"Normal","omk":1,"pix":true,"pos":false,"s":4,"stop":false,"sx":{"k":12,"v":0.4},"sy":{"k":12,"v":0.4},"sz":{"k":12,"v":1},"through":false,"x":0,"y":0}]}}]},"objs3d":{"a":[],"o":[]},"sprites":{"list":[],"overflow":[],"walls":[]}}