{"lands":{"autotiles":[],"floors":[{"k":[16,0,0,32,0],"v":{"t":[6,1]}},{"k":[17,0,0,32,0],"v":{"t":[5,1]}},{"k":[16,0,0,33,0],"v":{"t":[6,1]}},{"k":[17,0,0,33,0],"v":{"t":[5,1]}},{"k":[18,0,0,32,0],"v":{"t":[6,1]}},{"k":[16,0,0,34,0],"v":{"t":[6,1]}},{"k":[17,0,0,34,0],"v":{"t":[5,1]}},{"k":[19,0,0,32,0],"v":{"t":[6,1]}},{"k":[18,0,0,33,0],"v":{"t":[6,1]}},{"k":[16,0,0,35,0],"v":{"t":[6,1]}},{"k":[20,0,0,32,0],"v":{"t":[5,1]}},{"k":[19,0,0,33,0],"v":{"t":[6,1]}},{"k":[18,0,0,34,0],"v":{"t":[6,1]}},{"k":[16,0,0,36,0],"v":{"t":[6,1]}},{"k":[17,0,0,35,0],"v":{"t":[6,1]}},{"k":[20,0,0,33,0],"v":{"t":[6,1]}},{"k":[19,0,0,34,0],"v":{"t":[6,1]}},{"k":[16,0,0,37,0],"v":{"t":[6,1]}},{"k":[17,0,0,36,0],"v":{"t":[6,1]}},{"k":[18,0,0,35,0],"v":{"t":[6,1]}},{"k":[21,0,0,32,0],"v":{"t":[6,1]}},{"k":[21,0,0,33,0],"v":{"t":[5,1]}},{"k":[20,0,0,34,0],"v":{"t":[6,1]}},{"k":[16,0,0,38,0],"v":{"t":[6,1]}},{"k":[17,0,0,37,0],"v":{"t":[6,1]}},{"k":[18,0,0,36,0],"v":{"t":[6,1]}},{"k":[19,0,0,35,0],"v":{"t":[6,1]}},{"k":[22,0,0,32,0],"v":{"t":[6,1]}},{"k":[21,0,0,34,0],"v":{"t":[5,1]}},{"k":[16,0,0,39,0],"v":{"t":[6,1]}},{"k":[17,0,0,38,0],"v":{"t":[6,1]}},{"k":[18,0,0,37,0],"v":{"t":[6,1]}},{"k":[19,0,0,36,0],"v":{"t":[6,1]}},{"k":[20,0,0,35,0],"v":{"t":[6,1]}},{"k":[22,0,0,33,0],"v":{"t":[6,1]}},{"k":[23,0,0,32,0],"v":{"t":[6,1]}},{"k":[21,0,0,35,0],"v":{"t":[5,1]}},{"k":[24,0,0,32,0],"v":{"t":[0,15]}},{"k":[17,0,0,39,0],"v":{"t":[6,1]}},{"k":[18,0,0,38,0],"v":{"t":[6,1]}},{"k":[19,0,0,37,0],"v":{"t":[6,1]}},{"k":[20,0,0,36,0],"v":{"t":[6,1]}},{"k":[22,0,0,34,0],"v":{"t":[6,1]}},{"k":[23,0,0,33,0],"v":{"t":[6,1]}},{"k":[21,0,0,36,0],"v":{"t":[0,15]}},{"k":[20,0,0,37,0],"v":{"t":[0,15]}},{"k":[25,0,0,32,0],"v":{"t":[6,1]}},{"k":[18,0,0,39,0],"v":{"t":[6,1]}},{"k":[19,0,0,38,0],"v":{"t":[6,1]}},{"k":[22,0,0,35,0],"v":{"t":[6,1]}},{"k":[23,0,0,34,0],"v":{"t":[6,1]}},{"k":[24,0,0,33,0],"v":{"t":[6,1]}},{"k":[22,0,0,36,0],"v":{"t":[0,15]}},{"k":[20,0,0,38,0],"v":{"t":[0,15]}},{"k":[21,0,0,37,0],"v":{"t":[6,1]}},{"k":[26,0,0,32,0],"v":{"t":[6,1]}},{"k":[19,0,0,39,0],"v":{"t":[6,1]}},{"k":[23,0,0,35,0],"v":{"t":[6,1]}},{"k":[24,0,0,34,0],"v":{"t":[6,1]}},{"k":[25,0,0,33,0],"v":{"t":[6,1]}},{"k":[22,0,0,37,0],"v":{"t":[5,1]}},{"k":[24,0,0,35,0],"v":{"t":[0,15]}},{"k":[23,0,0,36,0],"v":{"t":[0,15]}},{"k":[20,0,0,39,0],"v":{"t":[0,15]}},{"k":[21,0,0,38,0],"v":{"t":[6,1]}},{"k":[27,0,0,32,0],"v":{"t":[6,1]}},{"k":[25,0,0,34,0],"v":{"t":[6,1]}},{"k":[26,0,0,33,0],"v":{"t":[6,1]}},{"k":[23,0,0,37,0],"v":{"t":[5,1]}},{"k":[24,0,0,36,0],"v":{"t":[5,1]}},{"k":[27,0,0,33,0],"v":{"t":[0,15]}},{"k":[26,0,0,34,0],"v":{"t":[0,15]}},{"k":[25,0,0,35,0],"v":{"t":[0,15]}},{"k":[22,0,0,38,0],"v":{"t":[6,1]}},{"k":[21,0,0,39,0],"v":{"t":[6,1]}},{"k":[27,0,0,34,0],"v":{"t":[5,1]}},{"k":[28,0,0,33,0],"v":{"t":[0,15]}},{"k":[26,0,0,35,0],"v":{"t":[0,15]}},{"k":[24,0,0,37,0],"v":{"t":[6,1]}},{"k":[23,0,0,38,0],"v":{"t":[6,1]}},{"k":[22,0,0,39,0],"v":{"t":[6,1]}},{"k":[29,0,0,32,0],"v":{"t":[6,1]}},{"k":[29,0,0,33,0],"v":{"t":[4,1]}},{"k":[27,0,0,35,0],"v":{"t":[4,1]}},{"k":[28,0,0,34,0],"v":{"t":[4,1]}},{"k":[26,0,0,36,0],"v":{"t":[6,1]}},{"k":[25,0,0,37,0],"v":{"t":[6,1]}},{"k":[24,0,0,38,0],"v":{"t":[6,1]}},{"k":[23,0,0,39,0],"v":{"t":[6,1]}},{"k":[30,0,0,33,0],"v":{"t":[5,1]}},{"k":[31,0,0,32,0],"v":{"t":[5,1]}},{"k":[27,0,0,36,0],"v":{"t":[4,1]}},{"k":[28,0,0,35,0],"v":{"t":[6,1]}},{"k":[29,0,0,34,0],"v":{"t":[6,1]}},{"k":[26,0,0,37,0],"v":{"t":[6,1]}},{"k":[25,0,0,38,0],"v":{"t":[6,1]}},{"k":[24,0,0,39,0],"v":{"t":[6,1]}},{"k":[30,0,0,34,0],"v":{"t":[4,1]}},{"k":[27,0,0,37,0],"v":{"t":[4,1]}},{"k":[28,0,0,36,0],"v":{"t":[6,1]}},{"k":[29,0,0,35,0],"v":{"t":[6,1]}},{"k":[26,0,0,38,0],"v":{"t":[6,1]}},{"k":[25,0,0,39,0],"v":{"t":[6,1]}},{"k":[31,0,0,33,0],"v":{"t":[6,1]}},{"k":[30,0,0,35,0],"v":{"t":[4,1]}},{"k":[28,0,0,37,0],"v":{"t":[4,1]}},{"k":[29,0,0,36,0],"v":{"t":[6,1]}},{"k":[27,0,0,38,0],"v":{"t":[6,1]}},{"k":[26,0,0,39,0],"v":{"t":[6,1]}},{"k":[31,0,0,34,0],"v":{"t":[6,1]}},{"k":[30,0,0,36,0],"v":{"t":[4,1]}},{"k":[28,0,0,38,0],"v":{"t":[4,1]}},{"k":[29,0,0,37,0],"v":{"t":[6,1]}},{"k":[27,0,0,39,0],"v":{"t":[6,1]}},{"k":[31,0,0,35,0],"v":{"t":[6,1]}},{"k":[30,0,0,37,0],"v":{"t":[4,1]}},{"k":[29,0,0,38,0],"v":{"t":[4,1]}},{"k":[28,0,0,39,0],"v":{"t":[6,1]}},{"k":[31,0,0,36,0],"v":{"t":[6,1]}},{"k":[30,0,0,38,0],"v":{"t":[4,1]}},{"k":[29,0,0,39,0],"v":{"t":[6,1]}},{"k":[31,0,0,37,0],"v":{"t":[6,1]}},{"k":[30,0,0,39,0],"v":{"t":[6,1]}},{"k":[31,0,0,38,0],"v":{"t":[6,1]}},{"k":[31,0,0,39,0],"v":{"t":[6,1]}}]},"moun":{"a":[],"o":[]},"objs":{"list":[]},"objs3d":{"a":[],"o":[]},"sprites":{"list":[],"overflow":[],"walls":[]}}