{"lands":{"autotiles":[],"floors":[{"k":[25,0,0,17,0],"v":{"t":[5,1]}},{"k":[16,0,0,26,0],"v":{"t":[4,1]}},{"k":[21,0,0,21,0],"v":{"t":[4,1]}},{"k":[26,0,0,16,0],"v":{"t":[0,15]}},{"k":[18,0,0,24,0],"v":{"t":[0,15]}},{"k":[17,0,0,25,0],"v":{"t":[0,15]}},{"k":[19,0,0,23,0],"v":{"t":[0,15]}},{"k":[22,0,0,20,0],"v":{"t":[6,1]}},{"k":[23,0,0,19,0],"v":{"t":[6,1]}},{"k":[24,0,0,18,0],"v":{"t":[6,1]}},{"k":[25,0,0,18,0],"v":{"t":[5,1]}},{"k":[18,0,0,25,0],"v":{"t":[6,1]}},{"k":[16,0,0,27,0],"v":{"t":[4,1]}},{"k":[20,0,0,23,0],"v":{"t":[4,1]}},{"k":[21,0,0,22,0],"v":{"t":[4,1]}},{"k":[19,0,0,24,0],"v":{"t":[0,15]}},{"k":[22,0,0,21,0],"v":{"t":[6,1]}},{"k":[23,0,0,20,0],"v":{"t":[6,1]}},{"k":[24,0,0,19,0],"v":{"t":[6,1]}},{"k":[25,0,0,19,0],"v":{"t":[5,1]}},{"k":[18,0,0,26,0],"v":{"t":[6,1]}},{"k":[21,0,0,23,0],"v":{"t":[4,1]}},{"k":[22,0,0,22,0],"v":{"t":[4,1]}},{"k":[27,0,0,17,0],"v":{"t":[0,15]}},{"k":[19,0,0,25,0],"v":{"t":[0,15]}},{"k":[23,0,0,21,0],"v":{"t":[6,1]}},{"k":[24,0,0,20,0],"v":{"t":[6,1]}},{"k":[16,0,0,28,0],"v":{"t":[6,1]}},{"k":[26,0,0,19,0],"v":{"t":[5,1]}},{"k":[18,0,0,27,0],"v":{"t":[6,1]}},{"k":[23,0,0,22,0],"v":{"t":[6,1]}},{"k":[17,0,0,28,0],"v":{"t":[4,1]}},{"k":[20,0,0,25,0],"v":{"t":[4,1]}},{"k":[21,0,0,24,0],"v":{"t":[4,1]}},{"k":[27,0,0,18,0],"v":{"t":[0,15]}},{"k":[24,0,0,21,0],"v":{"t":[6,1]}},{"k":[25,0,0,20,0],"v":{"t":[6,1]}},{"k":[22,0,0,23,0],"v":{"t":[6,1]}},{"k":[16,0,0,29,0],"v":{"t":[6,1]}},{"k":[30,0,0,16,0],"v":{"t":[5,1]}},{"k":[29,0,0,17,0],"v":{"t":[5,1]}},{"k":[23,0,0,23,0],"v":{"t":[4,1]}},{"k":[27,0,0,19,0],"v":{"t":[0,15]}},{"k":[20,0,0,26,0],"v":{"t":[0,15]}},{"k":[25,0,0,21,0],"v":{"t":[6,1]}},{"k":[24,0,0,22,0],"v":{"t":[6,1]}},{"k":[26,0,0,20,0],"v":{"t":[6,1]}},{"k":[22,0,0,24,0],"v":{"t":[6,1]}},{"k":[21,0,0,25,0],"v":{"t":[6,1]}},{"k":[16,0,0,30,0],"v":{"t":[6,1]}},{"k":[17,0,0,29,0],"v":{"t":[6,1]}},{"k":[29,0,0,18,0],"v":{"t":[5,1]}},{"k":[28,0,0,19,0],"v":{"t":[5,1]}},{"k":[20,0,0,27,0],"v":{"t":[4,1]}},{"k":[24,0,0,23,0],"v":{"t":[4,1]}},{"k":[27,0,0,20,0],"v":{"t":[0,15]}},{"k":[26,0,0,21,0],"v":{"t":[6,1]}},{"k":[25,0,0,22,0],"v":{"t":[6,1]}},{"k":[31,0,0,16,0],"v":{"t":[6,1]}},{"k":[30,0,0,17,0],"v":{"t":[6,1]}},{"k":[23,0,0,24,0],"v":{"t":[6,1]}},{"k":[22,0,0,25,0],"v":{"t":[6,1]}},{"k":[21,0,0,26,0],"v":{"t":[6,1]}},{"k":[16,0,0,31,0],"v":{"t":[6,1]}},{"k":[18,0,0,29,0],"v":{"t":[6,1]}},{"k":[28,0,0,20,0],"v":{"t":[5,1]}},{"k":[25,0,0,23,0],"v":{"t":[6,1]}},{"k":[20,0,0,28,0],"v":{"t":[4,1]}},{"k":[27,0,0,21,0],"v":{"t":[0,15]}},{"k":[26,0,0,22,0],"v":{"t":[0,15]}},{"k":[31,0,0,17,0],"v":{"t":[6,1]}},{"k":[30,0,0,18,0],"v":{"t":[6,1]}},{"k":[29,0,0,19,0],"v":{"t":[6,1]}},{"k":[24,0,0,24,0],"v":{"t":[6,1]}},{"k":[23,0,0,25,0],"v":{"t":[6,1]}},{"k":[22,0,0,26,0],"v":{"t":[6,1]}},{"k":[21,0,0,27,0],"v":{"t":[6,1]}},{"k":[19,0,0,29,0],"v":{"t":[6,1]}},{"k":[18,0,0,31,0],"v":{"t":[5,1]}},{"k":[19,0,0,30,0],"v":{"t":[4,1]}},{"k":[26,0,0,23,0],"v":{"t":[0,15]}},{"k":[25,0,0,24,0],"v":{"t":[0,15]}},{"k":[31,0,0,18,0],"v":{"t":[6,1]}},{"k":[30,0,0,19,0],"v":{"t":[6,1]}},{"k":[29,0,0,20,0],"v":{"t":[6,1]}},{"k":[28,0,0,21,0],"v":{"t":[6,1]}},{"k":[27,0,0,22,0],"v":{"t":[6,1]}},{"k":[24,0,0,25,0],"v":{"t":[6,1]}},{"k":[23,0,0,26,0],"v":{"t":[6,1]}},{"k":[22,0,0,27,0],"v":{"t":[6,1]}},{"k":[21,0,0,28,0],"v":{"t":[6,1]}},{"k":[20,0,0,29,0],"v":{"t":[6,1]}},{"k":[26,0,0,24,0],"v":{"t":[4,1]}},{"k":[25,0,0,25,0],"v":{"t":[0,15]}},{"k":[31,0,0,19,0],"v":{"t":[6,1]}},{"k":[30,0,0,20,0],"v":{"t":[6,1]}},{"k":[29,0,0,21,0],"v":{"t":[6,1]}},{"k":[28,0,0,22,0],"v":{"t":[6,1]}},{"k":[27,0,0,23,0],"v":{"t":[6,1]}},{"k":[19,0,0,31,0],"v":{"t":[6,1]}},{"k":[24,0,0,26,0],"v":{"t":[6,1]}},{"k":[23,0,0,27,0],"v":{"t":[6,1]}},{"k":[22,0,0,28,0],"v":{"t":[6,1]}},{"k":[21,0,0,29,0],"v":{"t":[6,1]}},{"k":[20,0,0,31,0],"v":{"t":[5,1]}},{"k":[25,0,0,26,0],"v":{"t":[0,15]}},{"k":[31,0,0,20,0],"v":{"t":[6,1]}},{"k":[30,0,0,21,0],"v":{"t":[6,1]}},{"k":[29,0,0,22,0],"v":{"t":[6,1]}},{"k":[28,0,0,23,0],"v":{"t":[6,1]}},{"k":[27,0,0,24,0],"v":{"t":[6,1]}},{"k":[24,0,0,27,0],"v":{"t":[6,1]}},{"k":[23,0,0,28,0],"v":{"t":[6,1]}},{"k":[21,0,0,30,0],"v":{"t":[6,1]}},{"k":[22,0,0,29,0],"v":{"t":[6,1]}},{"k":[27,0,0,25,0],"v":{"t":[4,1]}},{"k":[25,0,0,27,0],"v":{"t":[0,15]}},{"k":[31,0,0,21,0],"v":{"t":[6,1]}},{"k":[30,0,0,22,0],"v":{"t":[6,1]}},{"k":[29,0,0,23,0],"v":{"t":[6,1]}},{"k":[28,0,0,24,0],"v":{"t":[6,1]}},{"k":[24,0,0,28,0],"v":{"t":[6,1]}},{"k":[21,0,0,31,0],"v":{"t":[6,1]}},{"k":[23,0,0,29,0],"v":{"t":[6,1]}},{"k":[27,0,0,26,0],"v":{"t":[4,1]}},{"k":[31,0,0,22,0],"v":{"t":[6,1]}},{"k":[30,0,0,23,0],"v":{"t":[6,1]}},{"k":[29,0,0,24,0],"v":{"t":[6,1]}},{"k":[28,0,0,25,0],"v":{"t":[6,1]}},{"k":[22,0,0,31,0],"v":{"t":[6,1]}},{"k":[31,0,0,23,0],"v":{"t":[6,1]}},{"k":[30,0,0,24,0],"v":{"t":[6,1]}},{"k":[29,0,0,25,0],"v":{"t":[6,1]}},{"k":[28,0,0,26,0],"v":{"t":[6,1]}},{"k":[23,0,0,31,0],"v":{"t":[6,1]}},{"k":[28,0,0,27,0],"v":{"t":[4,1]}},{"k":[31,0,0,24,0],"v":{"t":[6,1]}},{"k":[30,0,0,25,0],"v":{"t":[6,1]}},{"k":[29,0,0,26,0],"v":{"t":[6,1]}},{"k":[28,0,0,28,0],"v":{"t":[4,1]}},{"k":[31,0,0,25,0],"v":{"t":[6,1]}},{"k":[30,0,0,26,0],"v":{"t":[6,1]}},{"k":[29,0,0,27,0],"v":{"t":[6,1]}},{"k":[25,0,0,31,0],"v":{"t":[6,1]}},{"k":[31,0,0,26,0],"v":{"t":[6,1]}},{"k":[30,0,0,27,0],"v":{"t":[6,1]}},{"k":[29,0,0,28,0],"v":{"t":[6,1]}},{"k":[28,0,0,29,0],"v":{"t":[6,1]}},{"k":[27,0,0,30,0],"v":{"t":[6,1]}},{"k":[26,0,0,31,0],"v":{"t":[6,1]}},{"k":[31,0,0,27,0],"v":{"t":[6,1]}},{"k":[30,0,0,28,0],"v":{"t":[6,1]}},{"k":[29,0,0,29,0],"v":{"t":[6,1]}},{"k":[28,0,0,30,0],"v":{"t":[6,1]}},{"k":[27,0,0,31,0],"v":{"t":[6,1]}},{"k":[29,0,0,30,0],"v":{"t":[4,1]}},{"k":[31,0,0,28,0],"v":{"t":[6,1]}},{"k":[30,0,0,29,0],"v":{"t":[6,1]}},{"k":[28,0,0,31,0],"v":{"t":[6,1]}},{"k":[31,0,0,29,0],"v":{"t":[6,1]}},{"k":[30,0,0,30,0],"v":{"t":[6,1]}},{"k":[29,0,0,31,0],"v":{"t":[6,1]}},{"k":[30,0,0,31,0],"v":{"t":[6,1]}},{"k":[16,0,0,16,0],"v":{"t":[6,1]}},{"k":[16,0,0,17,0],"v":{"t":[7,1]}},{"k":[17,0,0,17,0],"v":{"t":[6,1]}},{"k":[18,0,0,16,0],"v":{"t":[0,15]}},{"k":[16,0,0,18,0],"v":{"t":[7,1]}},{"k":[19,0,0,16,0],"v":{"t":[5,1]}},{"k":[17,0,0,18,0],"v":{"t":[6,1]}},{"k":[18,0,0,17,0],"v":{"t":[0,15]}},{"k":[16,0,0,19,0],"v":{"t":[7,1]}},{"k":[19,0,0,17,0],"v":{"t":[5,1]}},{"k":[18,0,0,18,0],"v":{"t":[0,15]}},{"k":[17,0,0,19,0],"v":{"t":[7,1]}},{"k":[16,0,0,20,0],"v":{"t":[7,1]}},{"k":[19,0,0,18,0],"v":{"t":[5,1]}},{"k":[18,0,0,19,0],"v":{"t":[6,1]}},{"k":[21,0,0,16,0],"v":{"t":[4,1]}},{"k":[16,0,0,21,0],"v":{"t":[0,15]}},{"k":[17,0,0,20,0],"v":{"t":[7,1]}},{"k":[18,0,0,20,0],"v":{"t":[6,1]}},{"k":[21,0,0,17,0],"v":{"t":[4,1]}},{"k":[17,0,0,21,0],"v":{"t":[0,15]}},{"k":[19,0,0,19,0],"v":{"t":[0,15]}},{"k":[22,0,0,16,0],"v":{"t":[6,1]}},{"k":[18,0,0,21,0],"v":{"t":[6,1]}},{"k":[21,0,0,18,0],"v":{"t":[4,1]}},{"k":[17,0,0,22,0],"v":{"t":[0,15]}},{"k":[19,0,0,20,0],"v":{"t":[0,15]}},{"k":[22,0,0,17,0],"v":{"t":[6,1]}},{"k":[23,0,0,16,0],"v":{"t":[6,1]}},{"k":[18,0,0,22,0],"v":{"t":[6,1]}},{"k":[21,0,0,19,0],"v":{"t":[4,1]}},{"k":[16,0,0,24,0],"v":{"t":[4,1]}},{"k":[19,0,0,21,0],"v":{"t":[0,15]}},{"k":[22,0,0,18,0],"v":{"t":[6,1]}},{"k":[23,0,0,17,0],"v":{"t":[6,1]}},{"k":[24,0,0,16,0],"v":{"t":[6,1]}},{"k":[25,0,0,16,0],"v":{"t":[5,1]}},{"k":[20,0,0,21,0],"v":{"t":[6,1]}},{"k":[21,0,0,20,0],"v":{"t":[4,1]}},{"k":[18,0,0,23,0],"v":{"t":[0,15]}},{"k":[17,0,0,24,0],"v":{"t":[0,15]}},{"k":[16,0,0,25,0],"v":{"t":[0,15]}},{"k":[19,0,0,22,0],"v":{"t":[0,15]}},{"k":[22,0,0,19,0],"v":{"t":[6,1]}},{"k":[23,0,0,18,0],"v":{"t":[6,1]}},{"k":[24,0,0,17,0],"v":{"t":[6,1]}}]},"moun":{"a":[],"o":[]},"objs":{"list":[{"k":[24,0,0,27,0],"v":{"events":[{"id":1,"name":"Hero action","p":[],"r":{"1":{"bh":true,"c":[{"command":[8,"",-1,0,0,1,"Would you like a name? "],"kind":1},{"command":[3,2,3,5,"-",1,"Yes","-",1,"No"],"kind":31},{"children":[{"command":[8,"",-1,0,0,1,"give yourself a name"],"kind":1},{"command":[4,1,3,12],"kind":60},{"command":[3,50,12,40,1,12,2],"kind":55},{"command":[8,"",-1,0,0,1,"[hname=1][hname=1] just a word just a word"],"kind":1}],"command":[1],"kind":32},{"children":[{"command":[8,"",-1,0,0,1,"We don't have names here. We don't have names here. We dont hadkgj ,masdv"],"kind":1}],"command":[2],"kind":32},{"command":[],"kind":33}]}},"sys":false}],"hId":-1,"id":5,"name":"OBJ0005","ooepf":false,"states":[{"cam":true,"climb":false,"dir":false,"gid":77,"gk":5,"id":1,"move":true,"name":"Normal","omk":1,"pix":true,"pos":false,"s":3,"stop":false,"sx":{"k":12,"v":1},"sy":{"k":12,"v":1},"sz":{"k":12,"v":1},"through":false,"x":0,"y":0}]}},{"k":[20,0,0,20,0],"v":{"events":[{"id":1,"name":"Hero action","p":[],"r":{"1":{"bh":true,"c":[{"command":[8,"",-1,0,0,1,"HERE where the roses blossom, where vines round the laurels are twining,\nWhere the turtle-dove calls, where the blithe cricket is heard,\nSay, whose grave can this be, with life by all the Immortals\n\n"],"kind":1},{"command":[8,"",-1,0,0,1,"Beauteously planted and deck'd?--Here doth Anacreon sleep\nSpring and summer and autumn rejoiced the thrice-happy minstrel,\nAnd from the winter this mound kindly hath screen'd him at last."],"kind":1}]}},"sys":false}],"hId":-1,"id":3,"name":"OBJ0003","ooepf":false,"states":[{"cam":true,"climb":false,"dir":false,"gid":74,"gk":4,"id":1,"move":true,"name":"Normal","pix":true,"pos":false,"s":5,"stop":false,"sx":{"k":12,"v":1},"sy":{"k":12,"v":1},"sz":{"k":12,"v":1},"through":false,"x":0,"y":0}]}}]},"objs3d":{"a":[],"o":[]},"sprites":{"list":[{"k":[29,0,0,29,0],"v":{"k":7,"t":[3,4,1,1]}},{"k":[16,0,0,26,0],"v":{"k":7,"t":[3,4,1,1]}},{"k":[17,0,0,31,0],"v":{"k":4,"t":[1,14,1,1]}}],"overflow":[],"walls":[]}}