{"lands":{"autotiles":[],"floors":[{"k":[32,0,0,32,0],"v":{"t":[6,1]}},{"k":[33,0,0,32,0],"v":{"t":[4,1]}},{"k":[32,0,0,33,0],"v":{"t":[6,1]}},{"k":[34,0,0,32,0],"v":{"t":[4,1]}},{"k":[33,0,0,33,0],"v":{"t":[4,1]}},{"k":[32,0,0,34,0],"v":{"t":[6,1]}},{"k":[35,0,0,32,0],"v":{"t":[4,1]}},{"k":[34,0,0,33,0],"v":{"t":[4,1]}},{"k":[32,0,0,35,0],"v":{"t":[6,1]}},{"k":[33,0,0,34,0],"v":{"t":[6,1]}},{"k":[36,0,0,32,0],"v":{"t":[4,1]}},{"k":[35,0,0,33,0],"v":{"t":[4,1]}},{"k":[32,0,0,36,0],"v":{"t":[6,1]}},{"k":[33,0,0,35,0],"v":{"t":[6,1]}},{"k":[34,0,0,34,0],"v":{"t":[6,1]}},{"k":[37,0,0,32,0],"v":{"t":[4,1]}},{"k":[36,0,0,33,0],"v":{"t":[6,1]}},{"k":[32,0,0,37,0],"v":{"t":[6,1]}},{"k":[33,0,0,36,0],"v":{"t":[6,1]}},{"k":[34,0,0,35,0],"v":{"t":[6,1]}},{"k":[35,0,0,34,0],"v":{"t":[6,1]}},{"k":[38,0,0,32,0],"v":{"t":[4,1]}},{"k":[37,0,0,33,0],"v":{"t":[6,1]}},{"k":[32,0,0,38,0],"v":{"t":[6,1]}},{"k":[33,0,0,37,0],"v":{"t":[6,1]}},{"k":[34,0,0,36,0],"v":{"t":[6,1]}},{"k":[35,0,0,35,0],"v":{"t":[6,1]}},{"k":[36,0,0,34,0],"v":{"t":[6,1]}},{"k":[38,0,0,33,0],"v":{"t":[4,1]}},{"k":[39,0,0,32,0],"v":{"t":[4,1]}},{"k":[32,0,0,39,0],"v":{"t":[6,1]}},{"k":[33,0,0,38,0],"v":{"t":[6,1]}},{"k":[34,0,0,37,0],"v":{"t":[6,1]}},{"k":[35,0,0,36,0],"v":{"t":[6,1]}},{"k":[36,0,0,35,0],"v":{"t":[6,1]}},{"k":[37,0,0,34,0],"v":{"t":[6,1]}},{"k":[38,0,0,34,0],"v":{"t":[4,1]}},{"k":[39,0,0,33,0],"v":{"t":[4,1]}},{"k":[33,0,0,39,0],"v":{"t":[6,1]}},{"k":[34,0,0,38,0],"v":{"t":[6,1]}},{"k":[35,0,0,37,0],"v":{"t":[6,1]}},{"k":[36,0,0,36,0],"v":{"t":[6,1]}},{"k":[37,0,0,35,0],"v":{"t":[6,1]}},{"k":[38,0,0,35,0],"v":{"t":[4,1]}},{"k":[39,0,0,34,0],"v":{"t":[4,1]}},{"k":[34,0,0,39,0],"v":{"t":[6,1]}},{"k":[35,0,0,38,0],"v":{"t":[6,1]}},{"k":[36,0,0,37,0],"v":{"t":[6,1]}},{"k":[37,0,0,36,0],"v":{"t":[6,1]}},{"k":[39,0,0,35,0],"v":{"t":[4,1]}},{"k":[38,0,0,36,0],"v":{"t":[4,1]}},{"k":[35,0,0,39,0],"v":{"t":[6,1]}},{"k":[36,0,0,38,0],"v":{"t":[6,1]}},{"k":[37,0,0,37,0],"v":{"t":[6,1]}},{"k":[39,0,0,36,0],"v":{"t":[4,1]}},{"k":[38,0,0,37,0],"v":{"t":[4,1]}},{"k":[36,0,0,39,0],"v":{"t":[6,1]}},{"k":[37,0,0,38,0],"v":{"t":[6,1]}},{"k":[39,0,0,37,0],"v":{"t":[4,1]}},{"k":[38,0,0,38,0],"v":{"t":[4,1]}},{"k":[37,0,0,39,0],"v":{"t":[6,1]}},{"k":[39,0,0,38,0],"v":{"t":[4,1]}},{"k":[38,0,0,39,0],"v":{"t":[4,1]}},{"k":[39,0,0,39,0],"v":{"t":[4,1]}}]},"moun":{"a":[],"o":[]},"objs":{"list":[]},"objs3d":{"a":[],"o":[]},"sprites":{"list":[],"overflow":[],"walls":[]}}