{"lands":{"autotiles":[],"floors":[{"k":[32,0,0,16,0],"v":{"t":[0,15]}},{"k":[32,0,0,17,0],"v":{"t":[0,15]}},{"k":[34,0,0,16,0],"v":{"t":[5,1]}},{"k":[32,0,0,18,0],"v":{"t":[0,15]}},{"k":[34,0,0,17,0],"v":{"t":[5,1]}},{"k":[35,0,0,16,0],"v":{"t":[4,1]}},{"k":[32,0,0,19,0],"v":{"t":[6,1]}},{"k":[34,0,0,18,0],"v":{"t":[5,1]}},{"k":[33,0,0,19,0],"v":{"t":[0,15]}},{"k":[36,0,0,16,0],"v":{"t":[4,1]}},{"k":[35,0,0,17,0],"v":{"t":[4,1]}},{"k":[32,0,0,20,0],"v":{"t":[6,1]}},{"k":[34,0,0,19,0],"v":{"t":[5,1]}},{"k":[33,0,0,20,0],"v":{"t":[0,15]}},{"k":[37,0,0,16,0],"v":{"t":[4,1]}},{"k":[36,0,0,17,0],"v":{"t":[4,1]}},{"k":[35,0,0,18,0],"v":{"t":[4,1]}},{"k":[32,0,0,21,0],"v":{"t":[6,1]}},{"k":[37,0,0,17,0],"v":{"t":[4,1]}},{"k":[38,0,0,16,0],"v":{"t":[4,1]}},{"k":[34,0,0,20,0],"v":{"t":[0,0]}},{"k":[33,0,0,21,0],"v":{"t":[0,15]}},{"k":[36,0,0,18,0],"v":{"t":[4,1]}},{"k":[35,0,0,19,0],"v":{"t":[4,1]}},{"k":[32,0,0,22,0],"v":{"t":[6,1]}},{"k":[36,0,0,19,0],"v":{"t":[4,1]}},{"k":[37,0,0,18,0],"v":{"t":[4,1]}},{"k":[33,0,0,22,0],"v":{"t":[0,15]}},{"k":[38,0,0,17,0],"v":{"t":[4,1]}},{"k":[39,0,0,16,0],"v":{"t":[4,1]}},{"k":[35,0,0,20,0],"v":{"t":[4,1]}},{"k":[32,0,0,23,0],"v":{"t":[6,1]}},{"k":[35,0,0,21,0],"v":{"t":[4,1]}},{"k":[36,0,0,20,0],"v":{"t":[4,1]}},{"k":[33,0,0,23,0],"v":{"t":[0,15]}},{"k":[32,0,0,24,0],"v":{"t":[0,15]}},{"k":[37,0,0,19,0],"v":{"t":[4,1]}},{"k":[38,0,0,18,0],"v":{"t":[4,1]}},{"k":[39,0,0,17,0],"v":{"t":[4,1]}},{"k":[34,0,0,23,0],"v":{"t":[4,1]}},{"k":[35,0,0,22,0],"v":{"t":[4,1]}},{"k":[32,0,0,25,0],"v":{"t":[0,15]}},{"k":[36,0,0,21,0],"v":{"t":[4,1]}},{"k":[37,0,0,20,0],"v":{"t":[4,1]}},{"k":[38,0,0,19,0],"v":{"t":[4,1]}},{"k":[39,0,0,18,0],"v":{"t":[4,1]}},{"k":[35,0,0,23,0],"v":{"t":[5,1]}},{"k":[33,0,0,25,0],"v":{"t":[4,1]}},{"k":[34,0,0,24,0],"v":{"t":[4,1]}},{"k":[32,0,0,26,0],"v":{"t":[0,15]}},{"k":[36,0,0,22,0],"v":{"t":[4,1]}},{"k":[37,0,0,21,0],"v":{"t":[4,1]}},{"k":[38,0,0,20,0],"v":{"t":[4,1]}},{"k":[39,0,0,19,0],"v":{"t":[4,1]}},{"k":[32,0,0,27,0],"v":{"t":[0,15]}},{"k":[36,0,0,23,0],"v":{"t":[4,1]}},{"k":[37,0,0,22,0],"v":{"t":[4,1]}},{"k":[38,0,0,21,0],"v":{"t":[4,1]}},{"k":[39,0,0,20,0],"v":{"t":[4,1]}},{"k":[35,0,0,24,0],"v":{"t":[6,1]}},{"k":[34,0,0,25,0],"v":{"t":[6,1]}},{"k":[33,0,0,26,0],"v":{"t":[6,1]}},{"k":[36,0,0,24,0],"v":{"t":[5,1]}},{"k":[37,0,0,23,0],"v":{"t":[4,1]}},{"k":[38,0,0,22,0],"v":{"t":[4,1]}},{"k":[39,0,0,21,0],"v":{"t":[4,1]}},{"k":[35,0,0,25,0],"v":{"t":[6,1]}},{"k":[34,0,0,26,0],"v":{"t":[6,1]}},{"k":[33,0,0,27,0],"v":{"t":[6,1]}},{"k":[32,0,0,28,0],"v":{"t":[6,1]}},{"k":[36,0,0,25,0],"v":{"t":[5,1]}},{"k":[37,0,0,24,0],"v":{"t":[4,1]}},{"k":[38,0,0,23,0],"v":{"t":[4,1]}},{"k":[39,0,0,22,0],"v":{"t":[4,1]}},{"k":[35,0,0,26,0],"v":{"t":[6,1]}},{"k":[34,0,0,27,0],"v":{"t":[6,1]}},{"k":[33,0,0,28,0],"v":{"t":[6,1]}},{"k":[32,0,0,29,0],"v":{"t":[6,1]}},{"k":[36,0,0,26,0],"v":{"t":[5,1]}},{"k":[37,0,0,25,0],"v":{"t":[4,1]}},{"k":[38,0,0,24,0],"v":{"t":[4,1]}},{"k":[39,0,0,23,0],"v":{"t":[4,1]}},{"k":[35,0,0,27,0],"v":{"t":[6,1]}},{"k":[34,0,0,28,0],"v":{"t":[6,1]}},{"k":[32,0,0,30,0],"v":{"t":[6,1]}},{"k":[33,0,0,29,0],"v":{"t":[6,1]}},{"k":[36,0,0,27,0],"v":{"t":[5,1]}},{"k":[37,0,0,26,0],"v":{"t":[4,1]}},{"k":[38,0,0,25,0],"v":{"t":[4,1]}},{"k":[39,0,0,24,0],"v":{"t":[4,1]}},{"k":[35,0,0,28,0],"v":{"t":[6,1]}},{"k":[32,0,0,31,0],"v":{"t":[6,1]}},{"k":[33,0,0,30,0],"v":{"t":[6,1]}},{"k":[34,0,0,29,0],"v":{"t":[6,1]}},{"k":[33,0,0,31,0],"v":{"t":[5,1]}},{"k":[34,0,0,30,0],"v":{"t":[5,1]}},{"k":[35,0,0,29,0],"v":{"t":[5,1]}},{"k":[36,0,0,28,0],"v":{"t":[5,1]}},{"k":[37,0,0,27,0],"v":{"t":[4,1]}},{"k":[38,0,0,26,0],"v":{"t":[4,1]}},{"k":[39,0,0,25,0],"v":{"t":[4,1]}},{"k":[34,0,0,31,0],"v":{"t":[4,1]}},{"k":[35,0,0,30,0],"v":{"t":[4,1]}},{"k":[36,0,0,29,0],"v":{"t":[4,1]}},{"k":[37,0,0,28,0],"v":{"t":[4,1]}},{"k":[38,0,0,27,0],"v":{"t":[4,1]}},{"k":[39,0,0,26,0],"v":{"t":[4,1]}},{"k":[35,0,0,31,0],"v":{"t":[4,1]}},{"k":[36,0,0,30,0],"v":{"t":[4,1]}},{"k":[37,0,0,29,0],"v":{"t":[4,1]}},{"k":[38,0,0,28,0],"v":{"t":[4,1]}},{"k":[39,0,0,27,0],"v":{"t":[4,1]}},{"k":[36,0,0,31,0],"v":{"t":[4,1]}},{"k":[37,0,0,30,0],"v":{"t":[4,1]}},{"k":[38,0,0,29,0],"v":{"t":[4,1]}},{"k":[39,0,0,28,0],"v":{"t":[4,1]}},{"k":[37,0,0,31,0],"v":{"t":[4,1]}},{"k":[38,0,0,30,0],"v":{"t":[4,1]}},{"k":[39,0,0,29,0],"v":{"t":[4,1]}},{"k":[38,0,0,31,0],"v":{"t":[4,1]}},{"k":[39,0,0,30,0],"v":{"t":[4,1]}},{"k":[39,0,0,31,0],"v":{"t":[4,1]}}]},"moun":{"a":[],"o":[]},"objs":{"list":[{"k":[34,0,0,25,0],"v":{"events":[{"id":1,"name":"Hero action","p":[],"r":{"1":{"bh":true,"c":[{"command":[8,"",-1,0,0,1,"hello my name is buddha mouse"],"kind":1},{"command":[8,"",-1,0,0,1,"do you know about the mycelial network?"],"kind":1},{"command":[8,"",-1,0,0,1,"everything is interconnected i love to eat mushroom"],"kind":1}]}},"sys":false}],"hId":-1,"id":6,"name":"rat","ooepf":false,"states":[{"cam":true,"climb":false,"dir":false,"gid":15,"gk":4,"id":1,"move":true,"name":"Normal","omk":1,"pix":true,"pos":false,"stop":false,"sx":{"k":12,"v":1},"sy":{"k":12,"v":1},"sz":{"k":12,"v":1},"through":false,"x":0,"y":0}]}}]},"objs3d":{"a":[],"o":[]},"sprites":{"list":[],"overflow":[],"walls":[]}}