{"lands":{"autotiles":[],"floors":[{"k":[32,0,0,0,0],"v":{"t":[7,1]}},{"k":[32,0,0,1,0],"v":{"t":[7,1]}},{"k":[33,0,0,0,0],"v":{"t":[7,1]}},{"k":[32,0,0,2,0],"v":{"t":[5,1]}},{"k":[33,0,0,1,0],"v":{"t":[5,1]}},{"k":[34,0,0,0,0],"v":{"t":[5,1]}},{"k":[32,0,0,3,0],"v":{"t":[4,1]}},{"k":[33,0,0,2,0],"v":{"t":[4,1]}},{"k":[34,0,0,1,0],"v":{"t":[4,1]}},{"k":[35,0,0,0,0],"v":{"t":[4,1]}},{"k":[32,0,0,4,0],"v":{"t":[4,1]}},{"k":[33,0,0,3,0],"v":{"t":[4,1]}},{"k":[34,0,0,2,0],"v":{"t":[4,1]}},{"k":[35,0,0,1,0],"v":{"t":[4,1]}},{"k":[36,0,0,0,0],"v":{"t":[4,1]}},{"k":[32,0,0,5,0],"v":{"t":[4,1]}},{"k":[33,0,0,4,0],"v":{"t":[4,1]}},{"k":[34,0,0,3,0],"v":{"t":[4,1]}},{"k":[35,0,0,2,0],"v":{"t":[4,1]}},{"k":[36,0,0,1,0],"v":{"t":[4,1]}},{"k":[37,0,0,0,0],"v":{"t":[4,1]}},{"k":[32,0,0,6,0],"v":{"t":[4,1]}},{"k":[33,0,0,5,0],"v":{"t":[4,1]}},{"k":[34,0,0,4,0],"v":{"t":[4,1]}},{"k":[35,0,0,3,0],"v":{"t":[4,1]}},{"k":[36,0,0,2,0],"v":{"t":[4,1]}},{"k":[37,0,0,1,0],"v":{"t":[4,1]}},{"k":[38,0,0,0,0],"v":{"t":[4,1]}},{"k":[32,0,0,7,0],"v":{"t":[4,1]}},{"k":[33,0,0,6,0],"v":{"t":[4,1]}},{"k":[34,0,0,5,0],"v":{"t":[4,1]}},{"k":[35,0,0,4,0],"v":{"t":[4,1]}},{"k":[36,0,0,3,0],"v":{"t":[4,1]}},{"k":[37,0,0,2,0],"v":{"t":[4,1]}},{"k":[38,0,0,1,0],"v":{"t":[4,1]}},{"k":[39,0,0,0,0],"v":{"t":[4,1]}},{"k":[32,0,0,8,0],"v":{"t":[4,1]}},{"k":[33,0,0,7,0],"v":{"t":[4,1]}},{"k":[34,0,0,6,0],"v":{"t":[4,1]}},{"k":[35,0,0,5,0],"v":{"t":[4,1]}},{"k":[36,0,0,4,0],"v":{"t":[4,1]}},{"k":[37,0,0,3,0],"v":{"t":[4,1]}},{"k":[38,0,0,2,0],"v":{"t":[4,1]}},{"k":[39,0,0,1,0],"v":{"t":[4,1]}},{"k":[32,0,0,9,0],"v":{"t":[4,1]}},{"k":[33,0,0,8,0],"v":{"t":[4,1]}},{"k":[34,0,0,7,0],"v":{"t":[4,1]}},{"k":[35,0,0,6,0],"v":{"t":[4,1]}},{"k":[36,0,0,5,0],"v":{"t":[4,1]}},{"k":[37,0,0,4,0],"v":{"t":[4,1]}},{"k":[38,0,0,3,0],"v":{"t":[4,1]}},{"k":[39,0,0,2,0],"v":{"t":[4,1]}},{"k":[32,0,0,10,0],"v":{"t":[4,1]}},{"k":[33,0,0,9,0],"v":{"t":[4,1]}},{"k":[34,0,0,8,0],"v":{"t":[4,1]}},{"k":[35,0,0,7,0],"v":{"t":[4,1]}},{"k":[36,0,0,6,0],"v":{"t":[4,1]}},{"k":[37,0,0,5,0],"v":{"t":[4,1]}},{"k":[38,0,0,4,0],"v":{"t":[4,1]}},{"k":[39,0,0,3,0],"v":{"t":[4,1]}},{"k":[32,0,0,11,0],"v":{"t":[4,1]}},{"k":[33,0,0,10,0],"v":{"t":[4,1]}},{"k":[34,0,0,9,0],"v":{"t":[4,1]}},{"k":[35,0,0,8,0],"v":{"t":[4,1]}},{"k":[36,0,0,7,0],"v":{"t":[4,1]}},{"k":[37,0,0,6,0],"v":{"t":[4,1]}},{"k":[38,0,0,5,0],"v":{"t":[4,1]}},{"k":[39,0,0,4,0],"v":{"t":[4,1]}},{"k":[32,0,0,12,0],"v":{"t":[4,1]}},{"k":[33,0,0,11,0],"v":{"t":[4,1]}},{"k":[34,0,0,10,0],"v":{"t":[4,1]}},{"k":[35,0,0,9,0],"v":{"t":[4,1]}},{"k":[36,0,0,8,0],"v":{"t":[4,1]}},{"k":[37,0,0,7,0],"v":{"t":[4,1]}},{"k":[38,0,0,6,0],"v":{"t":[4,1]}},{"k":[39,0,0,5,0],"v":{"t":[4,1]}},{"k":[32,0,0,13,0],"v":{"t":[5,1]}},{"k":[33,0,0,12,0],"v":{"t":[4,1]}},{"k":[34,0,0,11,0],"v":{"t":[4,1]}},{"k":[35,0,0,10,0],"v":{"t":[4,1]}},{"k":[36,0,0,9,0],"v":{"t":[4,1]}},{"k":[37,0,0,8,0],"v":{"t":[4,1]}},{"k":[38,0,0,7,0],"v":{"t":[4,1]}},{"k":[39,0,0,6,0],"v":{"t":[4,1]}},{"k":[33,0,0,13,0],"v":{"t":[5,1]}},{"k":[32,0,0,14,0],"v":{"t":[0,15]}},{"k":[34,0,0,12,0],"v":{"t":[4,1]}},{"k":[35,0,0,11,0],"v":{"t":[4,1]}},{"k":[36,0,0,10,0],"v":{"t":[4,1]}},{"k":[37,0,0,9,0],"v":{"t":[4,1]}},{"k":[38,0,0,8,0],"v":{"t":[4,1]}},{"k":[39,0,0,7,0],"v":{"t":[4,1]}},{"k":[33,0,0,14,0],"v":{"t":[5,1]}},{"k":[32,0,0,15,0],"v":{"t":[0,15]}},{"k":[35,0,0,12,0],"v":{"t":[4,1]}},{"k":[36,0,0,11,0],"v":{"t":[4,1]}},{"k":[34,0,0,13,0],"v":{"t":[4,1]}},{"k":[37,0,0,10,0],"v":{"t":[4,1]}},{"k":[38,0,0,9,0],"v":{"t":[4,1]}},{"k":[39,0,0,8,0],"v":{"t":[4,1]}},{"k":[36,0,0,12,0],"v":{"t":[4,1]}},{"k":[35,0,0,13,0],"v":{"t":[4,1]}},{"k":[37,0,0,11,0],"v":{"t":[4,1]}},{"k":[34,0,0,14,0],"v":{"t":[4,1]}},{"k":[38,0,0,10,0],"v":{"t":[4,1]}},{"k":[39,0,0,9,0],"v":{"t":[4,1]}},{"k":[34,0,0,15,0],"v":{"t":[5,1]}},{"k":[37,0,0,12,0],"v":{"t":[4,1]}},{"k":[36,0,0,13,0],"v":{"t":[4,1]}},{"k":[35,0,0,14,0],"v":{"t":[4,1]}},{"k":[38,0,0,11,0],"v":{"t":[4,1]}},{"k":[39,0,0,10,0],"v":{"t":[4,1]}},{"k":[38,0,0,12,0],"v":{"t":[4,1]}},{"k":[37,0,0,13,0],"v":{"t":[4,1]}},{"k":[36,0,0,14,0],"v":{"t":[4,1]}},{"k":[35,0,0,15,0],"v":{"t":[4,1]}},{"k":[39,0,0,11,0],"v":{"t":[4,1]}},{"k":[39,0,0,12,0],"v":{"t":[4,1]}},{"k":[38,0,0,13,0],"v":{"t":[4,1]}},{"k":[37,0,0,14,0],"v":{"t":[4,1]}},{"k":[36,0,0,15,0],"v":{"t":[4,1]}},{"k":[39,0,0,13,0],"v":{"t":[4,1]}},{"k":[38,0,0,14,0],"v":{"t":[4,1]}},{"k":[37,0,0,15,0],"v":{"t":[4,1]}},{"k":[38,0,0,15,0],"v":{"t":[4,1]}},{"k":[39,0,0,14,0],"v":{"t":[4,1]}},{"k":[39,0,0,15,0],"v":{"t":[4,1]}}]},"moun":{"a":[],"o":[]},"objs":{"list":[{"k":[39,0,0,1,0],"v":{"events":[{"id":1,"name":"Hero action","p":[],"r":{"1":{"bh":true,"c":[{"command":[3,2,3,5,"-",1,"lay down?","-",1,"No"],"kind":31},{"children":[{"command":[3,-7,3,0,3,0,3,0,1,0,7,1,1,12,2],"kind":40},{"command":[7,0,0,5,14,0,0,1,0,0,0],"kind":20}],"command":[1],"kind":32},{"children":[],"command":[2],"kind":32},{"command":[],"kind":33}]}},"sys":false}],"hId":-1,"id":7,"name":"portal","ooepf":false,"states":[{"cam":true,"climb":false,"dir":false,"gid":-1,"gk":0,"id":1,"move":true,"name":"Normal","pix":true,"pos":false,"stop":false,"sx":{"k":12,"v":1},"sy":{"k":12,"v":1},"sz":{"k":12,"v":1},"through":false,"x":0,"y":0}]}}]},"objs3d":{"a":[{"k":[38,0,0,1,0],"v":{"did":86}}],"o":[]},"sprites":{"list":[{"k":[32,0,0,14,0],"v":{"k":7,"t":[3,4,1,1]}}],"overflow":[],"walls":[]}}