{"lands":{"autotiles":[],"floors":[{"k":[41,0,0,32,0],"v":{"t":[0,0]}},{"k":[40,0,0,33,0],"v":{"t":[0,0]}},{"k":[42,0,0,32,0],"v":{"t":[0,0]}},{"k":[41,0,0,33,0],"v":{"t":[0,0]}},{"k":[43,0,0,32,0],"v":{"t":[0,0]}},{"k":[42,0,0,33,0],"v":{"t":[0,0]}},{"k":[44,0,0,32,0],"v":{"t":[0,0]}},{"k":[43,0,0,33,0],"v":{"t":[0,0]}},{"k":[44,0,0,33,0],"v":{"t":[0,0]}},{"k":[32,0,0,32,0],"v":{"t":[0,0]}},{"k":[33,0,0,32,0],"v":{"t":[0,0]}},{"k":[32,0,0,33,0],"v":{"t":[0,0]}},{"k":[34,0,0,32,0],"v":{"t":[0,0]}},{"k":[33,0,0,33,0],"v":{"t":[0,0]}},{"k":[35,0,0,32,0],"v":{"t":[0,0]}},{"k":[34,0,0,33,0],"v":{"t":[0,0]}},{"k":[36,0,0,32,0],"v":{"t":[0,0]}},{"k":[35,0,0,33,0],"v":{"t":[0,0]}},{"k":[37,0,0,32,0],"v":{"t":[0,0]}},{"k":[36,0,0,33,0],"v":{"t":[0,0]}},{"k":[38,0,0,32,0],"v":{"t":[0,0]}},{"k":[37,0,0,33,0],"v":{"t":[0,0]}},{"k":[39,0,0,32,0],"v":{"t":[0,0]}},{"k":[38,0,0,33,0],"v":{"t":[0,0]}},{"k":[40,0,0,32,0],"v":{"t":[0,0]}},{"k":[39,0,0,33,0],"v":{"t":[0,0]}}]},"moun":{"a":[],"o":[]},"objs":{"list":[{"k":[43,0,0,32,0],"v":{"events":[{"id":2,"name":"Hero touch","p":[],"r":{"1":{"bh":false,"c":[]},"2":{"bh":true,"c":[]},"3":{"bh":true,"c":[]},"4":{"bh":true,"c":[{"command":[8,"",-1,0,0,1,"mrowmmrrrrOaou!"],"kind":1}]},"5":{"bh":true,"c":[]}},"sys":false},{"id":3,"name":"Enemy touch","p":[],"r":{"1":{"bh":true,"c":[{"command":[8,"",-1,0,0,1,"mmrrmRRaAoouuuU!"],"kind":1},{"command":[7,0,0,11,0,0,0,0,0,0,0],"kind":20}]},"2":{"bh":true,"c":[]},"3":{"bh":true,"c":[{"command":[8,"",-1,0,0,1,"mrow mrow u escape my puzzle!! \nhere have this present from me\nim a meow meow kitty"],"kind":1},{"command":[8,"",-1,0,0,1,"mmiiIWuuw the present is a can of VM&P Naphtha mrowmrow\n"],"kind":1},{"command":[0,7,46,1,3,1],"kind":13},{"command":[7,-1,7,-1,7,4,0],"kind":18}]},"4":{"bh":true,"c":[]},"5":{"bh":true,"c":[]}},"sys":false},{"id":1,"name":"Time","p":[{"id":1,"name":"Interval","v":{"k":2,"v":null}},{"id":2,"name":"Repeat","v":{"k":2,"v":null}}],"r":{"1":{"bh":false,"c":[{"command":[7,-1,0,1,0,9,0],"kind":21}]},"2":{"bh":true,"c":[]},"3":{"bh":true,"c":[{"command":[7,-1,0,1,0,9,0],"kind":21}]},"4":{"bh":true,"c":[]},"5":{"bh":true,"c":[]}},"sys":true}],"hId":-1,"id":2,"name":"kitty","ooepf":false,"states":[{"cam":true,"climb":false,"dir":false,"gid":52,"gk":4,"id":1,"move":true,"name":"Normal","omk":1,"pix":true,"pos":false,"s":2,"stop":false,"sx":{"k":12,"v":1},"sy":{"k":12,"v":1},"sz":{"k":12,"v":1},"through":false,"x":0,"y":0},{"cam":true,"climb":false,"dir":false,"gid":52,"gk":4,"id":3,"move":true,"name":"third","pix":true,"pos":false,"stop":false,"sx":{"k":12,"v":1},"sy":{"k":12,"v":1},"sz":{"k":12,"v":1},"through":false,"x":0,"y":0},{"cam":true,"climb":false,"dir":false,"gid":-1,"gk":0,"id":2,"move":true,"name":"NO EXISTO","pix":true,"pos":false,"stop":false,"sx":{"k":12,"v":1},"sy":{"k":12,"v":1},"sz":{"k":12,"v":1},"through":false,"x":0,"y":0},{"cam":true,"climb":false,"dir":false,"gid":52,"gk":4,"id":4,"move":true,"name":"fourth","pix":true,"pos":false,"stop":false,"sx":{"k":12,"v":1},"sy":{"k":12,"v":1},"sz":{"k":12,"v":1},"through":false,"x":0,"y":0},{"cam":true,"climb":false,"dir":false,"gid":52,"gk":4,"id":5,"move":true,"name":"5","pix":true,"pos":false,"stop":false,"sx":{"k":12,"v":1},"sy":{"k":12,"v":1},"sz":{"k":12,"v":1},"through":false,"x":0,"y":0}]}}]},"objs3d":{"a":[],"o":[]},"sprites":{"list":[],"overflow":[],"walls":[]}}