{"lands":{"autotiles":[],"floors":[{"k":[44,0,0,30,0],"v":{"t":[0,0]}},{"k":[43,0,0,31,0],"v":{"t":[0,0]}},{"k":[44,0,0,29,0],"v":{"t":[0,0]}},{"k":[43,0,0,30,0],"v":{"t":[0,0]}},{"k":[42,0,0,31,0],"v":{"t":[0,0]}},{"k":[44,0,0,31,0],"v":{"t":[0,0]}},{"k":[44,0,0,22,0],"v":{"t":[0,0]}},{"k":[43,0,0,23,0],"v":{"t":[0,0]}},{"k":[42,0,0,24,0],"v":{"t":[0,0]}},{"k":[41,0,0,25,0],"v":{"t":[0,0]}},{"k":[40,0,0,26,0],"v":{"t":[0,0]}},{"k":[39,0,0,27,0],"v":{"t":[0,0]}},{"k":[38,0,0,28,0],"v":{"t":[0,0]}},{"k":[37,0,0,29,0],"v":{"t":[0,0]}},{"k":[36,0,0,30,0],"v":{"t":[0,0]}},{"k":[35,0,0,31,0],"v":{"t":[0,0]}},{"k":[43,0,0,22,0],"v":{"t":[0,0]}},{"k":[42,0,0,23,0],"v":{"t":[0,0]}},{"k":[41,0,0,24,0],"v":{"t":[0,0]}},{"k":[40,0,0,25,0],"v":{"t":[0,0]}},{"k":[39,0,0,26,0],"v":{"t":[0,0]}},{"k":[38,0,0,27,0],"v":{"t":[0,0]}},{"k":[37,0,0,28,0],"v":{"t":[0,0]}},{"k":[36,0,0,29,0],"v":{"t":[0,0]}},{"k":[35,0,0,30,0],"v":{"t":[0,0]}},{"k":[34,0,0,31,0],"v":{"t":[0,0]}},{"k":[44,0,0,21,0],"v":{"t":[0,0]}},{"k":[44,0,0,24,0],"v":{"t":[0,0]}},{"k":[43,0,0,25,0],"v":{"t":[0,0]}},{"k":[42,0,0,26,0],"v":{"t":[0,0]}},{"k":[41,0,0,27,0],"v":{"t":[0,0]}},{"k":[40,0,0,28,0],"v":{"t":[0,0]}},{"k":[39,0,0,29,0],"v":{"t":[0,0]}},{"k":[38,0,0,30,0],"v":{"t":[0,0]}},{"k":[37,0,0,31,0],"v":{"t":[0,0]}},{"k":[44,0,0,23,0],"v":{"t":[0,0]}},{"k":[43,0,0,24,0],"v":{"t":[0,0]}},{"k":[42,0,0,25,0],"v":{"t":[0,0]}},{"k":[41,0,0,26,0],"v":{"t":[0,0]}},{"k":[40,0,0,27,0],"v":{"t":[0,0]}},{"k":[39,0,0,28,0],"v":{"t":[0,0]}},{"k":[38,0,0,29,0],"v":{"t":[0,0]}},{"k":[37,0,0,30,0],"v":{"t":[0,0]}},{"k":[36,0,0,31,0],"v":{"t":[0,0]}},{"k":[44,0,0,26,0],"v":{"t":[0,0]}},{"k":[43,0,0,27,0],"v":{"t":[0,0]}},{"k":[42,0,0,28,0],"v":{"t":[0,0]}},{"k":[41,0,0,29,0],"v":{"t":[0,0]}},{"k":[40,0,0,30,0],"v":{"t":[0,0]}},{"k":[39,0,0,31,0],"v":{"t":[0,0]}},{"k":[44,0,0,25,0],"v":{"t":[0,0]}},{"k":[43,0,0,26,0],"v":{"t":[0,0]}},{"k":[42,0,0,27,0],"v":{"t":[0,0]}},{"k":[41,0,0,28,0],"v":{"t":[0,0]}},{"k":[40,0,0,29,0],"v":{"t":[0,0]}},{"k":[39,0,0,30,0],"v":{"t":[0,0]}},{"k":[38,0,0,31,0],"v":{"t":[0,0]}},{"k":[44,0,0,28,0],"v":{"t":[0,0]}},{"k":[43,0,0,29,0],"v":{"t":[0,0]}},{"k":[42,0,0,30,0],"v":{"t":[0,0]}},{"k":[41,0,0,31,0],"v":{"t":[0,0]}},{"k":[44,0,0,27,0],"v":{"t":[0,0]}},{"k":[43,0,0,28,0],"v":{"t":[0,0]}},{"k":[42,0,0,29,0],"v":{"t":[0,0]}},{"k":[41,0,0,30,0],"v":{"t":[0,0]}},{"k":[40,0,0,31,0],"v":{"t":[0,0]}},{"k":[36,0,0,22,0],"v":{"t":[0,0]}},{"k":[35,0,0,23,0],"v":{"t":[0,0]}},{"k":[34,0,0,24,0],"v":{"t":[0,0]}},{"k":[33,0,0,25,0],"v":{"t":[0,0]}},{"k":[32,0,0,26,0],"v":{"t":[0,0]}},{"k":[37,0,0,21,0],"v":{"t":[0,0]}},{"k":[38,0,0,20,0],"v":{"t":[0,0]}},{"k":[39,0,0,19,0],"v":{"t":[0,0]}},{"k":[40,0,0,18,0],"v":{"t":[0,0]}},{"k":[41,0,0,17,0],"v":{"t":[0,0]}},{"k":[42,0,0,16,0],"v":{"t":[0,0]}},{"k":[35,0,0,22,0],"v":{"t":[0,0]}},{"k":[34,0,0,23,0],"v":{"t":[0,0]}},{"k":[33,0,0,24,0],"v":{"t":[0,0]}},{"k":[32,0,0,25,0],"v":{"t":[0,0]}},{"k":[36,0,0,21,0],"v":{"t":[0,0]}},{"k":[37,0,0,20,0],"v":{"t":[0,0]}},{"k":[38,0,0,19,0],"v":{"t":[0,0]}},{"k":[39,0,0,18,0],"v":{"t":[0,0]}},{"k":[40,0,0,17,0],"v":{"t":[0,0]}},{"k":[41,0,0,16,0],"v":{"t":[0,0]}},{"k":[38,0,0,22,0],"v":{"t":[0,0]}},{"k":[37,0,0,23,0],"v":{"t":[0,0]}},{"k":[36,0,0,24,0],"v":{"t":[0,0]}},{"k":[35,0,0,25,0],"v":{"t":[0,0]}},{"k":[34,0,0,26,0],"v":{"t":[0,0]}},{"k":[33,0,0,27,0],"v":{"t":[0,0]}},{"k":[32,0,0,28,0],"v":{"t":[0,0]}},{"k":[39,0,0,21,0],"v":{"t":[0,0]}},{"k":[40,0,0,20,0],"v":{"t":[0,0]}},{"k":[41,0,0,19,0],"v":{"t":[0,0]}},{"k":[42,0,0,18,0],"v":{"t":[0,0]}},{"k":[43,0,0,17,0],"v":{"t":[0,0]}},{"k":[44,0,0,16,0],"v":{"t":[0,0]}},{"k":[37,0,0,22,0],"v":{"t":[0,0]}},{"k":[36,0,0,23,0],"v":{"t":[0,0]}},{"k":[35,0,0,24,0],"v":{"t":[0,0]}},{"k":[34,0,0,25,0],"v":{"t":[0,0]}},{"k":[33,0,0,26,0],"v":{"t":[0,0]}},{"k":[32,0,0,27,0],"v":{"t":[0,0]}},{"k":[38,0,0,21,0],"v":{"t":[0,0]}},{"k":[39,0,0,20,0],"v":{"t":[0,0]}},{"k":[40,0,0,19,0],"v":{"t":[0,0]}},{"k":[41,0,0,18,0],"v":{"t":[0,0]}},{"k":[42,0,0,17,0],"v":{"t":[0,0]}},{"k":[43,0,0,16,0],"v":{"t":[0,0]}},{"k":[40,0,0,22,0],"v":{"t":[0,0]}},{"k":[39,0,0,23,0],"v":{"t":[0,0]}},{"k":[38,0,0,24,0],"v":{"t":[0,0]}},{"k":[37,0,0,25,0],"v":{"t":[0,0]}},{"k":[36,0,0,26,0],"v":{"t":[0,0]}},{"k":[35,0,0,27,0],"v":{"t":[0,0]}},{"k":[34,0,0,28,0],"v":{"t":[0,0]}},{"k":[33,0,0,29,0],"v":{"t":[0,0]}},{"k":[32,0,0,30,0],"v":{"t":[0,0]}},{"k":[41,0,0,21,0],"v":{"t":[0,0]}},{"k":[42,0,0,20,0],"v":{"t":[0,0]}},{"k":[43,0,0,19,0],"v":{"t":[0,0]}},{"k":[44,0,0,18,0],"v":{"t":[0,0]}},{"k":[39,0,0,22,0],"v":{"t":[0,0]}},{"k":[38,0,0,23,0],"v":{"t":[0,0]}},{"k":[37,0,0,24,0],"v":{"t":[0,0]}},{"k":[36,0,0,25,0],"v":{"t":[0,0]}},{"k":[35,0,0,26,0],"v":{"t":[0,0]}},{"k":[34,0,0,27,0],"v":{"t":[0,0]}},{"k":[33,0,0,28,0],"v":{"t":[0,0]}},{"k":[32,0,0,29,0],"v":{"t":[0,0]}},{"k":[40,0,0,21,0],"v":{"t":[0,0]}},{"k":[41,0,0,20,0],"v":{"t":[0,0]}},{"k":[42,0,0,19,0],"v":{"t":[0,0]}},{"k":[43,0,0,18,0],"v":{"t":[0,0]}},{"k":[44,0,0,17,0],"v":{"t":[0,0]}},{"k":[42,0,0,22,0],"v":{"t":[0,0]}},{"k":[41,0,0,23,0],"v":{"t":[0,0]}},{"k":[40,0,0,24,0],"v":{"t":[0,0]}},{"k":[39,0,0,25,0],"v":{"t":[0,0]}},{"k":[38,0,0,26,0],"v":{"t":[0,0]}},{"k":[37,0,0,27,0],"v":{"t":[0,0]}},{"k":[36,0,0,28,0],"v":{"t":[0,0]}},{"k":[35,0,0,29,0],"v":{"t":[0,0]}},{"k":[34,0,0,30,0],"v":{"t":[0,0]}},{"k":[33,0,0,31,0],"v":{"t":[0,0]}},{"k":[43,0,0,21,0],"v":{"t":[0,0]}},{"k":[44,0,0,20,0],"v":{"t":[0,0]}},{"k":[41,0,0,22,0],"v":{"t":[0,0]}},{"k":[40,0,0,23,0],"v":{"t":[0,0]}},{"k":[39,0,0,24,0],"v":{"t":[0,0]}},{"k":[38,0,0,25,0],"v":{"t":[0,0]}},{"k":[37,0,0,26,0],"v":{"t":[0,0]}},{"k":[36,0,0,27,0],"v":{"t":[0,0]}},{"k":[35,0,0,28,0],"v":{"t":[0,0]}},{"k":[34,0,0,29,0],"v":{"t":[0,0]}},{"k":[33,0,0,30,0],"v":{"t":[0,0]}},{"k":[32,0,0,31,0],"v":{"t":[0,0]}},{"k":[42,0,0,21,0],"v":{"t":[0,0]}},{"k":[43,0,0,20,0],"v":{"t":[0,0]}},{"k":[44,0,0,19,0],"v":{"t":[0,0]}},{"k":[32,0,0,18,0],"v":{"t":[0,0]}},{"k":[33,0,0,17,0],"v":{"t":[0,0]}},{"k":[34,0,0,16,0],"v":{"t":[0,0]}},{"k":[32,0,0,17,0],"v":{"t":[0,0]}},{"k":[33,0,0,16,0],"v":{"t":[0,0]}},{"k":[32,0,0,20,0],"v":{"t":[0,0]}},{"k":[33,0,0,19,0],"v":{"t":[0,0]}},{"k":[34,0,0,18,0],"v":{"t":[0,0]}},{"k":[35,0,0,17,0],"v":{"t":[0,0]}},{"k":[36,0,0,16,0],"v":{"t":[0,0]}},{"k":[32,0,0,19,0],"v":{"t":[0,0]}},{"k":[33,0,0,18,0],"v":{"t":[0,0]}},{"k":[34,0,0,17,0],"v":{"t":[0,0]}},{"k":[35,0,0,16,0],"v":{"t":[0,0]}},{"k":[32,0,0,22,0],"v":{"t":[0,0]}},{"k":[33,0,0,21,0],"v":{"t":[0,0]}},{"k":[34,0,0,20,0],"v":{"t":[0,0]}},{"k":[35,0,0,19,0],"v":{"t":[0,0]}},{"k":[36,0,0,18,0],"v":{"t":[0,0]}},{"k":[37,0,0,17,0],"v":{"t":[0,0]}},{"k":[38,0,0,16,0],"v":{"t":[0,0]}},{"k":[32,0,0,21,0],"v":{"t":[0,0]}},{"k":[33,0,0,20,0],"v":{"t":[0,0]}},{"k":[34,0,0,19,0],"v":{"t":[0,0]}},{"k":[35,0,0,18,0],"v":{"t":[0,0]}},{"k":[36,0,0,17,0],"v":{"t":[0,0]}},{"k":[37,0,0,16,0],"v":{"t":[0,0]}},{"k":[34,0,0,22,0],"v":{"t":[0,0]}},{"k":[33,0,0,23,0],"v":{"t":[0,0]}},{"k":[32,0,0,24,0],"v":{"t":[0,0]}},{"k":[35,0,0,21,0],"v":{"t":[0,0]}},{"k":[36,0,0,20,0],"v":{"t":[0,0]}},{"k":[37,0,0,19,0],"v":{"t":[0,0]}},{"k":[38,0,0,18,0],"v":{"t":[0,0]}},{"k":[39,0,0,17,0],"v":{"t":[0,0]}},{"k":[40,0,0,16,0],"v":{"t":[0,0]}},{"k":[33,0,0,22,0],"v":{"t":[0,0]}},{"k":[32,0,0,23,0],"v":{"t":[0,0]}},{"k":[34,0,0,21,0],"v":{"t":[0,0]}},{"k":[35,0,0,20,0],"v":{"t":[0,0]}},{"k":[36,0,0,19,0],"v":{"t":[0,0]}},{"k":[37,0,0,18,0],"v":{"t":[0,0]}},{"k":[38,0,0,17,0],"v":{"t":[0,0]}},{"k":[39,0,0,16,0],"v":{"t":[0,0]}},{"k":[32,0,0,16,0],"v":{"t":[0,0]}}]},"moun":{"a":[],"o":[]},"objs":{"list":[]},"objs3d":{"a":[],"o":[]},"sprites":{"list":[],"overflow":[],"walls":[]}}