{"lands":{"autotiles":[{"k":[0,0,0,4,0],"v":{"id":1,"t":[1,1],"tid":584}},{"k":[1,0,0,3,0],"v":{"id":1,"t":[1,1],"tid":318}},{"k":[2,0,0,2,0],"v":{"id":1,"t":[1,1],"tid":318}},{"k":[3,0,0,1,0],"v":{"id":1,"t":[1,1],"tid":318}},{"k":[4,0,0,0,0],"v":{"id":1,"t":[1,1],"tid":471}},{"k":[0,0,0,3,0],"v":{"id":1,"t":[1,1],"tid":584}},{"k":[1,0,0,2,0],"v":{"id":1,"t":[1,1],"tid":318}},{"k":[2,0,0,1,0],"v":{"id":1,"t":[1,1],"tid":318}},{"k":[3,0,0,0,0],"v":{"id":1,"t":[1,1],"tid":471}},{"k":[0,0,0,2,0],"v":{"id":1,"t":[1,1],"tid":584}},{"k":[1,0,0,1,0],"v":{"id":1,"t":[1,1],"tid":318}},{"k":[2,0,0,0,0],"v":{"id":1,"t":[1,1],"tid":471}},{"k":[0,0,0,1,0],"v":{"id":1,"t":[1,1],"tid":584}},{"k":[1,0,0,0,0],"v":{"id":1,"t":[1,1],"tid":471}},{"k":[4,0,0,4,0],"v":{"id":1,"t":[1,1],"tid":318}},{"k":[5,0,0,3,0],"v":{"id":1,"t":[1,1],"tid":318}},{"k":[3,0,0,5,0],"v":{"id":1,"t":[1,1],"tid":324}},{"k":[6,0,0,2,0],"v":{"id":1,"t":[1,1],"tid":318}},{"k":[2,0,0,6,0],"v":{"id":1,"t":[1,1],"tid":372}},{"k":[3,0,0,4,0],"v":{"id":1,"t":[1,1],"tid":318}},{"k":[4,0,0,3,0],"v":{"id":1,"t":[1,1],"tid":318}},{"k":[5,0,0,2,0],"v":{"id":1,"t":[1,1],"tid":318}},{"k":[2,0,0,5,0],"v":{"id":1,"t":[1,1],"tid":316}},{"k":[6,0,0,1,0],"v":{"id":1,"t":[1,1],"tid":318}},{"k":[1,0,0,6,0],"v":{"id":1,"t":[1,1],"tid":318}},{"k":[2,0,0,4,0],"v":{"id":1,"t":[1,1],"tid":318}},{"k":[3,0,0,3,0],"v":{"id":1,"t":[1,1],"tid":318}},{"k":[4,0,0,2,0],"v":{"id":1,"t":[1,1],"tid":318}},{"k":[5,0,0,1,0],"v":{"id":1,"t":[1,1],"tid":318}},{"k":[1,0,0,5,0],"v":{"id":1,"t":[1,1],"tid":318}},{"k":[6,0,0,0,0],"v":{"id":1,"t":[1,1],"tid":471}},{"k":[0,0,0,6,0],"v":{"id":1,"t":[1,1],"tid":584}},{"k":[1,0,0,4,0],"v":{"id":1,"t":[1,1],"tid":318}},{"k":[2,0,0,3,0],"v":{"id":1,"t":[1,1],"tid":318}},{"k":[3,0,0,2,0],"v":{"id":1,"t":[1,1],"tid":318}},{"k":[4,0,0,1,0],"v":{"id":1,"t":[1,1],"tid":318}},{"k":[5,0,0,0,0],"v":{"id":1,"t":[1,1],"tid":471}},{"k":[0,0,0,5,0],"v":{"id":1,"t":[1,1],"tid":584}},{"k":[0,0,0,0,0],"v":{"id":1,"t":[1,1],"tid":225}},{"k":[6,0,0,6,0],"v":{"id":1,"t":[1,1],"tid":318}},{"k":[6,0,0,5,0],"v":{"id":1,"t":[1,1],"tid":318}},{"k":[5,0,0,6,0],"v":{"id":1,"t":[1,1],"tid":318}},{"k":[6,0,0,4,0],"v":{"id":1,"t":[1,1],"tid":318}},{"k":[5,0,0,5,0],"v":{"id":1,"t":[1,1],"tid":318}},{"k":[4,0,0,6,0],"v":{"id":1,"t":[1,1],"tid":570}},{"k":[5,0,0,4,0],"v":{"id":1,"t":[1,1],"tid":318}},{"k":[4,0,0,5,0],"v":{"id":1,"t":[1,1],"tid":308}},{"k":[6,0,0,3,0],"v":{"id":1,"t":[1,1],"tid":318}}],"floors":[{"k":[3,0,0,6,0],"v":{"t":[5,12]}}]},"moun":{"a":[],"o":[]},"objs":{"list":[{"k":[3,0,0,1,0],"v":{"events":[{"id":2,"name":"Hero touch","p":[],"r":{"1":{"bh":true,"c":[{"command":[2],"kind":73},{"command":[],"kind":42}]}},"sys":false}],"hId":-1,"id":9,"name":"OBJ0004","ooepf":false,"states":[{"cam":true,"climb":false,"dir":false,"gid":-1,"gk":0,"id":1,"move":true,"name":"Normal","pix":true,"pos":false,"stop":false,"sx":{"k":12,"v":1},"sy":{"k":12,"v":1},"sz":{"k":12,"v":1},"through":false,"x":0,"y":0}]}},{"k":[2,0,0,1,0],"v":{"events":[{"id":2,"name":"Hero touch","p":[],"r":{"1":{"bh":true,"c":[{"command":[2],"kind":73},{"command":[],"kind":42}]}},"sys":false}],"hId":-1,"id":7,"name":"OBJ0004","ooepf":false,"states":[{"cam":true,"climb":false,"dir":false,"gid":-1,"gk":0,"id":1,"move":true,"name":"Normal","pix":true,"pos":false,"stop":false,"sx":{"k":12,"v":1},"sy":{"k":12,"v":1},"sz":{"k":12,"v":1},"through":false,"x":0,"y":0}]}},{"k":[3,0,0,0,0],"v":{"events":[{"id":2,"name":"Hero touch","p":[],"r":{"1":{"bh":true,"c":[{"command":[2],"kind":73},{"command":[],"kind":42}]}},"sys":false}],"hId":-1,"id":10,"name":"OBJ0004","ooepf":false,"states":[{"cam":true,"climb":false,"dir":false,"gid":-1,"gk":0,"id":1,"move":true,"name":"Normal","pix":true,"pos":false,"stop":false,"sx":{"k":12,"v":1},"sy":{"k":12,"v":1},"sz":{"k":12,"v":1},"through":false,"x":0,"y":0}]}},{"k":[1,0,0,1,0],"v":{"events":[{"id":2,"name":"Hero touch","p":[],"r":{"1":{"bh":true,"c":[{"command":[2],"kind":73},{"command":[],"kind":42}]}},"sys":false}],"hId":-1,"id":6,"name":"OBJ0004","ooepf":false,"states":[{"cam":true,"climb":false,"dir":false,"gid":-1,"gk":0,"id":1,"move":true,"name":"Normal","pix":true,"pos":false,"stop":false,"sx":{"k":12,"v":1},"sy":{"k":12,"v":1},"sz":{"k":12,"v":1},"through":false,"x":0,"y":0}]}},{"k":[2,0,0,0,0],"v":{"canBeTriggeredAnotherObject":false,"events":[{"id":1,"name":"Hero action","p":[],"r":{"1":{"bh":true,"c":[{"command":[3,2,3,5,"-",1,"watch telly?","-",1,"no"],"kind":31},{"children":[{"command":[0,2,0,0],"kind":73},{"command":[2],"kind":73},{"command":[],"kind":42}],"command":[1],"kind":32},{"children":[{"command":[2],"kind":73}],"command":[2],"kind":32},{"command":[],"kind":33},{"command":[],"kind":42}]}},"sys":false}],"hId":-1,"id":8,"name":"TV","ooepf":false,"states":[{"cam":true,"climb":false,"dir":false,"gid":-1,"gk":0,"id":1,"move":false,"name":"Normal","pix":true,"pos":false,"stop":false,"sx":{"k":12,"v":1},"sy":{"k":12,"v":1},"sz":{"k":12,"v":1},"through":false,"x":0,"y":0}]}},{"k":[0,0,0,1,0],"v":{"events":[{"id":2,"name":"Hero touch","p":[],"r":{"1":{"bh":true,"c":[{"command":[2],"kind":73},{"command":[],"kind":42}]}},"sys":false}],"hId":-1,"id":5,"name":"OBJ0004","ooepf":false,"states":[{"cam":true,"climb":false,"dir":false,"gid":-1,"gk":0,"id":1,"move":true,"name":"Normal","pix":true,"pos":false,"stop":false,"sx":{"k":12,"v":1},"sy":{"k":12,"v":1},"sz":{"k":12,"v":1},"through":false,"x":0,"y":0}]}},{"k":[1,0,0,0,0],"v":{"canBeTriggeredAnotherObject":false,"events":[{"id":1,"name":"Hero action","p":[],"r":{"1":{"bh":false,"c":[{"command":[3,2,3,5,"-",1,"watch telly?","-",1,"no"],"kind":31},{"children":[{"command":[0,2,0,0],"kind":73},{"command":[],"kind":42}],"command":[1],"kind":32},{"children":[{"command":[2],"kind":73}],"command":[2],"kind":32},{"command":[],"kind":33},{"command":[],"kind":42}]}},"sys":false}],"hId":-1,"id":2,"name":"TV","ooepf":false,"states":[{"cam":true,"climb":false,"dir":false,"gid":-1,"gk":0,"id":1,"move":false,"name":"Normal","pix":true,"pos":false,"stop":false,"sx":{"k":12,"v":1},"sy":{"k":12,"v":1},"sz":{"k":12,"v":1},"through":false,"x":0,"y":0}]}},{"k":[5,0,0,2,0],"v":{"events":[{"id":1,"name":"Hero action","p":[],"r":{"1":{"bh":true,"c":[{"command":[8,"",4,0,1,1,"Hi.  How are ya?"],"kind":1},{"command":[3,2,3,5,"-",1,"really fine and fantastic!","-",1,"been better."],"kind":31},{"children":[{"command":[8,"",-1,0,0,1,"That's great.  I'm not too shabby myself."],"kind":1},{"command":[8,"",4,0,1,1,"Feel free to watch my telly.  My favorite show is on."],"kind":1}],"command":[1],"kind":32},{"children":[{"command":[8,"",-1,0,0,1,"Oh no.  What's wrong?"],"kind":1},{"command":[3,2,3,5,"-",1,"This place is freaking me out.","-",1,"Meh.  It's nothing."],"kind":31},{"children":[{"command":[8,"",-1,0,0,1,"Well.  I don't know what to tell you.  Just don't go getting involved with other people's business."],"kind":1}],"command":[1],"kind":32},{"children":[{"command":[8,"",-1,0,0,1,"Alrighty then. "],"kind":1}],"command":[2],"kind":32},{"command":[],"kind":33}],"command":[2],"kind":32},{"command":[],"kind":33},{"command":[8,"",-1,0,0,1,"Come by anytime."],"kind":1}]}},"sys":false}],"hId":1,"id":1,"name":"blueman","ooepf":false,"states":[{"cam":true,"climb":false,"dir":false,"gid":81,"gk":4,"id":1,"move":true,"name":"Normal","pix":true,"pos":false,"stop":false,"sx":{"k":12,"v":0.7},"sy":{"k":12,"v":0.7},"sz":{"k":12,"v":1},"through":false,"x":0,"y":0}]}},{"k":[3,0,0,6,0],"v":{"events":[{"id":2,"name":"Hero touch","p":[],"r":{"1":{"bh":true,"c":[{"command":[7,0,0,6,12,0,0,7,0,0,0],"kind":20}]}},"sys":false}],"hId":-1,"id":3,"name":"tent door","ooepf":false,"states":[{"cam":true,"climb":false,"dir":false,"gid":-1,"gk":0,"id":1,"move":true,"name":"Normal","pix":true,"pos":false,"stop":false,"sx":{"k":12,"v":1},"sy":{"k":12,"v":1},"sz":{"k":12,"v":1},"through":false,"x":0,"y":0}]}},{"k":[0,0,0,0,0],"v":{"events":[{"id":2,"name":"Hero touch","p":[],"r":{"1":{"bh":true,"c":[{"command":[2],"kind":73},{"command":[],"kind":42}]}},"sys":false}],"hId":-1,"id":4,"name":"OBJ0004","ooepf":false,"states":[{"cam":true,"climb":false,"dir":false,"gid":-1,"gk":0,"id":1,"move":true,"name":"Normal","pix":true,"pos":false,"stop":false,"sx":{"k":12,"v":1},"sy":{"k":12,"v":1},"sz":{"k":12,"v":1},"through":false,"x":0,"y":0}]}}]},"objs3d":{"a":[{"k":[1,0,0,0,0],"v":{"did":90}}],"o":[]},"sprites":{"list":[{"k":[4,0,0,0,0],"v":{"k":5,"t":[3,8,1,2]}},{"k":[0,0,0,5,0],"v":{"k":5,"t":[2,8,1,2]}}],"overflow":[],"walls":[{"k":[6,0,0,1,0,100,50,90],"v":{"k":1,"w":14}},{"k":[6,0,0,0,0,100,50,90],"v":{"k":2,"w":14}},{"k":[6,0,0,6,0,100,50,90],"v":{"k":0,"w":14}},{"k":[6,0,0,5,0,100,50,90],"v":{"k":1,"w":14}},{"k":[6,0,0,4,0,100,50,90],"v":{"k":1,"w":14}},{"k":[6,0,0,3,0,100,50,90],"v":{"k":1,"w":14}},{"k":[6,0,0,0,0,50,0,0],"v":{"k":2,"w":14}},{"k":[5,0,0,0,0,50,0,0],"v":{"k":1,"w":14}},{"k":[4,0,0,0,0,50,0,0],"v":{"k":1,"w":14}},{"k":[3,0,0,0,0,50,0,0],"v":{"k":1,"w":14}},{"k":[0,0,0,0,0,0,50,90],"v":{"k":2,"w":14}},{"k":[2,0,0,0,0,50,0,0],"v":{"k":1,"w":14}},{"k":[1,0,0,0,0,50,0,0],"v":{"k":1,"w":14}},{"k":[0,0,0,0,0,50,0,0],"v":{"k":0,"w":14}},{"k":[0,0,0,4,0,0,50,90],"v":{"k":1,"w":14}},{"k":[0,0,0,3,0,0,50,90],"v":{"k":1,"w":14}},{"k":[0,0,0,2,0,0,50,90],"v":{"k":1,"w":14}},{"k":[0,0,0,1,0,0,50,90],"v":{"k":1,"w":14}},{"k":[0,0,0,6,0,0,50,90],"v":{"k":0,"w":14}},{"k":[0,0,0,5,0,0,50,90],"v":{"k":1,"w":14}},{"k":[6,0,0,2,0,100,50,90],"v":{"k":1,"w":14}}]}}